{
"type": "FeatureCollection",
"name": "seattle_houses",
"crs": { "type": "name", "properties": { "name": "urn:ogc:def:crs:EPSG::32610" } },
"features": [
{ "type": "Feature", "properties": { "bathrooms": 4.5, "sqft_living": 4340, "sqft_lot": 5722, "grade": 10, "condition": 3, "waterfront": 0, "view": 4, "age": 5, "UTM_X": 544590.21757301409, "UTM_Y": 5279960.7466051821, "price": 2945.0000000000018 }, "geometry": { "type": "Point", "coordinates": [ 544590.217573014087975, 5279960.74660518206656 ] } },
{ "type": "Feature", "properties": { "bathrooms": 1.0, "sqft_living": 1770, "sqft_lot": 5522, "grade": 7, "condition": 4, "waterfront": 0, "view": 0, "age": 72, "UTM_X": 557918.7378450532, "UTM_Y": 5260727.3409509398, "price": 242.99999999999997 }, "geometry": { "type": "Point", "coordinates": [ 557918.737845053197816, 5260727.340950939804316 ] } },
{ "type": "Feature", "properties": { "bathrooms": 2.5, "sqft_living": 1760, "sqft_lot": 2688, "grade": 7, "condition": 3, "waterfront": 0, "view": 0, "age": 10, "UTM_X": 562822.7792076841, "UTM_Y": 5259988.7749028467, "price": 294.5 }, "geometry": { "type": "Point", "coordinates": [ 562822.779207684099674, 5259988.77490284666419 ] } },
{ "type": "Feature", "properties": { "bathrooms": 3.0, "sqft_living": 2390, "sqft_lot": 4000, "grade": 8, "condition": 5, "waterfront": 0, "view": 0, "age": 84, "UTM_X": 550206.64811146178, "UTM_Y": 5281584.7964258678, "price": 845.00000000000057 }, "geometry": { "type": "Point", "coordinates": [ 550206.648111461778171, 5281584.796425867825747 ] } },
{ "type": "Feature", "properties": { "bathrooms": 3.25, "sqft_living": 4350, "sqft_lot": 7090, "grade": 8, "condition": 3, "waterfront": 0, "view": 0, "age": 16, "UTM_X": 563715.43054544879, "UTM_Y": 5247149.8398493258, "price": 471.99999999999977 }, "geometry": { "type": "Point", "coordinates": [ 563715.430545448791236, 5247149.839849325828254 ] } },
{ "type": "Feature", "properties": { "bathrooms": 2.5, "sqft_living": 3370, "sqft_lot": 6550, "grade": 8, "condition": 4, "waterfront": 0, "view": 2, "age": 103, "UTM_X": 546655.04284101911, "UTM_Y": 5265828.2129437234, "price": 829.99999999999966 }, "geometry": { "type": "Point", "coordinates": [ 546655.042841019108891, 5265828.212943723425269 ] } },
{ "type": "Feature", "properties": { "bathrooms": 2.5, "sqft_living": 2230, "sqft_lot": 8296, "grade": 7, "condition": 3, "waterfront": 0, "view": 0, "age": 11, "UTM_X": 566654.43415068288, "UTM_Y": 5254284.7592548961, "price": 385.00000000000028 }, "geometry": { "type": "Point", "coordinates": [ 566654.434150682878681, 5254284.759254896081984 ] } },
{ "type": "Feature", "properties": { "bathrooms": 1.75, "sqft_living": 2480, "sqft_lot": 9195, "grade": 7, "condition": 3, "waterfront": 0, "view": 0, "age": 65, "UTM_X": 560530.36605679733, "UTM_Y": 5270379.1734531112, "price": 780.00000000000068 }, "geometry": { "type": "Point", "coordinates": [ 560530.366056797327474, 5270379.173453111201525 ] } },
{ "type": "Feature", "properties": { "bathrooms": 2.25, "sqft_living": 2230, "sqft_lot": 13100, "grade": 8, "condition": 4, "waterfront": 0, "view": 0, "age": 41, "UTM_X": 562159.90318399388, "UTM_Y": 5265650.246089885, "price": 491.5 }, "geometry": { "type": "Point", "coordinates": [ 562159.903183993883431, 5265650.246089885011315 ] } },
{ "type": "Feature", "properties": { "bathrooms": 3.0, "sqft_living": 3030, "sqft_lot": 4120, "grade": 7, "condition": 4, "waterfront": 0, "view": 0, "age": 102, "UTM_X": 551115.6122448477, "UTM_Y": 5280636.8473807629, "price": 794.5 }, "geometry": { "type": "Point", "coordinates": [ 551115.612244847696275, 5280636.847380762919784 ] } },
{ "type": "Feature", "properties": { "bathrooms": 1.0, "sqft_living": 820, "sqft_lot": 5400, "grade": 6, "condition": 3, "waterfront": 0, "view": 0, "age": 75, "UTM_X": 546893.9095687411, "UTM_Y": 5282879.7791428166, "price": 320.00000000000023 }, "geometry": { "type": "Point", "coordinates": [ 546893.909568741102703, 5282879.77914281655103 ] } },
{ "type": "Feature", "properties": { "bathrooms": 1.5, "sqft_living": 901, "sqft_lot": 1245, "grade": 7, "condition": 3, "waterfront": 0, "view": 0, "age": 14, "UTM_X": 550664.96591900103, "UTM_Y": 5280666.2486372171, "price": 434.99999999999966 }, "geometry": { "type": "Point", "coordinates": [ 550664.965919001027942, 5280666.248637217096984 ] } },
{ "type": "Feature", "properties": { "bathrooms": 1.5, "sqft_living": 2190, "sqft_lot": 8296, "grade": 7, "condition": 3, "waterfront": 0, "view": 0, "age": 80, "UTM_X": 546303.78467087576, "UTM_Y": 5262668.9545491859, "price": 565.00000000000023 }, "geometry": { "type": "Point", "coordinates": [ 546303.784670875757001, 5262668.954549185931683 ] } },
{ "type": "Feature", "properties": { "bathrooms": 1.75, "sqft_living": 1630, "sqft_lot": 15600, "grade": 7, "condition": 3, "waterfront": 0, "view": 0, "age": 57, "UTM_X": 562671.25472840911, "UTM_Y": 5281072.2207746319, "price": 521.99999999999989 }, "geometry": { "type": "Point", "coordinates": [ 562671.254728409112431, 5281072.220774631947279 ] } },
{ "type": "Feature", "properties": { "bathrooms": 2.5, "sqft_living": 1310, "sqft_lot": 2915, "grade": 8, "condition": 3, "waterfront": 0, "view": 0, "age": 16, "UTM_X": 563725.73071161122, "UTM_Y": 5260087.4525190145, "price": 329.99999999999972 }, "geometry": { "type": "Point", "coordinates": [ 563725.730711611220613, 5260087.45251901447773 ] } },
{ "type": "Feature", "properties": { "bathrooms": 3.5, "sqft_living": 2770, "sqft_lot": 3330, "grade": 8, "condition": 3, "waterfront": 0, "view": 0, "age": 14, "UTM_X": 566934.75313255924, "UTM_Y": 5275862.2093469864, "price": 747.99999999999955 }, "geometry": { "type": "Point", "coordinates": [ 566934.753132559242658, 5275862.209346986375749 ] } },
{ "type": "Feature", "properties": { "bathrooms": 1.0, "sqft_living": 630, "sqft_lot": 5150, "grade": 5, "condition": 4, "waterfront": 0, "view": 0, "age": 61, "UTM_X": 547348.88728837168, "UTM_Y": 5282294.3904648498, "price": 395.99999999999989 }, "geometry": { "type": "Point", "coordinates": [ 547348.887288371683098, 5282294.390464849770069 ] } },
{ "type": "Feature", "properties": { "bathrooms": 2.0, "sqft_living": 1700, "sqft_lot": 2350, "grade": 6, "condition": 3, "waterfront": 0, "view": 0, "age": 89, "UTM_X": 547579.27499909338, "UTM_Y": 5281651.6211300893, "price": 545.00000000000011 }, "geometry": { "type": "Point", "coordinates": [ 547579.274999093380757, 5281651.621130089275539 ] } },
{ "type": "Feature", "properties": { "bathrooms": 2.5, "sqft_living": 2700, "sqft_lot": 8444, "grade": 10, "condition": 3, "waterfront": 0, "view": 0, "age": 23, "UTM_X": 566727.01271209517, "UTM_Y": 5267745.7777414061, "price": 764.9999999999992 }, "geometry": { "type": "Point", "coordinates": [ 566727.012712095165625, 5267745.777741406112909 ] } },
{ "type": "Feature", "properties": { "bathrooms": 1.75, "sqft_living": 1910, "sqft_lot": 17003, "grade": 8, "condition": 4, "waterfront": 0, "view": 0, "age": 52, "UTM_X": 554194.65002643352, "UTM_Y": 5239807.9074605284, "price": 175.0 }, "geometry": { "type": "Point", "coordinates": [ 554194.650026433519088, 5239807.907460528425872 ] } },
{ "type": "Feature", "properties": { "bathrooms": 2.25, "sqft_living": 1970, "sqft_lot": 7125, "grade": 7, "condition": 3, "waterfront": 0, "view": 0, "age": 107, "UTM_X": 553071.81811135518, "UTM_Y": 5280143.0872225724, "price": 600.00000000000034 }, "geometry": { "type": "Point", "coordinates": [ 553071.818111355183646, 5280143.087222572416067 ] } },
{ "type": "Feature", "properties": { "bathrooms": 3.0, "sqft_living": 3570, "sqft_lot": 6250, "grade": 10, "condition": 3, "waterfront": 0, "view": 2, "age": 30, "UTM_X": 545209.63959116233, "UTM_Y": 5267839.659144273, "price": 840.00000000000068 }, "geometry": { "type": "Point", "coordinates": [ 545209.639591162325814, 5267839.659144273027778 ] } },
{ "type": "Feature", "properties": { "bathrooms": 2.5, "sqft_living": 2220, "sqft_lot": 5279, "grade": 8, "condition": 3, "waterfront": 0, "view": 0, "age": 9, "UTM_X": 546155.48364252283, "UTM_Y": 5262378.8112677587, "price": 539.99999999999955 }, "geometry": { "type": "Point", "coordinates": [ 546155.483642522827722, 5262378.811267758719623 ] } },
{ "type": "Feature", "properties": { "bathrooms": 2.25, "sqft_living": 2060, "sqft_lot": 12155, "grade": 8, "condition": 4, "waterfront": 0, "view": 0, "age": 47, "UTM_X": 566327.31738327281, "UTM_Y": 5276422.136283434, "price": 575.00000000000011 }, "geometry": { "type": "Point", "coordinates": [ 566327.317383272806183, 5276422.136283433996141 ] } },
{ "type": "Feature", "properties": { "bathrooms": 2.0, "sqft_living": 1540, "sqft_lot": 6000, "grade": 6, "condition": 4, "waterfront": 0, "view": 0, "age": 62, "UTM_X": 551956.55999061745, "UTM_Y": 5287324.3103406355, "price": 229.0000000000002 }, "geometry": { "type": "Point", "coordinates": [ 551956.559990617446601, 5287324.310340635478497 ] } },
{ "type": "Feature", "properties": { "bathrooms": 2.0, "sqft_living": 1720, "sqft_lot": 7210, "grade": 7, "condition": 3, "waterfront": 0, "view": 0, "age": 44, "UTM_X": 557061.82464068034, "UTM_Y": 5286649.7782647088, "price": 350.0 }, "geometry": { "type": "Point", "coordinates": [ 557061.824640680337325, 5286649.778264708817005 ] } },
{ "type": "Feature", "properties": { "bathrooms": 2.5, "sqft_living": 2560, "sqft_lot": 8320, "grade": 7, "condition": 3, "waterfront": 0, "view": 0, "age": 54, "UTM_X": 553491.93894671195, "UTM_Y": 5283436.9271493386, "price": 631.99999999999955 }, "geometry": { "type": "Point", "coordinates": [ 553491.93894671194721, 5283436.927149338647723 ] } },
{ "type": "Feature", "properties": { "bathrooms": 3.25, "sqft_living": 2510, "sqft_lot": 5311, "grade": 9, "condition": 3, "waterfront": 0, "view": 0, "age": 6, "UTM_X": 562506.63545176387, "UTM_Y": 5261374.737483155, "price": 450.8 }, "geometry": { "type": "Point", "coordinates": [ 562506.635451763868332, 5261374.737483154982328 ] } },
{ "type": "Feature", "properties": { "bathrooms": 1.75, "sqft_living": 2420, "sqft_lot": 8400, "grade": 7, "condition": 5, "waterfront": 0, "view": 0, "age": 51, "UTM_X": 562884.49283213634, "UTM_Y": 5261256.5230274145, "price": 350.0 }, "geometry": { "type": "Point", "coordinates": [ 562884.492832136340439, 5261256.52302741445601 ] } },
{ "type": "Feature", "properties": { "bathrooms": 2.75, "sqft_living": 3078, "sqft_lot": 6371, "grade": 9, "condition": 3, "waterfront": 0, "view": 0, "age": 1, "UTM_X": 563206.0997481338, "UTM_Y": 5245366.0146200899, "price": 459.95 }, "geometry": { "type": "Point", "coordinates": [ 563206.09974813379813, 5245366.014620089903474 ] } },
{ "type": "Feature", "properties": { "bathrooms": 2.25, "sqft_living": 1850, "sqft_lot": 9911, "grade": 7, "condition": 4, "waterfront": 0, "view": 0, "age": 58, "UTM_X": 566447.90847562824, "UTM_Y": 5272433.1645795954, "price": 485.00000000000034 }, "geometry": { "type": "Point", "coordinates": [ 566447.908475628239103, 5272433.164579595439136 ] } },
{ "type": "Feature", "properties": { "bathrooms": 2.5, "sqft_living": 2153, "sqft_lot": 4400, "grade": 8, "condition": 3, "waterfront": 0, "view": 0, "age": 8, "UTM_X": 554217.44224871194, "UTM_Y": 5237329.6749398643, "price": 259.00000000000006 }, "geometry": { "type": "Point", "coordinates": [ 554217.442248711944558, 5237329.674939864315093 ] } },
{ "type": "Feature", "properties": { "bathrooms": 2.0, "sqft_living": 1490, "sqft_lot": 1286, "grade": 8, "condition": 3, "waterfront": 0, "view": 0, "age": 1, "UTM_X": 553551.72447762312, "UTM_Y": 5268754.9087635167, "price": 429.9 }, "geometry": { "type": "Point", "coordinates": [ 553551.724477623123676, 5268754.908763516694307 ] } },
{ "type": "Feature", "properties": { "bathrooms": 2.25, "sqft_living": 2220, "sqft_lot": 8872, "grade": 8, "condition": 4, "waterfront": 0, "view": 0, "age": 54, "UTM_X": 562451.65209745965, "UTM_Y": 5266520.3162594242, "price": 494.99999999999966 }, "geometry": { "type": "Point", "coordinates": [ 562451.652097459649667, 5266520.316259424202144 ] } },
{ "type": "Feature", "properties": { "bathrooms": 2.5, "sqft_living": 2140, "sqft_lot": 10136, "grade": 8, "condition": 3, "waterfront": 0, "view": 0, "age": 57, "UTM_X": 561385.29163357255, "UTM_Y": 5267742.7626995156, "price": 550.00000000000034 }, "geometry": { "type": "Point", "coordinates": [ 561385.291633572545834, 5267742.762699515558779 ] } },
{ "type": "Feature", "properties": { "bathrooms": 0.75, "sqft_living": 770, "sqft_lot": 4600, "grade": 6, "condition": 4, "waterfront": 0, "view": 0, "age": 105, "UTM_X": 546869.82433981891, "UTM_Y": 5267196.9989205338, "price": 315.00000000000028 }, "geometry": { "type": "Point", "coordinates": [ 546869.824339818907902, 5267196.998920533806086 ] } },
{ "type": "Feature", "properties": { "bathrooms": 1.0, "sqft_living": 1610, "sqft_lot": 2982, "grade": 7, "condition": 4, "waterfront": 0, "view": 0, "age": 90, "UTM_X": 553083.26145379245, "UTM_Y": 5270640.1140595805, "price": 535.0 }, "geometry": { "type": "Point", "coordinates": [ 553083.261453792452812, 5270640.114059580489993 ] } },
{ "type": "Feature", "properties": { "bathrooms": 1.75, "sqft_living": 1890, "sqft_lot": 11141, "grade": 8, "condition": 4, "waterfront": 0, "view": 0, "age": 47, "UTM_X": 562953.6664086465, "UTM_Y": 5268815.3764991863, "price": 575.00000000000011 }, "geometry": { "type": "Point", "coordinates": [ 562953.666408646502532, 5268815.376499186269939 ] } },
{ "type": "Feature", "properties": { "bathrooms": 2.0, "sqft_living": 1760, "sqft_lot": 7147, "grade": 6, "condition": 4, "waterfront": 0, "view": 0, "age": 79, "UTM_X": 557862.6391724929, "UTM_Y": 5258781.7328822007, "price": 287.5 }, "geometry": { "type": "Point", "coordinates": [ 557862.639172492898069, 5258781.732882200740278 ] } },
{ "type": "Feature", "properties": { "bathrooms": 2.25, "sqft_living": 2350, "sqft_lot": 10664, "grade": 7, "condition": 2, "waterfront": 0, "view": 1, "age": 63, "UTM_X": 557307.66882478679, "UTM_Y": 5269268.5028259894, "price": 800.00000000000034 }, "geometry": { "type": "Point", "coordinates": [ 557307.66882478678599, 5269268.502825989387929 ] } },
{ "type": "Feature", "properties": { "bathrooms": 1.5, "sqft_living": 1800, "sqft_lot": 12196, "grade": 7, "condition": 4, "waterfront": 0, "view": 0, "age": 49, "UTM_X": 549486.42943264614, "UTM_Y": 5242378.2675333312, "price": 305.00000000000006 }, "geometry": { "type": "Point", "coordinates": [ 549486.429432646138594, 5242378.267533331178129 ] } },
{ "type": "Feature", "properties": { "bathrooms": 2.5, "sqft_living": 1690, "sqft_lot": 9626, "grade": 8, "condition": 3, "waterfront": 0, "view": 0, "age": 31, "UTM_X": 568300.28432328929, "UTM_Y": 5268319.7218580646, "price": 535.0 }, "geometry": { "type": "Point", "coordinates": [ 568300.284323289291933, 5268319.721858064644039 ] } },
{ "type": "Feature", "properties": { "bathrooms": 3.5, "sqft_living": 2130, "sqft_lot": 6150, "grade": 8, "condition": 5, "waterfront": 0, "view": 2, "age": 107, "UTM_X": 544684.3951976659, "UTM_Y": 5277471.8158067102, "price": 818.99999999999943 }, "geometry": { "type": "Point", "coordinates": [ 544684.395197665900923, 5277471.815806710161269 ] } },
{ "type": "Feature", "properties": { "bathrooms": 1.0, "sqft_living": 1790, "sqft_lot": 3760, "grade": 8, "condition": 4, "waterfront": 0, "view": 0, "age": 103, "UTM_X": 553152.77939251089, "UTM_Y": 5271263.1664276421, "price": 570.00000000000011 }, "geometry": { "type": "Point", "coordinates": [ 553152.779392510885373, 5271263.16642764210701 ] } },
{ "type": "Feature", "properties": { "bathrooms": 2.25, "sqft_living": 2100, "sqft_lot": 3671, "grade": 8, "condition": 3, "waterfront": 0, "view": 0, "age": 86, "UTM_X": 552583.088692324, "UTM_Y": 5276070.6530295871, "price": 840.00000000000068 }, "geometry": { "type": "Point", "coordinates": [ 552583.088692324003205, 5276070.653029587119818 ] } },
{ "type": "Feature", "properties": { "bathrooms": 2.0, "sqft_living": 2070, "sqft_lot": 9822, "grade": 7, "condition": 5, "waterfront": 0, "view": 0, "age": 60, "UTM_X": 564688.12052209221, "UTM_Y": 5268423.0822620587, "price": 550.00000000000034 }, "geometry": { "type": "Point", "coordinates": [ 564688.120522092212923, 5268423.082262058742344 ] } },
{ "type": "Feature", "properties": { "bathrooms": 3.0, "sqft_living": 2680, "sqft_lot": 12285, "grade": 8, "condition": 4, "waterfront": 0, "view": 0, "age": 45, "UTM_X": 560594.01446032303, "UTM_Y": 5256964.3235038258, "price": 417.4 }, "geometry": { "type": "Point", "coordinates": [ 560594.014460323029198, 5256964.323503825813532 ] } },
{ "type": "Feature", "properties": { "bathrooms": 2.5, "sqft_living": 2090, "sqft_lot": 7434, "grade": 7, "condition": 3, "waterfront": 0, "view": 0, "age": 22, "UTM_X": 549032.49016063835, "UTM_Y": 5260512.7806694368, "price": 325.00000000000006 }, "geometry": { "type": "Point", "coordinates": [ 549032.490160638350062, 5260512.780669436790049 ] } },
{ "type": "Feature", "properties": { "bathrooms": 2.5, "sqft_living": 3350, "sqft_lot": 7752, "grade": 9, "condition": 3, "waterfront": 0, "view": 0, "age": 6, "UTM_X": 567694.24366967054, "UTM_Y": 5275159.6104556266, "price": 1300.0000000000005 }, "geometry": { "type": "Point", "coordinates": [ 567694.243669670540839, 5275159.610455626621842 ] } },
{ "type": "Feature", "properties": { "bathrooms": 1.0, "sqft_living": 1120, "sqft_lot": 5329, "grade": 6, "condition": 3, "waterfront": 0, "view": 1, "age": 86, "UTM_X": 546807.41181453562, "UTM_Y": 5265596.0300709084, "price": 320.00000000000023 }, "geometry": { "type": "Point", "coordinates": [ 546807.41181453561876, 5265596.030070908367634 ] } },
{ "type": "Feature", "properties": { "bathrooms": 1.0, "sqft_living": 560, "sqft_lot": 5700, "grade": 5, "condition": 3, "waterfront": 0, "view": 0, "age": 68, "UTM_X": 548265.73735445377, "UTM_Y": 5262151.3265249701, "price": 106.00000000000004 }, "geometry": { "type": "Point", "coordinates": [ 548265.737354453769512, 5262151.326524970121682 ] } },
{ "type": "Feature", "properties": { "bathrooms": 1.0, "sqft_living": 1100, "sqft_lot": 7323, "grade": 7, "condition": 3, "waterfront": 0, "view": 0, "age": 33, "UTM_X": 547638.59942352015, "UTM_Y": 5237295.0787585499, "price": 179.95 }, "geometry": { "type": "Point", "coordinates": [ 547638.599423520150594, 5237295.078758549876511 ] } },
{ "type": "Feature", "properties": { "bathrooms": 1.75, "sqft_living": 1350, "sqft_lot": 7370, "grade": 6, "condition": 4, "waterfront": 0, "view": 0, "age": 103, "UTM_X": 554341.46906774573, "UTM_Y": 5264716.4930200055, "price": 189.99999999999994 }, "geometry": { "type": "Point", "coordinates": [ 554341.469067745725624, 5264716.493020005524158 ] } },
{ "type": "Feature", "properties": { "bathrooms": 1.75, "sqft_living": 1550, "sqft_lot": 7820, "grade": 7, "condition": 4, "waterfront": 0, "view": 0, "age": 34, "UTM_X": 562776.9314575959, "UTM_Y": 5285185.9789611874, "price": 440.00000000000045 }, "geometry": { "type": "Point", "coordinates": [ 562776.931457595899701, 5285185.978961187414825 ] } },
{ "type": "Feature", "properties": { "bathrooms": 2.5, "sqft_living": 1610, "sqft_lot": 3848, "grade": 8, "condition": 3, "waterfront": 0, "view": 0, "age": 9, "UTM_X": 561212.71917105303, "UTM_Y": 5255459.1621187888, "price": 292.00000000000006 }, "geometry": { "type": "Point", "coordinates": [ 561212.719171053031459, 5255459.162118788808584 ] } },
{ "type": "Feature", "properties": { "bathrooms": 1.0, "sqft_living": 760, "sqft_lot": 4746, "grade": 5, "condition": 3, "waterfront": 0, "view": 0, "age": 85, "UTM_X": 559214.62963067775, "UTM_Y": 5259206.4876542045, "price": 110.00000000000009 }, "geometry": { "type": "Point", "coordinates": [ 559214.629630677751265, 5259206.48765420448035 ] } },
{ "type": "Feature", "properties": { "bathrooms": 1.0, "sqft_living": 1100, "sqft_lot": 4010, "grade": 6, "condition": 5, "waterfront": 0, "view": 0, "age": 95, "UTM_X": 548850.84614225721, "UTM_Y": 5264223.4548902232, "price": 300.00000000000011 }, "geometry": { "type": "Point", "coordinates": [ 548850.846142257214524, 5264223.454890223219991 ] } },
{ "type": "Feature", "properties": { "bathrooms": 1.0, "sqft_living": 1510, "sqft_lot": 6083, "grade": 6, "condition": 4, "waterfront": 0, "view": 0, "age": 75, "UTM_X": 550721.40660908492, "UTM_Y": 5282800.7725779144, "price": 414.99999999999977 }, "geometry": { "type": "Point", "coordinates": [ 550721.40660908492282, 5282800.772577914409339 ] } },
{ "type": "Feature", "properties": { "bathrooms": 0.75, "sqft_living": 840, "sqft_lot": 7203, "grade": 6, "condition": 3, "waterfront": 0, "view": 0, "age": 66, "UTM_X": 552668.36277957726, "UTM_Y": 5258254.7982027307, "price": 224.0000000000002 }, "geometry": { "type": "Point", "coordinates": [ 552668.3627795772627, 5258254.798202730715275 ] } },
{ "type": "Feature", "properties": { "bathrooms": 2.0, "sqft_living": 1200, "sqft_lot": 9566, "grade": 7, "condition": 3, "waterfront": 0, "view": 0, "age": 20, "UTM_X": 556585.33045307768, "UTM_Y": 5234873.4742307756, "price": 222.4 }, "geometry": { "type": "Point", "coordinates": [ 556585.330453077680431, 5234873.474230775609612 ] } },
{ "type": "Feature", "properties": { "bathrooms": 2.5, "sqft_living": 1630, "sqft_lot": 7700, "grade": 7, "condition": 3, "waterfront": 0, "view": 0, "age": 37, "UTM_X": 559548.85235883261, "UTM_Y": 5248539.9152003871, "price": 249.9 }, "geometry": { "type": "Point", "coordinates": [ 559548.852358832606114, 5248539.915200387127697 ] } },
{ "type": "Feature", "properties": { "bathrooms": 2.5, "sqft_living": 3250, "sqft_lot": 13360, "grade": 9, "condition": 3, "waterfront": 0, "view": 0, "age": 1, "UTM_X": 560570.29633615201, "UTM_Y": 5244638.0702644633, "price": 486.94 }, "geometry": { "type": "Point", "coordinates": [ 560570.296336152008735, 5244638.070264463312924 ] } },
{ "type": "Feature", "properties": { "bathrooms": 3.25, "sqft_living": 2610, "sqft_lot": 3642, "grade": 8, "condition": 3, "waterfront": 0, "view": 0, "age": 10, "UTM_X": 553888.44558263361, "UTM_Y": 5264867.9028796367, "price": 440.00000000000045 }, "geometry": { "type": "Point", "coordinates": [ 553888.445582633605227, 5264867.902879636734724 ] } },
{ "type": "Feature", "properties": { "bathrooms": 1.75, "sqft_living": 2150, "sqft_lot": 8925, "grade": 7, "condition": 4, "waterfront": 0, "view": 0, "age": 55, "UTM_X": 566192.87011416047, "UTM_Y": 5275031.2087245127, "price": 437.4 }, "geometry": { "type": "Point", "coordinates": [ 566192.870114160468802, 5275031.208724512718618 ] } },
{ "type": "Feature", "properties": { "bathrooms": 2.5, "sqft_living": 2420, "sqft_lot": 8560, "grade": 7, "condition": 3, "waterfront": 0, "view": 2, "age": 37, "UTM_X": 553816.2520746442, "UTM_Y": 5264533.8014618959, "price": 351.99999999999977 }, "geometry": { "type": "Point", "coordinates": [ 553816.252074644202366, 5264533.801461895927787 ] } },
{ "type": "Feature", "properties": { "bathrooms": 2.5, "sqft_living": 1810, "sqft_lot": 6509, "grade": 7, "condition": 3, "waterfront": 0, "view": 0, "age": 21, "UTM_X": 564723.23954158311, "UTM_Y": 5244760.0985258156, "price": 269.99999999999977 }, "geometry": { "type": "Point", "coordinates": [ 564723.239541583112441, 5244760.09852581564337 ] } },
{ "type": "Feature", "properties": { "bathrooms": 2.5, "sqft_living": 2820, "sqft_lot": 5612, "grade": 9, "condition": 3, "waterfront": 0, "view": 0, "age": 8, "UTM_X": 557268.1248109322, "UTM_Y": 5288541.3709834171, "price": 584.99999999999943 }, "geometry": { "type": "Point", "coordinates": [ 557268.124810932204127, 5288541.370983417145908 ] } },
{ "type": "Feature", "properties": { "bathrooms": 2.5, "sqft_living": 1940, "sqft_lot": 10350, "grade": 7, "condition": 3, "waterfront": 0, "view": 0, "age": 36, "UTM_X": 556204.67461947375, "UTM_Y": 5243049.8597550057, "price": 295.00000000000028 }, "geometry": { "type": "Point", "coordinates": [ 556204.674619473749772, 5243049.859755005687475 ] } },
{ "type": "Feature", "properties": { "bathrooms": 2.5, "sqft_living": 2280, "sqft_lot": 3000, "grade": 7, "condition": 3, "waterfront": 0, "view": 0, "age": 104, "UTM_X": 551350.20722271164, "UTM_Y": 5279571.8987151589, "price": 700.00000000000011 }, "geometry": { "type": "Point", "coordinates": [ 551350.207222711644135, 5279571.89871515892446 ] } },
{ "type": "Feature", "properties": { "bathrooms": 2.5, "sqft_living": 2160, "sqft_lot": 8755, "grade": 7, "condition": 3, "waterfront": 0, "view": 0, "age": 22, "UTM_X": 560789.86088518472, "UTM_Y": 5245318.3152145036, "price": 312.5 }, "geometry": { "type": "Point", "coordinates": [ 560789.860885184723884, 5245318.31521450355649 ] } },
{ "type": "Feature", "properties": { "bathrooms": 2.5, "sqft_living": 3170, "sqft_lot": 8523, "grade": 9, "condition": 3, "waterfront": 0, "view": 0, "age": 7, "UTM_X": 561238.89070549479, "UTM_Y": 5281657.1767151514, "price": 820.0 }, "geometry": { "type": "Point", "coordinates": [ 561238.890705494792201, 5281657.176715151406825 ] } },
{ "type": "Feature", "properties": { "bathrooms": 1.0, "sqft_living": 1180, "sqft_lot": 4000, "grade": 8, "condition": 4, "waterfront": 0, "view": 2, "age": 105, "UTM_X": 555221.01092700614, "UTM_Y": 5267225.5232009031, "price": 712.99999999999955 }, "geometry": { "type": "Point", "coordinates": [ 555221.010927006136626, 5267225.523200903087854 ] } },
{ "type": "Feature", "properties": { "bathrooms": 1.0, "sqft_living": 790, "sqft_lot": 7128, "grade": 6, "condition": 3, "waterfront": 0, "view": 0, "age": 71, "UTM_X": 550924.05414412753, "UTM_Y": 5259539.7527542757, "price": 188.99999999999986 }, "geometry": { "type": "Point", "coordinates": [ 550924.054144127527252, 5259539.752754275687039 ] } },
{ "type": "Feature", "properties": { "bathrooms": 1.0, "sqft_living": 940, "sqft_lot": 10500, "grade": 7, "condition": 4, "waterfront": 0, "view": 0, "age": 49, "UTM_X": 557815.96352218802, "UTM_Y": 5286223.7522457754, "price": 342.5 }, "geometry": { "type": "Point", "coordinates": [ 557815.963522188016213, 5286223.752245775423944 ] } },
{ "type": "Feature", "properties": { "bathrooms": 2.5, "sqft_living": 1914, "sqft_lot": 3272, "grade": 8, "condition": 3, "waterfront": 0, "view": 0, "age": 6, "UTM_X": 561160.50926987221, "UTM_Y": 5253235.6953030098, "price": 300.00000000000011 }, "geometry": { "type": "Point", "coordinates": [ 561160.509269872214645, 5253235.695303009822965 ] } },
{ "type": "Feature", "properties": { "bathrooms": 2.5, "sqft_living": 3520, "sqft_lot": 6773, "grade": 9, "condition": 3, "waterfront": 0, "view": 0, "age": 9, "UTM_X": 545838.18842622277, "UTM_Y": 5264432.458926945, "price": 869.99999999999943 }, "geometry": { "type": "Point", "coordinates": [ 545838.188426222768612, 5264432.458926944993436 ] } },
{ "type": "Feature", "properties": { "bathrooms": 1.75, "sqft_living": 2150, "sqft_lot": 9148, "grade": 7, "condition": 4, "waterfront": 0, "view": 0, "age": 60, "UTM_X": 560381.36089955328, "UTM_Y": 5270244.2512800116, "price": 800.00000000000034 }, "geometry": { "type": "Point", "coordinates": [ 560381.36089955328498, 5270244.251280011609197 ] } },
{ "type": "Feature", "properties": { "bathrooms": 1.0, "sqft_living": 690, "sqft_lot": 5200, "grade": 6, "condition": 3, "waterfront": 0, "view": 0, "age": 97, "UTM_X": 545516.07750112936, "UTM_Y": 5267130.721270984, "price": 340.00000000000017 }, "geometry": { "type": "Point", "coordinates": [ 545516.077501129359007, 5267130.721270984038711 ] } },
{ "type": "Feature", "properties": { "bathrooms": 2.5, "sqft_living": 3135, "sqft_lot": 5811, "grade": 9, "condition": 3, "waterfront": 0, "view": 0, "age": 10, "UTM_X": 561960.25103460567, "UTM_Y": 5241751.6773372125, "price": 374.5 }, "geometry": { "type": "Point", "coordinates": [ 561960.251034605666064, 5241751.677337212488055 ] } },
{ "type": "Feature", "properties": { "bathrooms": 1.0, "sqft_living": 990, "sqft_lot": 6750, "grade": 6, "condition": 4, "waterfront": 0, "view": 0, "age": 68, "UTM_X": 550180.92433853762, "UTM_Y": 5284563.3294041976, "price": 325.00000000000006 }, "geometry": { "type": "Point", "coordinates": [ 550180.924338537617587, 5284563.329404197633266 ] } },
{ "type": "Feature", "properties": { "bathrooms": 2.5, "sqft_living": 2520, "sqft_lot": 2600, "grade": 8, "condition": 5, "waterfront": 0, "view": 0, "age": 90, "UTM_X": 548219.31979122828, "UTM_Y": 5276866.4873485118, "price": 1125.0000000000005 }, "geometry": { "type": "Point", "coordinates": [ 548219.319791228277609, 5276866.487348511815071 ] } },
{ "type": "Feature", "properties": { "bathrooms": 4.25, "sqft_living": 3720, "sqft_lot": 5750, "grade": 9, "condition": 3, "waterfront": 0, "view": 2, "age": 9, "UTM_X": 545208.95128396817, "UTM_Y": 5267928.568585516, "price": 1050.0000000000005 }, "geometry": { "type": "Point", "coordinates": [ 545208.951283968170173, 5267928.5685855159536 ] } },
{ "type": "Feature", "properties": { "bathrooms": 2.5, "sqft_living": 1540, "sqft_lot": 1614, "grade": 8, "condition": 3, "waterfront": 0, "view": 0, "age": 7, "UTM_X": 549446.34628170927, "UTM_Y": 5282734.2120857034, "price": 413.45 }, "geometry": { "type": "Point", "coordinates": [ 549446.346281709265895, 5282734.212085703387856 ] } },
{ "type": "Feature", "properties": { "bathrooms": 2.5, "sqft_living": 1810, "sqft_lot": 914, "grade": 8, "condition": 3, "waterfront": 0, "view": 0, "age": 7, "UTM_X": 546102.84644500213, "UTM_Y": 5269046.9954210464, "price": 450.00000000000028 }, "geometry": { "type": "Point", "coordinates": [ 546102.846445002127439, 5269046.995421046391129 ] } },
{ "type": "Feature", "properties": { "bathrooms": 2.5, "sqft_living": 1920, "sqft_lot": 5322, "grade": 8, "condition": 3, "waterfront": 0, "view": 0, "age": 16, "UTM_X": 560731.25536299497, "UTM_Y": 5250986.0961938342, "price": 323.99999999999994 }, "geometry": { "type": "Point", "coordinates": [ 560731.255362994968891, 5250986.096193834207952 ] } },
{ "type": "Feature", "properties": { "bathrooms": 3.5, "sqft_living": 3100, "sqft_lot": 15842, "grade": 8, "condition": 3, "waterfront": 0, "view": 0, "age": 19, "UTM_X": 556819.57485102967, "UTM_Y": 5288414.6951636048, "price": 589.99999999999943 }, "geometry": { "type": "Point", "coordinates": [ 556819.574851029668935, 5288414.695163604803383 ] } },
{ "type": "Feature", "properties": { "bathrooms": 1.75, "sqft_living": 1420, "sqft_lot": 5170, "grade": 7, "condition": 4, "waterfront": 0, "view": 0, "age": 52, "UTM_X": 564251.90165321552, "UTM_Y": 5273875.743530754, "price": 460.99999999999983 }, "geometry": { "type": "Point", "coordinates": [ 564251.901653215521947, 5273875.743530753999949 ] } },
{ "type": "Feature", "properties": { "bathrooms": 1.75, "sqft_living": 1650, "sqft_lot": 10250, "grade": 8, "condition": 5, "waterfront": 0, "view": 0, "age": 52, "UTM_X": 562452.28018874163, "UTM_Y": 5273489.3888308471, "price": 710.00000000000023 }, "geometry": { "type": "Point", "coordinates": [ 562452.280188741628081, 5273489.388830847106874 ] } },
{ "type": "Feature", "properties": { "bathrooms": 2.5, "sqft_living": 1960, "sqft_lot": 3480, "grade": 7, "condition": 3, "waterfront": 0, "view": 0, "age": 11, "UTM_X": 561780.04827900499, "UTM_Y": 5258855.0912715439, "price": 289.95 }, "geometry": { "type": "Point", "coordinates": [ 561780.048279004986398, 5258855.091271543875337 ] } },
{ "type": "Feature", "properties": { "bathrooms": 2.75, "sqft_living": 2360, "sqft_lot": 7716, "grade": 7, "condition": 3, "waterfront": 0, "view": 0, "age": 37, "UTM_X": 558262.21001958847, "UTM_Y": 5286595.0106078712, "price": 404.99999999999972 }, "geometry": { "type": "Point", "coordinates": [ 558262.210019588470459, 5286595.010607871226966 ] } },
{ "type": "Feature", "properties": { "bathrooms": 2.25, "sqft_living": 2470, "sqft_lot": 7350, "grade": 7, "condition": 3, "waterfront": 0, "view": 0, "age": 37, "UTM_X": 565431.27301318001, "UTM_Y": 5282614.2946580593, "price": 618.0 }, "geometry": { "type": "Point", "coordinates": [ 565431.273013180005364, 5282614.294658059254289 ] } },
{ "type": "Feature", "properties": { "bathrooms": 2.5, "sqft_living": 1860, "sqft_lot": 1290, "grade": 9, "condition": 3, "waterfront": 0, "view": 0, "age": 5, "UTM_X": 552526.00138000923, "UTM_Y": 5274069.4942375068, "price": 730.0 }, "geometry": { "type": "Point", "coordinates": [ 552526.001380009227432, 5274069.494237506762147 ] } },
{ "type": "Feature", "properties": { "bathrooms": 3.5, "sqft_living": 4870, "sqft_lot": 7700, "grade": 10, "condition": 5, "waterfront": 0, "view": 3, "age": 86, "UTM_X": 553387.87897309102, "UTM_Y": 5270220.5373592656, "price": 1735.0000000000009 }, "geometry": { "type": "Point", "coordinates": [ 553387.87897309102118, 5270220.537359265610576 ] } },
{ "type": "Feature", "properties": { "bathrooms": 1.5, "sqft_living": 2170, "sqft_lot": 9948, "grade": 7, "condition": 3, "waterfront": 0, "view": 0, "age": 63, "UTM_X": 550455.05821373546, "UTM_Y": 5252755.9773937808, "price": 195.00000000000011 }, "geometry": { "type": "Point", "coordinates": [ 550455.05821373546496, 5252755.977393780834973 ] } },
{ "type": "Feature", "properties": { "bathrooms": 1.0, "sqft_living": 1410, "sqft_lot": 7000, "grade": 7, "condition": 3, "waterfront": 0, "view": 0, "age": 52, "UTM_X": 553823.96030668367, "UTM_Y": 5247273.2293220945, "price": 225.00000000000011 }, "geometry": { "type": "Point", "coordinates": [ 553823.960306683671661, 5247273.229322094470263 ] } },
{ "type": "Feature", "properties": { "bathrooms": 3.75, "sqft_living": 3760, "sqft_lot": 4702, "grade": 9, "condition": 3, "waterfront": 0, "view": 0, "age": 1, "UTM_X": 558273.25124988996, "UTM_Y": 5285494.7291353159, "price": 799.95 }, "geometry": { "type": "Point", "coordinates": [ 558273.251249889959581, 5285494.729135315865278 ] } },
{ "type": "Feature", "properties": { "bathrooms": 2.5, "sqft_living": 2480, "sqft_lot": 4950, "grade": 7, "condition": 3, "waterfront": 0, "view": 0, "age": 11, "UTM_X": 566654.05524010351, "UTM_Y": 5254318.0993999308, "price": 374.9 }, "geometry": { "type": "Point", "coordinates": [ 566654.055240103509277, 5254318.099399930797517 ] } },
{ "type": "Feature", "properties": { "bathrooms": 1.5, "sqft_living": 1920, "sqft_lot": 6000, "grade": 7, "condition": 3, "waterfront": 0, "view": 1, "age": 64, "UTM_X": 551231.93318755436, "UTM_Y": 5250161.9799111774, "price": 405.99999999999972 }, "geometry": { "type": "Point", "coordinates": [ 551231.933187554357573, 5250161.979911177419126 ] } },
{ "type": "Feature", "properties": { "bathrooms": 1.75, "sqft_living": 2100, "sqft_lot": 7960, "grade": 8, "condition": 3, "waterfront": 0, "view": 0, "age": 60, "UTM_X": 560502.80760967638, "UTM_Y": 5273035.3479187666, "price": 735.00000000000045 }, "geometry": { "type": "Point", "coordinates": [ 560502.807609676383436, 5273035.34791876655072 ] } },
{ "type": "Feature", "properties": { "bathrooms": 2.0, "sqft_living": 1360, "sqft_lot": 1860, "grade": 7, "condition": 4, "waterfront": 0, "view": 0, "age": 90, "UTM_X": 545339.85266342899, "UTM_Y": 5280099.9154531481, "price": 536.5 }, "geometry": { "type": "Point", "coordinates": [ 545339.852663428988308, 5280099.915453148074448 ] } },
{ "type": "Feature", "properties": { "bathrooms": 2.5, "sqft_living": 1520, "sqft_lot": 2208, "grade": 8, "condition": 3, "waterfront": 0, "view": 0, "age": 8, "UTM_X": 547018.94258647168, "UTM_Y": 5276689.9530845424, "price": 499.95 }, "geometry": { "type": "Point", "coordinates": [ 547018.942586471675895, 5276689.953084542416036 ] } },
{ "type": "Feature", "properties": { "bathrooms": 3.0, "sqft_living": 3230, "sqft_lot": 5167, "grade": 8, "condition": 4, "waterfront": 0, "view": 0, "age": 106, "UTM_X": 549512.66639946762, "UTM_Y": 5283757.3327846183, "price": 729.953 }, "geometry": { "type": "Point", "coordinates": [ 549512.666399467620067, 5283757.332784618251026 ] } },
{ "type": "Feature", "properties": { "bathrooms": 2.5, "sqft_living": 2070, "sqft_lot": 3599, "grade": 8, "condition": 3, "waterfront": 0, "view": 0, "age": 16, "UTM_X": 562685.74510627857, "UTM_Y": 5279727.4459054675, "price": 575.00000000000011 }, "geometry": { "type": "Point", "coordinates": [ 562685.745106278569438, 5279727.445905467495322 ] } },
{ "type": "Feature", "properties": { "bathrooms": 2.75, "sqft_living": 1820, "sqft_lot": 5400, "grade": 7, "condition": 4, "waterfront": 0, "view": 0, "age": 27, "UTM_X": 559850.8136273867, "UTM_Y": 5263303.1599432742, "price": 429.99999999999966 }, "geometry": { "type": "Point", "coordinates": [ 559850.813627386698499, 5263303.159943274222314 ] } },
{ "type": "Feature", "properties": { "bathrooms": 1.75, "sqft_living": 1840, "sqft_lot": 5664, "grade": 7, "condition": 3, "waterfront": 0, "view": 0, "age": 67, "UTM_X": 553804.58223479893, "UTM_Y": 5282083.7998881973, "price": 624.99999999999966 }, "geometry": { "type": "Point", "coordinates": [ 553804.582234798930585, 5282083.799888197332621 ] } },
{ "type": "Feature", "properties": { "bathrooms": 1.0, "sqft_living": 1600, "sqft_lot": 5001, "grade": 6, "condition": 5, "waterfront": 0, "view": 0, "age": 85, "UTM_X": 553320.36321676418, "UTM_Y": 5285780.5905035976, "price": 355.00000000000011 }, "geometry": { "type": "Point", "coordinates": [ 553320.363216764177196, 5285780.590503597632051 ] } },
{ "type": "Feature", "properties": { "bathrooms": 2.25, "sqft_living": 2460, "sqft_lot": 7620, "grade": 7, "condition": 3, "waterfront": 0, "view": 0, "age": 46, "UTM_X": 549303.5010412602, "UTM_Y": 5264104.9962626733, "price": 325.00000000000006 }, "geometry": { "type": "Point", "coordinates": [ 549303.50104126019869, 5264104.996262673288584 ] } },
{ "type": "Feature", "properties": { "bathrooms": 1.5, "sqft_living": 1700, "sqft_lot": 8247, "grade": 7, "condition": 3, "waterfront": 0, "view": 0, "age": 45, "UTM_X": 562301.26550445193, "UTM_Y": 5252347.4139104802, "price": 249.0 }, "geometry": { "type": "Point", "coordinates": [ 562301.265504451934248, 5252347.413910480216146 ] } },
{ "type": "Feature", "properties": { "bathrooms": 1.0, "sqft_living": 2280, "sqft_lot": 4600, "grade": 8, "condition": 3, "waterfront": 0, "view": 2, "age": 79, "UTM_X": 547172.85294535034, "UTM_Y": 5276235.5011199703, "price": 850.00000000000023 }, "geometry": { "type": "Point", "coordinates": [ 547172.852945350343361, 5276235.501119970344007 ] } },
{ "type": "Feature", "properties": { "bathrooms": 2.5, "sqft_living": 2600, "sqft_lot": 17388, "grade": 9, "condition": 3, "waterfront": 0, "view": 0, "age": 19, "UTM_X": 564282.89197415556, "UTM_Y": 5264228.2741806246, "price": 664.99999999999989 }, "geometry": { "type": "Point", "coordinates": [ 564282.891974155558273, 5264228.274180624634027 ] } },
{ "type": "Feature", "properties": { "bathrooms": 1.25, "sqft_living": 2400, "sqft_lot": 6653, "grade": 11, "condition": 3, "waterfront": 0, "view": 2, "age": 23, "UTM_X": 553368.86242875399, "UTM_Y": 5272298.8022333225, "price": 1388.0000000000014 }, "geometry": { "type": "Point", "coordinates": [ 553368.862428753986023, 5272298.802233322523534 ] } },
{ "type": "Feature", "properties": { "bathrooms": 2.0, "sqft_living": 2190, "sqft_lot": 8402, "grade": 6, "condition": 4, "waterfront": 0, "view": 0, "age": 87, "UTM_X": 561903.6637603339, "UTM_Y": 5282664.5782714915, "price": 539.99999999999955 }, "geometry": { "type": "Point", "coordinates": [ 561903.663760333904065, 5282664.578271491453052 ] } },
{ "type": "Feature", "properties": { "bathrooms": 3.5, "sqft_living": 3480, "sqft_lot": 7232, "grade": 9, "condition": 3, "waterfront": 0, "view": 0, "age": 89, "UTM_X": 553309.94363477104, "UTM_Y": 5270519.9198283991, "price": 1504.9999999999991 }, "geometry": { "type": "Point", "coordinates": [ 553309.943634771043435, 5270519.919828399084508 ] } },
{ "type": "Feature", "properties": { "bathrooms": 2.0, "sqft_living": 1520, "sqft_lot": 1020, "grade": 7, "condition": 3, "waterfront": 0, "view": 0, "age": 16, "UTM_X": 549265.07446542871, "UTM_Y": 5286411.6573938746, "price": 307.3 }, "geometry": { "type": "Point", "coordinates": [ 549265.074465428711846, 5286411.65739387460053 ] } },
{ "type": "Feature", "properties": { "bathrooms": 2.25, "sqft_living": 1740, "sqft_lot": 10875, "grade": 8, "condition": 3, "waterfront": 0, "view": 0, "age": 48, "UTM_X": 563473.10871900641, "UTM_Y": 5262541.0832838323, "price": 429.95 }, "geometry": { "type": "Point", "coordinates": [ 563473.108719006413594, 5262541.083283832296729 ] } },
{ "type": "Feature", "properties": { "bathrooms": 1.0, "sqft_living": 1130, "sqft_lot": 5413, "grade": 7, "condition": 3, "waterfront": 0, "view": 0, "age": 76, "UTM_X": 551396.19726467668, "UTM_Y": 5282862.2742086072, "price": 442.99999999999994 }, "geometry": { "type": "Point", "coordinates": [ 551396.197264676680788, 5282862.274208607152104 ] } },
{ "type": "Feature", "properties": { "bathrooms": 2.5, "sqft_living": 1770, "sqft_lot": 6033, "grade": 7, "condition": 4, "waterfront": 0, "view": 0, "age": 28, "UTM_X": 566506.48731382424, "UTM_Y": 5247369.7059461782, "price": 296.5 }, "geometry": { "type": "Point", "coordinates": [ 566506.487313824240118, 5247369.705946178175509 ] } },
{ "type": "Feature", "properties": { "bathrooms": 3.25, "sqft_living": 4580, "sqft_lot": 4838, "grade": 11, "condition": 4, "waterfront": 0, "view": 3, "age": 24, "UTM_X": 548531.6948468996, "UTM_Y": 5275435.3007585835, "price": 2900.0000000000027 }, "geometry": { "type": "Point", "coordinates": [ 548531.694846899597906, 5275435.300758583471179 ] } },
{ "type": "Feature", "properties": { "bathrooms": 1.75, "sqft_living": 1550, "sqft_lot": 5225, "grade": 7, "condition": 4, "waterfront": 0, "view": 0, "age": 74, "UTM_X": 552213.79097480234, "UTM_Y": 5266964.4617938632, "price": 359.99999999999966 }, "geometry": { "type": "Point", "coordinates": [ 552213.790974802337587, 5266964.461793863214552 ] } },
{ "type": "Feature", "properties": { "bathrooms": 1.75, "sqft_living": 1570, "sqft_lot": 5120, "grade": 7, "condition": 3, "waterfront": 0, "view": 2, "age": 68, "UTM_X": 547626.89698138786, "UTM_Y": 5284997.5318557005, "price": 440.00000000000045 }, "geometry": { "type": "Point", "coordinates": [ 547626.896981387864798, 5284997.531855700537562 ] } },
{ "type": "Feature", "properties": { "bathrooms": 2.5, "sqft_living": 1360, "sqft_lot": 5754, "grade": 7, "condition": 3, "waterfront": 0, "view": 0, "age": 21, "UTM_X": 561689.04521289014, "UTM_Y": 5245994.5462211184, "price": 239.00000000000014 }, "geometry": { "type": "Point", "coordinates": [ 561689.045212890137918, 5245994.546221118420362 ] } },
{ "type": "Feature", "properties": { "bathrooms": 3.25, "sqft_living": 4040, "sqft_lot": 18916, "grade": 9, "condition": 4, "waterfront": 0, "view": 0, "age": 61, "UTM_X": 557262.70086246252, "UTM_Y": 5273847.3508755695, "price": 2271.15 }, "geometry": { "type": "Point", "coordinates": [ 557262.700862462515943, 5273847.35087556950748 ] } },
{ "type": "Feature", "properties": { "bathrooms": 1.0, "sqft_living": 710, "sqft_lot": 6000, "grade": 6, "condition": 3, "waterfront": 0, "view": 0, "age": 0, "UTM_X": 551440.28230501153, "UTM_Y": 5269358.3376309089, "price": 385.195 }, "geometry": { "type": "Point", "coordinates": [ 551440.28230501152575, 5269358.337630908936262 ] } },
{ "type": "Feature", "properties": { "bathrooms": 2.5, "sqft_living": 1740, "sqft_lot": 2350, "grade": 8, "condition": 3, "waterfront": 0, "view": 0, "age": 20, "UTM_X": 552823.75746754417, "UTM_Y": 5274383.3963280143, "price": 584.99999999999943 }, "geometry": { "type": "Point", "coordinates": [ 552823.757467544171959, 5274383.396328014321625 ] } },
{ "type": "Feature", "properties": { "bathrooms": 2.5, "sqft_living": 2000, "sqft_lot": 4700, "grade": 7, "condition": 4, "waterfront": 0, "view": 0, "age": 71, "UTM_X": 547425.82880464091, "UTM_Y": 5282061.6097723683, "price": 530.00000000000011 }, "geometry": { "type": "Point", "coordinates": [ 547425.828804640914313, 5282061.609772368334234 ] } },
{ "type": "Feature", "properties": { "bathrooms": 1.0, "sqft_living": 1260, "sqft_lot": 6000, "grade": 6, "condition": 4, "waterfront": 0, "view": 0, "age": 61, "UTM_X": 551065.75404283963, "UTM_Y": 5251916.5784037607, "price": 247.99999999999983 }, "geometry": { "type": "Point", "coordinates": [ 551065.754042839631438, 5251916.578403760679066 ] } },
{ "type": "Feature", "properties": { "bathrooms": 1.0, "sqft_living": 1140, "sqft_lot": 8400, "grade": 7, "condition": 4, "waterfront": 0, "view": 0, "age": 55, "UTM_X": 564465.39687996788, "UTM_Y": 5261329.2989119859, "price": 294.57 }, "geometry": { "type": "Point", "coordinates": [ 564465.396879967884161, 5261329.298911985941231 ] } },
{ "type": "Feature", "properties": { "bathrooms": 2.5, "sqft_living": 2260, "sqft_lot": 5702, "grade": 8, "condition": 3, "waterfront": 0, "view": 0, "age": 13, "UTM_X": 564124.26742898719, "UTM_Y": 5244275.6133602252, "price": 325.00000000000006 }, "geometry": { "type": "Point", "coordinates": [ 564124.267428987193853, 5244275.613360225223005 ] } },
{ "type": "Feature", "properties": { "bathrooms": 2.5, "sqft_living": 2716, "sqft_lot": 7850, "grade": 9, "condition": 3, "waterfront": 0, "view": 0, "age": 1, "UTM_X": 560646.27827013354, "UTM_Y": 5244594.3954243502, "price": 452.00000000000034 }, "geometry": { "type": "Point", "coordinates": [ 560646.278270133538172, 5244594.395424350164831 ] } },
{ "type": "Feature", "properties": { "bathrooms": 5.0, "sqft_living": 4490, "sqft_lot": 10279, "grade": 10, "condition": 3, "waterfront": 0, "view": 0, "age": 2, "UTM_X": 559988.70257041592, "UTM_Y": 5271862.9720256189, "price": 1800.0000000000016 }, "geometry": { "type": "Point", "coordinates": [ 559988.702570415916853, 5271862.972025618888438 ] } },
{ "type": "Feature", "properties": { "bathrooms": 3.0, "sqft_living": 3670, "sqft_lot": 9600, "grade": 8, "condition": 3, "waterfront": 0, "view": 1, "age": 60, "UTM_X": 551450.8590891785, "UTM_Y": 5268158.0603561141, "price": 604.99999999999955 }, "geometry": { "type": "Point", "coordinates": [ 551450.859089178498834, 5268158.060356114059687 ] } },
{ "type": "Feature", "properties": { "bathrooms": 2.5, "sqft_living": 1785, "sqft_lot": 779, "grade": 7, "condition": 3, "waterfront": 0, "view": 0, "age": 40, "UTM_X": 560291.11925641377, "UTM_Y": 5271699.3669431768, "price": 530.00000000000011 }, "geometry": { "type": "Point", "coordinates": [ 560291.119256413774565, 5271699.366943176835775 ] } },
{ "type": "Feature", "properties": { "bathrooms": 1.5, "sqft_living": 1340, "sqft_lot": 3600, "grade": 7, "condition": 3, "waterfront": 0, "view": 0, "age": 112, "UTM_X": 547775.60194464296, "UTM_Y": 5276018.1227989634, "price": 525.00000000000011 }, "geometry": { "type": "Point", "coordinates": [ 547775.601944642956369, 5276018.122798963449895 ] } },
{ "type": "Feature", "properties": { "bathrooms": 1.0, "sqft_living": 1370, "sqft_lot": 5922, "grade": 8, "condition": 3, "waterfront": 0, "view": 2, "age": 74, "UTM_X": 544610.82837781869, "UTM_Y": 5277271.1906820359, "price": 703.011 }, "geometry": { "type": "Point", "coordinates": [ 544610.82837781868875, 5277271.19068203587085 ] } },
{ "type": "Feature", "properties": { "bathrooms": 2.5, "sqft_living": 2720, "sqft_lot": 10455, "grade": 10, "condition": 3, "waterfront": 0, "view": 2, "age": 34, "UTM_X": 563345.76366132218, "UTM_Y": 5267341.3311699489, "price": 975.00000000000045 }, "geometry": { "type": "Point", "coordinates": [ 563345.763661322183907, 5267341.331169948913157 ] } },
{ "type": "Feature", "properties": { "bathrooms": 1.5, "sqft_living": 1540, "sqft_lot": 11858, "grade": 7, "condition": 4, "waterfront": 0, "view": 0, "age": 49, "UTM_X": 563518.55728207366, "UTM_Y": 5258351.2946633548, "price": 357.5 }, "geometry": { "type": "Point", "coordinates": [ 563518.557282073656097, 5258351.294663354754448 ] } },
{ "type": "Feature", "properties": { "bathrooms": 2.25, "sqft_living": 2800, "sqft_lot": 8442, "grade": 9, "condition": 3, "waterfront": 1, "view": 4, "age": 52, "UTM_X": 569485.6789253481, "UTM_Y": 5269856.4900473179, "price": 1849.9999999999998 }, "geometry": { "type": "Point", "coordinates": [ 569485.678925348096527, 5269856.490047317929566 ] } },
{ "type": "Feature", "properties": { "bathrooms": 3.0, "sqft_living": 3510, "sqft_lot": 5760, "grade": 10, "condition": 4, "waterfront": 0, "view": 0, "age": 109, "UTM_X": 551691.13412406412, "UTM_Y": 5274995.660900753, "price": 1750.0 }, "geometry": { "type": "Point", "coordinates": [ 551691.134124064119533, 5274995.660900752991438 ] } },
{ "type": "Feature", "properties": { "bathrooms": 3.25, "sqft_living": 1600, "sqft_lot": 1298, "grade": 8, "condition": 3, "waterfront": 0, "view": 0, "age": 16, "UTM_X": 546895.8822465362, "UTM_Y": 5282635.2726176176, "price": 350.0 }, "geometry": { "type": "Point", "coordinates": [ 546895.882246536202729, 5282635.272617617622018 ] } },
{ "type": "Feature", "properties": { "bathrooms": 2.25, "sqft_living": 1700, "sqft_lot": 7056, "grade": 7, "condition": 3, "waterfront": 0, "view": 0, "age": 16, "UTM_X": 555751.41313224786, "UTM_Y": 5243045.5487880651, "price": 269.5 }, "geometry": { "type": "Point", "coordinates": [ 555751.413132247864269, 5243045.548788065090775 ] } },
{ "type": "Feature", "properties": { "bathrooms": 2.25, "sqft_living": 3510, "sqft_lot": 13843, "grade": 8, "condition": 3, "waterfront": 0, "view": 2, "age": 56, "UTM_X": 556698.02680601238, "UTM_Y": 5270085.0392671125, "price": 1369.9999999999998 }, "geometry": { "type": "Point", "coordinates": [ 556698.026806012378074, 5270085.039267112500966 ] } },
{ "type": "Feature", "properties": { "bathrooms": 1.5, "sqft_living": 1740, "sqft_lot": 9046, "grade": 7, "condition": 3, "waterfront": 0, "view": 0, "age": 59, "UTM_X": 555851.94766094023, "UTM_Y": 5287693.9383520819, "price": 414.99999999999977 }, "geometry": { "type": "Point", "coordinates": [ 555851.947660940233618, 5287693.938352081924677 ] } },
{ "type": "Feature", "properties": { "bathrooms": 1.75, "sqft_living": 1760, "sqft_lot": 4125, "grade": 7, "condition": 4, "waterfront": 0, "view": 3, "age": 88, "UTM_X": 548640.79174998088, "UTM_Y": 5280359.987290578, "price": 688.5 }, "geometry": { "type": "Point", "coordinates": [ 548640.791749980882742, 5280359.987290577962995 ] } },
{ "type": "Feature", "properties": { "bathrooms": 1.75, "sqft_living": 2080, "sqft_lot": 4800, "grade": 7, "condition": 5, "waterfront": 0, "view": 0, "age": 92, "UTM_X": 547876.62143908208, "UTM_Y": 5281998.6165855685, "price": 740.00000000000011 }, "geometry": { "type": "Point", "coordinates": [ 547876.621439082082361, 5281998.616585568524897 ] } },
{ "type": "Feature", "properties": { "bathrooms": 1.5, "sqft_living": 1480, "sqft_lot": 10588, "grade": 7, "condition": 3, "waterfront": 0, "view": 0, "age": 58, "UTM_X": 559586.22918445058, "UTM_Y": 5237381.4871948138, "price": 224.0000000000002 }, "geometry": { "type": "Point", "coordinates": [ 559586.22918445058167, 5237381.487194813787937 ] } },
{ "type": "Feature", "properties": { "bathrooms": 1.0, "sqft_living": 740, "sqft_lot": 4275, "grade": 6, "condition": 5, "waterfront": 0, "view": 0, "age": 91, "UTM_X": 551930.44545535767, "UTM_Y": 5281855.5762916077, "price": 392.8 }, "geometry": { "type": "Point", "coordinates": [ 551930.445455357665196, 5281855.576291607692838 ] } },
{ "type": "Feature", "properties": { "bathrooms": 2.5, "sqft_living": 2250, "sqft_lot": 10400, "grade": 8, "condition": 3, "waterfront": 0, "view": 0, "age": 42, "UTM_X": 564906.07528998249, "UTM_Y": 5255543.3472190229, "price": 370.0 }, "geometry": { "type": "Point", "coordinates": [ 564906.075289982487448, 5255543.347219022922218 ] } },
{ "type": "Feature", "properties": { "bathrooms": 2.5, "sqft_living": 3180, "sqft_lot": 7904, "grade": 8, "condition": 3, "waterfront": 0, "view": 0, "age": 9, "UTM_X": 561694.40219843725, "UTM_Y": 5259832.2836443717, "price": 439.0000000000004 }, "geometry": { "type": "Point", "coordinates": [ 561694.402198437252082, 5259832.283644371666014 ] } },
{ "type": "Feature", "properties": { "bathrooms": 1.0, "sqft_living": 1100, "sqft_lot": 9750, "grade": 7, "condition": 4, "waterfront": 0, "view": 0, "age": 49, "UTM_X": 549494.08946068399, "UTM_Y": 5241466.9834596878, "price": 192.5 }, "geometry": { "type": "Point", "coordinates": [ 549494.089460683986545, 5241466.983459687791765 ] } },
{ "type": "Feature", "properties": { "bathrooms": 1.5, "sqft_living": 1370, "sqft_lot": 4790, "grade": 7, "condition": 4, "waterfront": 0, "view": 0, "age": 33, "UTM_X": 562691.97051770671, "UTM_Y": 5286107.6251058448, "price": 355.00000000000011 }, "geometry": { "type": "Point", "coordinates": [ 562691.970517706708051, 5286107.625105844810605 ] } },
{ "type": "Feature", "properties": { "bathrooms": 2.5, "sqft_living": 2740, "sqft_lot": 9599, "grade": 8, "condition": 3, "waterfront": 0, "view": 2, "age": 54, "UTM_X": 546077.21773243812, "UTM_Y": 5291231.5090923319, "price": 624.99999999999966 }, "geometry": { "type": "Point", "coordinates": [ 546077.217732438119128, 5291231.50909233186394 ] } },
{ "type": "Feature", "properties": { "bathrooms": 2.25, "sqft_living": 1880, "sqft_lot": 7279, "grade": 7, "condition": 3, "waterfront": 0, "view": 0, "age": 53, "UTM_X": 550812.29924790142, "UTM_Y": 5289559.3842673805, "price": 465.99999999999994 }, "geometry": { "type": "Point", "coordinates": [ 550812.29924790142104, 5289559.384267380461097 ] } },
{ "type": "Feature", "properties": { "bathrooms": 1.75, "sqft_living": 1480, "sqft_lot": 9603, "grade": 7, "condition": 3, "waterfront": 0, "view": 0, "age": 63, "UTM_X": 559995.44637442543, "UTM_Y": 5271207.263753728, "price": 641.00000000000034 }, "geometry": { "type": "Point", "coordinates": [ 559995.446374425431713, 5271207.26375372800976 ] } },
{ "type": "Feature", "properties": { "bathrooms": 2.0, "sqft_living": 2030, "sqft_lot": 8649, "grade": 7, "condition": 3, "waterfront": 0, "view": 0, "age": 17, "UTM_X": 562801.42889994476, "UTM_Y": 5261978.0930491239, "price": 364.99999999999994 }, "geometry": { "type": "Point", "coordinates": [ 562801.428899944759905, 5261978.093049123883247 ] } },
{ "type": "Feature", "properties": { "bathrooms": 1.0, "sqft_living": 1460, "sqft_lot": 18599, "grade": 5, "condition": 3, "waterfront": 0, "view": 0, "age": 75, "UTM_X": 548877.76944955823, "UTM_Y": 5261000.5168290017, "price": 135.00000000000014 }, "geometry": { "type": "Point", "coordinates": [ 548877.76944955822546, 5261000.516829001717269 ] } },
{ "type": "Feature", "properties": { "bathrooms": 2.0, "sqft_living": 1300, "sqft_lot": 9334, "grade": 7, "condition": 5, "waterfront": 0, "view": 0, "age": 34, "UTM_X": 557403.39895324968, "UTM_Y": 5259510.7747731656, "price": 257.5 }, "geometry": { "type": "Point", "coordinates": [ 557403.398953249678016, 5259510.774773165583611 ] } },
{ "type": "Feature", "properties": { "bathrooms": 2.5, "sqft_living": 2900, "sqft_lot": 6918, "grade": 8, "condition": 3, "waterfront": 0, "view": 0, "age": 14, "UTM_X": 554077.29911734897, "UTM_Y": 5244352.5160159413, "price": 339.00000000000028 }, "geometry": { "type": "Point", "coordinates": [ 554077.299117348971777, 5244352.516015941277146 ] } },
{ "type": "Feature", "properties": { "bathrooms": 2.5, "sqft_living": 2590, "sqft_lot": 7910, "grade": 9, "condition": 3, "waterfront": 0, "view": 0, "age": 14, "UTM_X": 553721.42650171265, "UTM_Y": 5282961.1046782825, "price": 798.99999999999966 }, "geometry": { "type": "Point", "coordinates": [ 553721.426501712645404, 5282961.104678282514215 ] } },
{ "type": "Feature", "properties": { "bathrooms": 1.0, "sqft_living": 1240, "sqft_lot": 4080, "grade": 7, "condition": 3, "waterfront": 0, "view": 0, "age": 90, "UTM_X": 550074.44297437882, "UTM_Y": 5279505.2057316601, "price": 624.99999999999966 }, "geometry": { "type": "Point", "coordinates": [ 550074.442974378820509, 5279505.20573166012764 ] } },
{ "type": "Feature", "properties": { "bathrooms": 2.25, "sqft_living": 2740, "sqft_lot": 11343, "grade": 10, "condition": 5, "waterfront": 0, "view": 2, "age": 62, "UTM_X": 554157.20367249555, "UTM_Y": 5284510.1191342836, "price": 1038.9999999999995 }, "geometry": { "type": "Point", "coordinates": [ 554157.203672495554201, 5284510.119134283624589 ] } },
{ "type": "Feature", "properties": { "bathrooms": 1.75, "sqft_living": 1440, "sqft_lot": 4300, "grade": 8, "condition": 4, "waterfront": 0, "view": 0, "age": 86, "UTM_X": 547130.71117426327, "UTM_Y": 5281436.7896996029, "price": 656.00000000000023 }, "geometry": { "type": "Point", "coordinates": [ 547130.711174263269641, 5281436.789699602872133 ] } },
{ "type": "Feature", "properties": { "bathrooms": 1.0, "sqft_living": 830, "sqft_lot": 9000, "grade": 6, "condition": 3, "waterfront": 0, "view": 0, "age": 76, "UTM_X": 557140.5093675981, "UTM_Y": 5247815.7953471346, "price": 85.000000000000028 }, "geometry": { "type": "Point", "coordinates": [ 557140.509367598104291, 5247815.795347134582698 ] } },
{ "type": "Feature", "properties": { "bathrooms": 1.5, "sqft_living": 1150, "sqft_lot": 3927, "grade": 7, "condition": 3, "waterfront": 0, "view": 0, "age": 33, "UTM_X": 562842.55172845721, "UTM_Y": 5286053.6766866716, "price": 300.00000000000011 }, "geometry": { "type": "Point", "coordinates": [ 562842.551728457212448, 5286053.676686671562493 ] } },
{ "type": "Feature", "properties": { "bathrooms": 3.75, "sqft_living": 2310, "sqft_lot": 5000, "grade": 8, "condition": 3, "waterfront": 0, "view": 0, "age": 31, "UTM_X": 546836.33428430767, "UTM_Y": 5280711.9605530901, "price": 727.16 }, "geometry": { "type": "Point", "coordinates": [ 546836.334284307667986, 5280711.960553090088069 ] } },
{ "type": "Feature", "properties": { "bathrooms": 2.5, "sqft_living": 3110, "sqft_lot": 5048, "grade": 8, "condition": 3, "waterfront": 0, "view": 0, "age": 13, "UTM_X": 566051.3035013685, "UTM_Y": 5247564.6371960388, "price": 386.5 }, "geometry": { "type": "Point", "coordinates": [ 566051.303501368500292, 5247564.637196038849652 ] } },
{ "type": "Feature", "properties": { "bathrooms": 1.0, "sqft_living": 1550, "sqft_lot": 6840, "grade": 7, "condition": 3, "waterfront": 0, "view": 0, "age": 97, "UTM_X": 549933.63999019633, "UTM_Y": 5278414.7573084766, "price": 525.00000000000011 }, "geometry": { "type": "Point", "coordinates": [ 549933.639990196330473, 5278414.757308476604521 ] } },
{ "type": "Feature", "properties": { "bathrooms": 2.5, "sqft_living": 1920, "sqft_lot": 7200, "grade": 10, "condition": 3, "waterfront": 0, "view": 2, "age": 18, "UTM_X": 544525.42130498157, "UTM_Y": 5268779.1207866101, "price": 900.00000000000068 }, "geometry": { "type": "Point", "coordinates": [ 544525.421304981573485, 5268779.12078661005944 ] } },
{ "type": "Feature", "properties": { "bathrooms": 1.75, "sqft_living": 1620, "sqft_lot": 3975, "grade": 7, "condition": 5, "waterfront": 0, "view": 0, "age": 89, "UTM_X": 547436.34465670609, "UTM_Y": 5280772.3964075195, "price": 641.00000000000034 }, "geometry": { "type": "Point", "coordinates": [ 547436.344656706089154, 5280772.396407519467175 ] } },
{ "type": "Feature", "properties": { "bathrooms": 4.5, "sqft_living": 6210, "sqft_lot": 8856, "grade": 11, "condition": 5, "waterfront": 0, "view": 2, "age": 105, "UTM_X": 548531.50968273601, "UTM_Y": 5275457.528362833, "price": 3200.0000000000023 }, "geometry": { "type": "Point", "coordinates": [ 548531.509682736010291, 5275457.528362832963467 ] } },
{ "type": "Feature", "properties": { "bathrooms": 2.5, "sqft_living": 3200, "sqft_lot": 7282, "grade": 9, "condition": 3, "waterfront": 0, "view": 0, "age": 8, "UTM_X": 553843.27227611467, "UTM_Y": 5253397.3791359859, "price": 359.99999999999966 }, "geometry": { "type": "Point", "coordinates": [ 553843.272276114672422, 5253397.379135985858738 ] } },
{ "type": "Feature", "properties": { "bathrooms": 2.0, "sqft_living": 2070, "sqft_lot": 4200, "grade": 7, "condition": 4, "waterfront": 0, "view": 0, "age": 109, "UTM_X": 550078.84261627845, "UTM_Y": 5278993.9680157043, "price": 662.5 }, "geometry": { "type": "Point", "coordinates": [ 550078.842616278445348, 5278993.96801570430398 ] } },
{ "type": "Feature", "properties": { "bathrooms": 2.0, "sqft_living": 3180, "sqft_lot": 10800, "grade": 8, "condition": 3, "waterfront": 0, "view": 0, "age": 47, "UTM_X": 567382.01761152397, "UTM_Y": 5276167.4772221958, "price": 707.99999999999977 }, "geometry": { "type": "Point", "coordinates": [ 567382.017611523973756, 5276167.477222195826471 ] } },
{ "type": "Feature", "properties": { "bathrooms": 2.0, "sqft_living": 1270, "sqft_lot": 5000, "grade": 6, "condition": 3, "waterfront": 0, "view": 0, "age": 71, "UTM_X": 547816.83820796572, "UTM_Y": 5280141.9775972143, "price": 600.00000000000034 }, "geometry": { "type": "Point", "coordinates": [ 547816.83820796571672, 5280141.977597214281559 ] } },
{ "type": "Feature", "properties": { "bathrooms": 1.75, "sqft_living": 2090, "sqft_lot": 5050, "grade": 7, "condition": 4, "waterfront": 0, "view": 0, "age": 99, "UTM_X": 548185.44356636668, "UTM_Y": 5280956.3888912573, "price": 775.00000000000045 }, "geometry": { "type": "Point", "coordinates": [ 548185.443566366680898, 5280956.388891257345676 ] } },
{ "type": "Feature", "properties": { "bathrooms": 2.5, "sqft_living": 2740, "sqft_lot": 12413, "grade": 7, "condition": 3, "waterfront": 0, "view": 0, "age": 25, "UTM_X": 561624.42582368269, "UTM_Y": 5252151.3194031259, "price": 386.00000000000017 }, "geometry": { "type": "Point", "coordinates": [ 561624.425823682686314, 5252151.3194031259045 ] } },
{ "type": "Feature", "properties": { "bathrooms": 1.0, "sqft_living": 1540, "sqft_lot": 9450, "grade": 7, "condition": 4, "waterfront": 0, "view": 0, "age": 55, "UTM_X": 551725.41718022409, "UTM_Y": 5245531.6936652036, "price": 227.5 }, "geometry": { "type": "Point", "coordinates": [ 551725.417180224088952, 5245531.693665203638375 ] } },
{ "type": "Feature", "properties": { "bathrooms": 2.25, "sqft_living": 2610, "sqft_lot": 3357, "grade": 7, "condition": 4, "waterfront": 0, "view": 0, "age": 89, "UTM_X": 552130.28959636553, "UTM_Y": 5276299.9915563511, "price": 1049.0000000000005 }, "geometry": { "type": "Point", "coordinates": [ 552130.289596365531906, 5276299.991556351073086 ] } },
{ "type": "Feature", "properties": { "bathrooms": 1.75, "sqft_living": 2380, "sqft_lot": 4080, "grade": 8, "condition": 3, "waterfront": 0, "view": 0, "age": 98, "UTM_X": 550679.0019361258, "UTM_Y": 5279054.7371699577, "price": 725.00000000000057 }, "geometry": { "type": "Point", "coordinates": [ 550679.001936125801876, 5279054.737169957719743 ] } },
{ "type": "Feature", "properties": { "bathrooms": 1.0, "sqft_living": 1280, "sqft_lot": 10521, "grade": 7, "condition": 3, "waterfront": 0, "view": 0, "age": 55, "UTM_X": 553627.50203437684, "UTM_Y": 5252250.6271657357, "price": 198.99999999999989 }, "geometry": { "type": "Point", "coordinates": [ 553627.502034376841038, 5252250.627165735699236 ] } },
{ "type": "Feature", "properties": { "bathrooms": 2.5, "sqft_living": 1850, "sqft_lot": 7200, "grade": 7, "condition": 3, "waterfront": 0, "view": 0, "age": 36, "UTM_X": 546563.37165344588, "UTM_Y": 5239387.008844587, "price": 249.0 }, "geometry": { "type": "Point", "coordinates": [ 546563.371653445879929, 5239387.008844587020576 ] } },
{ "type": "Feature", "properties": { "bathrooms": 1.5, "sqft_living": 1070, "sqft_lot": 937, "grade": 8, "condition": 3, "waterfront": 0, "view": 0, "age": 12, "UTM_X": 552542.74285508844, "UTM_Y": 5280538.4165947493, "price": 350.0 }, "geometry": { "type": "Point", "coordinates": [ 552542.742855088436045, 5280538.416594749316573 ] } },
{ "type": "Feature", "properties": { "bathrooms": 1.5, "sqft_living": 1130, "sqft_lot": 1340, "grade": 8, "condition": 3, "waterfront": 0, "view": 0, "age": 7, "UTM_X": 544370.60519152228, "UTM_Y": 5269355.8880313765, "price": 439.108 }, "geometry": { "type": "Point", "coordinates": [ 544370.605191522277892, 5269355.88803137652576 ] } },
{ "type": "Feature", "properties": { "bathrooms": 1.0, "sqft_living": 1010, "sqft_lot": 11919, "grade": 6, "condition": 3, "waterfront": 0, "view": 0, "age": 68, "UTM_X": 550823.30067734036, "UTM_Y": 5288303.4990856936, "price": 300.00000000000011 }, "geometry": { "type": "Point", "coordinates": [ 550823.30067734036129, 5288303.499085693620145 ] } },
{ "type": "Feature", "properties": { "bathrooms": 2.5, "sqft_living": 1630, "sqft_lot": 11592, "grade": 8, "condition": 3, "waterfront": 0, "view": 0, "age": 28, "UTM_X": 557857.03435440862, "UTM_Y": 5289625.3797281617, "price": 360.4 }, "geometry": { "type": "Point", "coordinates": [ 557857.034354408620857, 5289625.379728161729872 ] } },
{ "type": "Feature", "properties": { "bathrooms": 3.0, "sqft_living": 1670, "sqft_lot": 1189, "grade": 8, "condition": 3, "waterfront": 0, "view": 0, "age": 15, "UTM_X": 552450.55717561615, "UTM_Y": 5274102.1588200703, "price": 581.99999999999955 }, "geometry": { "type": "Point", "coordinates": [ 552450.557175616151653, 5274102.158820070326328 ] } },
{ "type": "Feature", "properties": { "bathrooms": 2.5, "sqft_living": 1530, "sqft_lot": 1131, "grade": 8, "condition": 3, "waterfront": 0, "view": 0, "age": 6, "UTM_X": 549068.18328212749, "UTM_Y": 5283086.678491693, "price": 375.0 }, "geometry": { "type": "Point", "coordinates": [ 549068.183282127487473, 5283086.678491692990065 ] } },
{ "type": "Feature", "properties": { "bathrooms": 2.5, "sqft_living": 3640, "sqft_lot": 6389, "grade": 9, "condition": 3, "waterfront": 0, "view": 0, "age": 1, "UTM_X": 565792.23075532168, "UTM_Y": 5283874.398200307, "price": 932.99 }, "geometry": { "type": "Point", "coordinates": [ 565792.230755321681499, 5283874.398200307041407 ] } },
{ "type": "Feature", "properties": { "bathrooms": 1.0, "sqft_living": 1110, "sqft_lot": 3200, "grade": 7, "condition": 3, "waterfront": 0, "view": 0, "age": 90, "UTM_X": 548228.15377082978, "UTM_Y": 5275799.5607925011, "price": 664.99999999999989 }, "geometry": { "type": "Point", "coordinates": [ 548228.153770829783753, 5275799.560792501084507 ] } },
{ "type": "Feature", "properties": { "bathrooms": 2.25, "sqft_living": 3920, "sqft_lot": 7200, "grade": 10, "condition": 3, "waterfront": 0, "view": 0, "age": 87, "UTM_X": 553849.39744190534, "UTM_Y": 5269102.2000316558, "price": 1480.0000000000005 }, "geometry": { "type": "Point", "coordinates": [ 553849.397441905341111, 5269102.200031655840576 ] } },
{ "type": "Feature", "properties": { "bathrooms": 2.25, "sqft_living": 2360, "sqft_lot": 7733, "grade": 8, "condition": 3, "waterfront": 0, "view": 0, "age": 32, "UTM_X": 565068.92830769822, "UTM_Y": 5254455.9052343797, "price": 392.00000000000034 }, "geometry": { "type": "Point", "coordinates": [ 565068.928307698224671, 5254455.905234379693866 ] } },
{ "type": "Feature", "properties": { "bathrooms": 1.5, "sqft_living": 1430, "sqft_lot": 8960, "grade": 6, "condition": 4, "waterfront": 0, "view": 0, "age": 62, "UTM_X": 549051.38568258507, "UTM_Y": 5258256.7354403436, "price": 269.99999999999977 }, "geometry": { "type": "Point", "coordinates": [ 549051.385682585067116, 5258256.735440343618393 ] } },
{ "type": "Feature", "properties": { "bathrooms": 1.0, "sqft_living": 850, "sqft_lot": 2850, "grade": 7, "condition": 4, "waterfront": 0, "view": 0, "age": 88, "UTM_X": 551855.89740956365, "UTM_Y": 5281799.3369912226, "price": 488.99999999999955 }, "geometry": { "type": "Point", "coordinates": [ 551855.897409563651308, 5281799.336991222575307 ] } },
{ "type": "Feature", "properties": { "bathrooms": 1.5, "sqft_living": 1010, "sqft_lot": 10005, "grade": 7, "condition": 3, "waterfront": 0, "view": 0, "age": 34, "UTM_X": 561065.3288991102, "UTM_Y": 5262359.8462060913, "price": 310.00000000000028 }, "geometry": { "type": "Point", "coordinates": [ 561065.328899110201746, 5262359.846206091344357 ] } },
{ "type": "Feature", "properties": { "bathrooms": 2.5, "sqft_living": 2150, "sqft_lot": 15304, "grade": 9, "condition": 4, "waterfront": 0, "view": 0, "age": 36, "UTM_X": 564999.75461946381, "UTM_Y": 5267459.5383740161, "price": 649.95 }, "geometry": { "type": "Point", "coordinates": [ 564999.75461946381256, 5267459.538374016061425 ] } },
{ "type": "Feature", "properties": { "bathrooms": 1.0, "sqft_living": 1720, "sqft_lot": 8910, "grade": 7, "condition": 4, "waterfront": 0, "view": 0, "age": 61, "UTM_X": 552744.46392977063, "UTM_Y": 5291377.2581005441, "price": 399.95 }, "geometry": { "type": "Point", "coordinates": [ 552744.463929770630784, 5291377.25810054410249 ] } },
{ "type": "Feature", "properties": { "bathrooms": 4.0, "sqft_living": 4410, "sqft_lot": 14380, "grade": 11, "condition": 3, "waterfront": 0, "view": 0, "age": 9, "UTM_X": 566016.1458687078, "UTM_Y": 5277363.3927046442, "price": 1239.9999999999989 }, "geometry": { "type": "Point", "coordinates": [ 566016.14586870779749, 5277363.392704644240439 ] } },
{ "type": "Feature", "properties": { "bathrooms": 2.0, "sqft_living": 1400, "sqft_lot": 4690, "grade": 7, "condition": 4, "waterfront": 0, "view": 0, "age": 70, "UTM_X": 546682.20375979715, "UTM_Y": 5281210.8792590918, "price": 658.6 }, "geometry": { "type": "Point", "coordinates": [ 546682.203759797150269, 5281210.879259091801941 ] } },
{ "type": "Feature", "properties": { "bathrooms": 1.75, "sqft_living": 1700, "sqft_lot": 6000, "grade": 7, "condition": 3, "waterfront": 0, "view": 0, "age": 48, "UTM_X": 559845.78853173356, "UTM_Y": 5241607.5487610633, "price": 148.9 }, "geometry": { "type": "Point", "coordinates": [ 559845.788531733560376, 5241607.54876106325537 ] } },
{ "type": "Feature", "properties": { "bathrooms": 1.5, "sqft_living": 1860, "sqft_lot": 12197, "grade": 7, "condition": 3, "waterfront": 0, "view": 0, "age": 51, "UTM_X": 557363.6205446173, "UTM_Y": 5286463.7966259336, "price": 442.99999999999994 }, "geometry": { "type": "Point", "coordinates": [ 557363.620544617297128, 5286463.796625933609903 ] } },
{ "type": "Feature", "properties": { "bathrooms": 2.75, "sqft_living": 3060, "sqft_lot": 6895, "grade": 8, "condition": 3, "waterfront": 0, "view": 0, "age": 12, "UTM_X": 568085.96817400726, "UTM_Y": 5247887.9541298561, "price": 380.99999999999972 }, "geometry": { "type": "Point", "coordinates": [ 568085.968174007255584, 5247887.954129856079817 ] } },
{ "type": "Feature", "properties": { "bathrooms": 1.25, "sqft_living": 1240, "sqft_lot": 2150, "grade": 8, "condition": 3, "waterfront": 0, "view": 0, "age": 1, "UTM_X": 546977.20166300773, "UTM_Y": 5281857.9037839985, "price": 545.00000000000011 }, "geometry": { "type": "Point", "coordinates": [ 546977.201663007726893, 5281857.903783998452127 ] } },
{ "type": "Feature", "properties": { "bathrooms": 1.0, "sqft_living": 740, "sqft_lot": 9003, "grade": 5, "condition": 3, "waterfront": 0, "view": 0, "age": 66, "UTM_X": 560566.37937807536, "UTM_Y": 5252340.3668668158, "price": 157.5 }, "geometry": { "type": "Point", "coordinates": [ 560566.379378075362183, 5252340.366866815835238 ] } },
{ "type": "Feature", "properties": { "bathrooms": 4.0, "sqft_living": 3880, "sqft_lot": 13095, "grade": 11, "condition": 3, "waterfront": 0, "view": 3, "age": 6, "UTM_X": 557545.95138977817, "UTM_Y": 5283197.7831614483, "price": 1029.9999999999995 }, "geometry": { "type": "Point", "coordinates": [ 557545.951389778172597, 5283197.783161448314786 ] } },
{ "type": "Feature", "properties": { "bathrooms": 2.25, "sqft_living": 1520, "sqft_lot": 1464, "grade": 8, "condition": 3, "waterfront": 0, "view": 0, "age": 5, "UTM_X": 547032.36524914973, "UTM_Y": 5265697.8653861098, "price": 379.99999999999994 }, "geometry": { "type": "Point", "coordinates": [ 547032.365249149734154, 5265697.865386109799147 ] } },
{ "type": "Feature", "properties": { "bathrooms": 1.5, "sqft_living": 1810, "sqft_lot": 9000, "grade": 7, "condition": 3, "waterfront": 0, "view": 0, "age": 55, "UTM_X": 551071.03243493347, "UTM_Y": 5259963.378973647, "price": 259.00000000000006 }, "geometry": { "type": "Point", "coordinates": [ 551071.032434933469631, 5259963.378973647020757 ] } },
{ "type": "Feature", "properties": { "bathrooms": 2.75, "sqft_living": 1830, "sqft_lot": 3200, "grade": 8, "condition": 3, "waterfront": 0, "view": 0, "age": 24, "UTM_X": 558653.5127398785, "UTM_Y": 5284976.1487686513, "price": 433.99999999999966 }, "geometry": { "type": "Point", "coordinates": [ 558653.512739878497086, 5284976.148768651299179 ] } },
{ "type": "Feature", "properties": { "bathrooms": 1.0, "sqft_living": 910, "sqft_lot": 4600, "grade": 5, "condition": 3, "waterfront": 0, "view": 0, "age": 98, "UTM_X": 547874.79096487688, "UTM_Y": 5282220.8949664962, "price": 265.00000000000006 }, "geometry": { "type": "Point", "coordinates": [ 547874.790964876883663, 5282220.894966496154666 ] } },
{ "type": "Feature", "properties": { "bathrooms": 1.5, "sqft_living": 1280, "sqft_lot": 974, "grade": 7, "condition": 3, "waterfront": 0, "view": 0, "age": 12, "UTM_X": 553027.49364930799, "UTM_Y": 5284999.8666386399, "price": 280.99999999999994 }, "geometry": { "type": "Point", "coordinates": [ 553027.493649307987653, 5284999.866638639941812 ] } },
{ "type": "Feature", "properties": { "bathrooms": 1.75, "sqft_living": 1330, "sqft_lot": 9200, "grade": 7, "condition": 4, "waterfront": 0, "view": 0, "age": 42, "UTM_X": 561622.76759269205, "UTM_Y": 5237891.4505718611, "price": 183.00000000000011 }, "geometry": { "type": "Point", "coordinates": [ 561622.76759269204922, 5237891.450571861118078 ] } },
{ "type": "Feature", "properties": { "bathrooms": 1.0, "sqft_living": 2298, "sqft_lot": 10140, "grade": 7, "condition": 3, "waterfront": 0, "view": 0, "age": 46, "UTM_X": 568811.41284567385, "UTM_Y": 5282353.2096054181, "price": 371.99999999999983 }, "geometry": { "type": "Point", "coordinates": [ 568811.412845673854463, 5282353.209605418145657 ] } },
{ "type": "Feature", "properties": { "bathrooms": 1.5, "sqft_living": 1360, "sqft_lot": 1488, "grade": 7, "condition": 3, "waterfront": 0, "view": 0, "age": 12, "UTM_X": 546258.39517660474, "UTM_Y": 5277873.1181087894, "price": 396.5 }, "geometry": { "type": "Point", "coordinates": [ 546258.39517660473939, 5277873.118108789436519 ] } },
{ "type": "Feature", "properties": { "bathrooms": 1.5, "sqft_living": 1750, "sqft_lot": 12632, "grade": 7, "condition": 4, "waterfront": 0, "view": 0, "age": 63, "UTM_X": 561853.21436074749, "UTM_Y": 5280352.0959727028, "price": 474.99999999999977 }, "geometry": { "type": "Point", "coordinates": [ 561853.214360747486353, 5280352.09597270283848 ] } },
{ "type": "Feature", "properties": { "bathrooms": 2.0, "sqft_living": 3085, "sqft_lot": 7280, "grade": 7, "condition": 4, "waterfront": 0, "view": 0, "age": 56, "UTM_X": 561686.6724894892, "UTM_Y": 5260565.7746140305, "price": 358.99999999999983 }, "geometry": { "type": "Point", "coordinates": [ 561686.672489489195868, 5260565.774614030495286 ] } },
{ "type": "Feature", "properties": { "bathrooms": 2.25, "sqft_living": 1940, "sqft_lot": 8270, "grade": 7, "condition": 5, "waterfront": 0, "view": 0, "age": 53, "UTM_X": 549988.58497411816, "UTM_Y": 5289474.4223993113, "price": 530.00000000000011 }, "geometry": { "type": "Point", "coordinates": [ 549988.584974118159153, 5289474.422399311326444 ] } },
{ "type": "Feature", "properties": { "bathrooms": 1.5, "sqft_living": 2430, "sqft_lot": 4995, "grade": 7, "condition": 4, "waterfront": 0, "view": 0, "age": 87, "UTM_X": 553242.5606066233, "UTM_Y": 5269663.4787438726, "price": 579.99999999999955 }, "geometry": { "type": "Point", "coordinates": [ 553242.560606623301283, 5269663.478743872605264 ] } },
{ "type": "Feature", "properties": { "bathrooms": 2.5, "sqft_living": 1690, "sqft_lot": 2402, "grade": 7, "condition": 3, "waterfront": 0, "view": 0, "age": 85, "UTM_X": 546525.25272329187, "UTM_Y": 5282065.4476701971, "price": 514.99999999999966 }, "geometry": { "type": "Point", "coordinates": [ 546525.25272329186555, 5282065.447670197114348 ] } },
{ "type": "Feature", "properties": { "bathrooms": 2.0, "sqft_living": 1620, "sqft_lot": 8400, "grade": 7, "condition": 3, "waterfront": 0, "view": 0, "age": 47, "UTM_X": 565476.54672919807, "UTM_Y": 5278591.0863836827, "price": 498.00000000000006 }, "geometry": { "type": "Point", "coordinates": [ 565476.5467291980749, 5278591.08638368267566 ] } },
{ "type": "Feature", "properties": { "bathrooms": 2.5, "sqft_living": 3030, "sqft_lot": 7800, "grade": 9, "condition": 3, "waterfront": 0, "view": 0, "age": 24, "UTM_X": 560334.17228293465, "UTM_Y": 5282047.861189859, "price": 799.9 }, "geometry": { "type": "Point", "coordinates": [ 560334.172282934654504, 5282047.861189858987927 ] } },
{ "type": "Feature", "properties": { "bathrooms": 1.5, "sqft_living": 1620, "sqft_lot": 5108, "grade": 7, "condition": 3, "waterfront": 0, "view": 0, "age": 61, "UTM_X": 551320.47971290455, "UTM_Y": 5282939.4086799733, "price": 499.1 }, "geometry": { "type": "Point", "coordinates": [ 551320.479712904547341, 5282939.408679973334074 ] } },
{ "type": "Feature", "properties": { "bathrooms": 2.0, "sqft_living": 1930, "sqft_lot": 3240, "grade": 7, "condition": 4, "waterfront": 0, "view": 0, "age": 104, "UTM_X": 552678.59987748822, "UTM_Y": 5273815.2340059634, "price": 631.0 }, "geometry": { "type": "Point", "coordinates": [ 552678.599877488217317, 5273815.234005963429809 ] } },
{ "type": "Feature", "properties": { "bathrooms": 2.5, "sqft_living": 2010, "sqft_lot": 17362, "grade": 8, "condition": 3, "waterfront": 0, "view": 0, "age": 21, "UTM_X": 561833.35799219843, "UTM_Y": 5282219.2244661022, "price": 551.00000000000045 }, "geometry": { "type": "Point", "coordinates": [ 561833.357992198434658, 5282219.224466102197766 ] } },
{ "type": "Feature", "properties": { "bathrooms": 2.5, "sqft_living": 3330, "sqft_lot": 7399, "grade": 9, "condition": 3, "waterfront": 0, "view": 0, "age": 6, "UTM_X": 563573.12834012078, "UTM_Y": 5280970.8578521674, "price": 760.0 }, "geometry": { "type": "Point", "coordinates": [ 563573.128340120776556, 5280970.857852167449892 ] } },
{ "type": "Feature", "properties": { "bathrooms": 1.75, "sqft_living": 1230, "sqft_lot": 7890, "grade": 7, "condition": 4, "waterfront": 0, "view": 1, "age": 65, "UTM_X": 560985.23792805499, "UTM_Y": 5270028.2333015166, "price": 568.99999999999966 }, "geometry": { "type": "Point", "coordinates": [ 560985.237928054993972, 5270028.233301516622305 ] } },
{ "type": "Feature", "properties": { "bathrooms": 4.25, "sqft_living": 5040, "sqft_lot": 16048, "grade": 10, "condition": 3, "waterfront": 0, "view": 3, "age": 65, "UTM_X": 555551.43189704907, "UTM_Y": 5279910.5955187427, "price": 2531.9999999999986 }, "geometry": { "type": "Point", "coordinates": [ 555551.431897049071267, 5279910.595518742688 ] } },
{ "type": "Feature", "properties": { "bathrooms": 2.0, "sqft_living": 1880, "sqft_lot": 5400, "grade": 8, "condition": 3, "waterfront": 0, "view": 0, "age": 113, "UTM_X": 551768.73466867383, "UTM_Y": 5274718.483346289, "price": 751.75 }, "geometry": { "type": "Point", "coordinates": [ 551768.734668673831038, 5274718.483346289023757 ] } },
{ "type": "Feature", "properties": { "bathrooms": 2.5, "sqft_living": 1350, "sqft_lot": 874, "grade": 8, "condition": 3, "waterfront": 0, "view": 0, "age": 9, "UTM_X": 546124.08291544789, "UTM_Y": 5266357.4861405464, "price": 389.5 }, "geometry": { "type": "Point", "coordinates": [ 546124.082915447885171, 5266357.486140546388924 ] } },
{ "type": "Feature", "properties": { "bathrooms": 2.5, "sqft_living": 2460, "sqft_lot": 4862, "grade": 8, "condition": 3, "waterfront": 0, "view": 0, "age": 11, "UTM_X": 557316.49510390335, "UTM_Y": 5291231.705013168, "price": 494.99999999999966 }, "geometry": { "type": "Point", "coordinates": [ 557316.495103903347626, 5291231.705013168044388 ] } },
{ "type": "Feature", "properties": { "bathrooms": 2.5, "sqft_living": 2580, "sqft_lot": 15031, "grade": 9, "condition": 3, "waterfront": 0, "view": 0, "age": 16, "UTM_X": 567987.80207819352, "UTM_Y": 5282187.9037681725, "price": 700.00000000000011 }, "geometry": { "type": "Point", "coordinates": [ 567987.802078193519264, 5282187.903768172487617 ] } },
{ "type": "Feature", "properties": { "bathrooms": 2.5, "sqft_living": 2030, "sqft_lot": 8000, "grade": 7, "condition": 3, "waterfront": 0, "view": 0, "age": 18, "UTM_X": 559154.91880336066, "UTM_Y": 5250180.8742534425, "price": 305.00000000000006 }, "geometry": { "type": "Point", "coordinates": [ 559154.918803360662423, 5250180.874253442510962 ] } },
{ "type": "Feature", "properties": { "bathrooms": 1.5, "sqft_living": 2040, "sqft_lot": 6000, "grade": 7, "condition": 3, "waterfront": 0, "view": 0, "age": 58, "UTM_X": 553751.40499006095, "UTM_Y": 5263399.5229582656, "price": 335.00000000000028 }, "geometry": { "type": "Point", "coordinates": [ 553751.404990060953423, 5263399.52295826561749 ] } },
{ "type": "Feature", "properties": { "bathrooms": 2.25, "sqft_living": 2130, "sqft_lot": 8801, "grade": 8, "condition": 3, "waterfront": 0, "view": 0, "age": 39, "UTM_X": 553221.92726133624, "UTM_Y": 5288336.119714899, "price": 482.975 }, "geometry": { "type": "Point", "coordinates": [ 553221.927261336240917, 5288336.119714898988605 ] } },
{ "type": "Feature", "properties": { "bathrooms": 1.5, "sqft_living": 1570, "sqft_lot": 8775, "grade": 7, "condition": 3, "waterfront": 0, "view": 0, "age": 72, "UTM_X": 550103.39811052242, "UTM_Y": 5258599.0691439612, "price": 228.9 }, "geometry": { "type": "Point", "coordinates": [ 550103.39811052242294, 5258599.069143961183727 ] } },
{ "type": "Feature", "properties": { "bathrooms": 2.75, "sqft_living": 1900, "sqft_lot": 8200, "grade": 7, "condition": 4, "waterfront": 0, "view": 0, "age": 31, "UTM_X": 561645.31100303947, "UTM_Y": 5250162.0306878835, "price": 314.00000000000023 }, "geometry": { "type": "Point", "coordinates": [ 561645.311003039474599, 5250162.030687883496284 ] } },
{ "type": "Feature", "properties": { "bathrooms": 2.5, "sqft_living": 1360, "sqft_lot": 1349, "grade": 8, "condition": 3, "waterfront": 0, "view": 0, "age": 18, "UTM_X": 553194.68971634936, "UTM_Y": 5274909.1612230847, "price": 553.65 }, "geometry": { "type": "Point", "coordinates": [ 553194.689716349355876, 5274909.161223084665835 ] } },
{ "type": "Feature", "properties": { "bathrooms": 1.5, "sqft_living": 1690, "sqft_lot": 3245, "grade": 8, "condition": 3, "waterfront": 0, "view": 0, "age": 86, "UTM_X": 547031.023545017, "UTM_Y": 5265864.5699728914, "price": 440.00000000000045 }, "geometry": { "type": "Point", "coordinates": [ 547031.023545017000288, 5265864.569972891360521 ] } },
{ "type": "Feature", "properties": { "bathrooms": 1.75, "sqft_living": 1310, "sqft_lot": 8600, "grade": 7, "condition": 4, "waterfront": 0, "view": 0, "age": 28, "UTM_X": 561163.14206152933, "UTM_Y": 5281723.0700180372, "price": 469.9999999999996 }, "geometry": { "type": "Point", "coordinates": [ 561163.142061529331841, 5281723.070018037222326 ] } },
{ "type": "Feature", "properties": { "bathrooms": 1.75, "sqft_living": 1650, "sqft_lot": 7276, "grade": 7, "condition": 3, "waterfront": 0, "view": 0, "age": 38, "UTM_X": 559489.03615234629, "UTM_Y": 5291275.8230250347, "price": 260.00000000000017 }, "geometry": { "type": "Point", "coordinates": [ 559489.036152346292511, 5291275.823025034740567 ] } },
{ "type": "Feature", "properties": { "bathrooms": 2.0, "sqft_living": 1820, "sqft_lot": 7626, "grade": 7, "condition": 5, "waterfront": 0, "view": 0, "age": 74, "UTM_X": 549379.14898500754, "UTM_Y": 5281811.1191217881, "price": 604.99999999999955 }, "geometry": { "type": "Point", "coordinates": [ 549379.148985007544979, 5281811.119121788069606 ] } },
{ "type": "Feature", "properties": { "bathrooms": 2.5, "sqft_living": 2620, "sqft_lot": 14248, "grade": 8, "condition": 4, "waterfront": 0, "view": 0, "age": 38, "UTM_X": 560554.63663575402, "UTM_Y": 5275281.1043288466, "price": 680.00000000000045 }, "geometry": { "type": "Point", "coordinates": [ 560554.63663575402461, 5275281.104328846558928 ] } },
{ "type": "Feature", "properties": { "bathrooms": 1.0, "sqft_living": 1640, "sqft_lot": 9750, "grade": 7, "condition": 3, "waterfront": 0, "view": 0, "age": 47, "UTM_X": 564907.98135874281, "UTM_Y": 5241705.6327644764, "price": 207.5 }, "geometry": { "type": "Point", "coordinates": [ 564907.98135874280706, 5241705.63276447635144 ] } },
{ "type": "Feature", "properties": { "bathrooms": 1.75, "sqft_living": 1870, "sqft_lot": 8663, "grade": 7, "condition": 5, "waterfront": 0, "view": 0, "age": 66, "UTM_X": 548733.27750350512, "UTM_Y": 5287229.6629868085, "price": 460.00000000000023 }, "geometry": { "type": "Point", "coordinates": [ 548733.277503505116329, 5287229.662986808456481 ] } },
{ "type": "Feature", "properties": { "bathrooms": 1.75, "sqft_living": 1330, "sqft_lot": 7500, "grade": 8, "condition": 3, "waterfront": 0, "view": 0, "age": 54, "UTM_X": 560503.38425489585, "UTM_Y": 5272979.7793036476, "price": 787.00000000000034 }, "geometry": { "type": "Point", "coordinates": [ 560503.384254895849153, 5272979.779303647577763 ] } },
{ "type": "Feature", "properties": { "bathrooms": 2.25, "sqft_living": 2190, "sqft_lot": 4080, "grade": 8, "condition": 3, "waterfront": 0, "view": 0, "age": 97, "UTM_X": 548220.14803477493, "UTM_Y": 5276766.4629086275, "price": 855.00000000000034 }, "geometry": { "type": "Point", "coordinates": [ 548220.148034774931148, 5276766.462908627465367 ] } },
{ "type": "Feature", "properties": { "bathrooms": 2.0, "sqft_living": 2390, "sqft_lot": 6888, "grade": 8, "condition": 5, "waterfront": 0, "view": 1, "age": 76, "UTM_X": 554486.19879477774, "UTM_Y": 5281423.2558935974, "price": 1100.0000000000007 }, "geometry": { "type": "Point", "coordinates": [ 554486.19879477773793, 5281423.255893597379327 ] } },
{ "type": "Feature", "properties": { "bathrooms": 1.75, "sqft_living": 1480, "sqft_lot": 6360, "grade": 7, "condition": 3, "waterfront": 0, "view": 0, "age": 61, "UTM_X": 548513.46394866647, "UTM_Y": 5286616.5088626351, "price": 464.9999999999996 }, "geometry": { "type": "Point", "coordinates": [ 548513.463948666467331, 5286616.508862635120749 ] } },
{ "type": "Feature", "properties": { "bathrooms": 2.5, "sqft_living": 2100, "sqft_lot": 6783, "grade": 8, "condition": 3, "waterfront": 0, "view": 0, "age": 12, "UTM_X": 564877.59376240545, "UTM_Y": 5244461.7053687731, "price": 302.99999999999983 }, "geometry": { "type": "Point", "coordinates": [ 564877.593762405449525, 5244461.705368773080409 ] } },
{ "type": "Feature", "properties": { "bathrooms": 2.5, "sqft_living": 2050, "sqft_lot": 6420, "grade": 8, "condition": 3, "waterfront": 0, "view": 3, "age": 59, "UTM_X": 544751.14136231015, "UTM_Y": 5268769.7323024832, "price": 669.99999999999932 }, "geometry": { "type": "Point", "coordinates": [ 544751.141362310154364, 5268769.732302483171225 ] } },
{ "type": "Feature", "properties": { "bathrooms": 1.0, "sqft_living": 1520, "sqft_lot": 10798, "grade": 7, "condition": 3, "waterfront": 0, "view": 0, "age": 62, "UTM_X": 555302.47495409439, "UTM_Y": 5290278.4770873226, "price": 375.0 }, "geometry": { "type": "Point", "coordinates": [ 555302.474954094388522, 5290278.477087322622538 ] } },
{ "type": "Feature", "properties": { "bathrooms": 2.75, "sqft_living": 3820, "sqft_lot": 8850, "grade": 10, "condition": 3, "waterfront": 0, "view": 0, "age": 1, "UTM_X": 560453.54498211143, "UTM_Y": 5277780.925252364, "price": 1274.95 }, "geometry": { "type": "Point", "coordinates": [ 560453.544982111430727, 5277780.925252364017069 ] } },
{ "type": "Feature", "properties": { "bathrooms": 1.0, "sqft_living": 770, "sqft_lot": 17334, "grade": 7, "condition": 3, "waterfront": 0, "view": 0, "age": 37, "UTM_X": 555263.0524755317, "UTM_Y": 5238728.6467428133, "price": 100.0 }, "geometry": { "type": "Point", "coordinates": [ 555263.05247553170193, 5238728.646742813289165 ] } },
{ "type": "Feature", "properties": { "bathrooms": 1.5, "sqft_living": 1420, "sqft_lot": 8580, "grade": 6, "condition": 3, "waterfront": 0, "view": 0, "age": 53, "UTM_X": 548225.16142275406, "UTM_Y": 5239544.8562607802, "price": 136.5 }, "geometry": { "type": "Point", "coordinates": [ 548225.16142275405582, 5239544.856260780245066 ] } },
{ "type": "Feature", "properties": { "bathrooms": 1.75, "sqft_living": 2050, "sqft_lot": 3520, "grade": 7, "condition": 4, "waterfront": 0, "view": 0, "age": 38, "UTM_X": 545217.21038401802, "UTM_Y": 5266861.6561040487, "price": 568.00000000000045 }, "geometry": { "type": "Point", "coordinates": [ 545217.210384018020704, 5266861.656104048714042 ] } },
{ "type": "Feature", "properties": { "bathrooms": 2.5, "sqft_living": 2340, "sqft_lot": 8548, "grade": 8, "condition": 3, "waterfront": 0, "view": 0, "age": 22, "UTM_X": 561623.60896167113, "UTM_Y": 5252229.1129408125, "price": 390.00000000000028 }, "geometry": { "type": "Point", "coordinates": [ 561623.608961671125144, 5252229.11294081248343 ] } },
{ "type": "Feature", "properties": { "bathrooms": 1.0, "sqft_living": 1700, "sqft_lot": 11727, "grade": 7, "condition": 4, "waterfront": 0, "view": 0, "age": 61, "UTM_X": 562138.7442429018, "UTM_Y": 5281733.4144384442, "price": 538.99999999999955 }, "geometry": { "type": "Point", "coordinates": [ 562138.744242901797406, 5281733.414438444189727 ] } },
{ "type": "Feature", "properties": { "bathrooms": 3.5, "sqft_living": 4120, "sqft_lot": 12626, "grade": 11, "condition": 3, "waterfront": 0, "view": 1, "age": 1, "UTM_X": 556635.55348917609, "UTM_Y": 5284222.5326770376, "price": 1360.0000000000011 }, "geometry": { "type": "Point", "coordinates": [ 556635.553489176090807, 5284222.532677037641406 ] } },
{ "type": "Feature", "properties": { "bathrooms": 1.0, "sqft_living": 1430, "sqft_lot": 5000, "grade": 7, "condition": 3, "waterfront": 0, "view": 0, "age": 66, "UTM_X": 547276.3802521755, "UTM_Y": 5281982.5899808053, "price": 552.5 }, "geometry": { "type": "Point", "coordinates": [ 547276.380252175498754, 5281982.589980805292726 ] } },
{ "type": "Feature", "properties": { "bathrooms": 1.75, "sqft_living": 1610, "sqft_lot": 7200, "grade": 7, "condition": 3, "waterfront": 0, "view": 0, "age": 39, "UTM_X": 564349.73667301447, "UTM_Y": 5271820.5366316978, "price": 512.5 }, "geometry": { "type": "Point", "coordinates": [ 564349.736673014471307, 5271820.536631697788835 ] } },
{ "type": "Feature", "properties": { "bathrooms": 2.5, "sqft_living": 2440, "sqft_lot": 5750, "grade": 9, "condition": 3, "waterfront": 0, "view": 2, "age": 15, "UTM_X": 546561.36345696554, "UTM_Y": 5268139.2541388301, "price": 679.9 }, "geometry": { "type": "Point", "coordinates": [ 546561.363456965540536, 5268139.254138830117881 ] } },
{ "type": "Feature", "properties": { "bathrooms": 2.5, "sqft_living": 2320, "sqft_lot": 5663, "grade": 8, "condition": 3, "waterfront": 0, "view": 0, "age": 12, "UTM_X": 569989.33622785716, "UTM_Y": 5265483.122112656, "price": 589.00000000000045 }, "geometry": { "type": "Point", "coordinates": [ 569989.336227857158519, 5265483.122112656012177 ] } },
{ "type": "Feature", "properties": { "bathrooms": 2.5, "sqft_living": 2242, "sqft_lot": 5744, "grade": 8, "condition": 3, "waterfront": 0, "view": 0, "age": 3, "UTM_X": 560600.63325334783, "UTM_Y": 5234335.4049196206, "price": 310.00000000000028 }, "geometry": { "type": "Point", "coordinates": [ 560600.633253347827122, 5234335.404919620603323 ] } },
{ "type": "Feature", "properties": { "bathrooms": 1.0, "sqft_living": 720, "sqft_lot": 4920, "grade": 6, "condition": 3, "waterfront": 0, "view": 0, "age": 74, "UTM_X": 547340.39232403692, "UTM_Y": 5264833.4326298116, "price": 314.00000000000023 }, "geometry": { "type": "Point", "coordinates": [ 547340.392324036918581, 5264833.432629811577499 ] } },
{ "type": "Feature", "properties": { "bathrooms": 1.75, "sqft_living": 2290, "sqft_lot": 7380, "grade": 7, "condition": 3, "waterfront": 0, "view": 0, "age": 52, "UTM_X": 556857.8270855695, "UTM_Y": 5261383.8134682374, "price": 326.00000000000028 }, "geometry": { "type": "Point", "coordinates": [ 556857.827085569500923, 5261383.813468237407506 ] } },
{ "type": "Feature", "properties": { "bathrooms": 3.25, "sqft_living": 1450, "sqft_lot": 1468, "grade": 8, "condition": 3, "waterfront": 0, "view": 0, "age": 6, "UTM_X": 547387.52108332352, "UTM_Y": 5268301.5019988595, "price": 379.99999999999994 }, "geometry": { "type": "Point", "coordinates": [ 547387.521083323517814, 5268301.501998859457672 ] } },
{ "type": "Feature", "properties": { "bathrooms": 1.5, "sqft_living": 1940, "sqft_lot": 6386, "grade": 7, "condition": 3, "waterfront": 0, "view": 0, "age": 61, "UTM_X": 553794.45651339076, "UTM_Y": 5266901.0023468444, "price": 280.00000000000011 }, "geometry": { "type": "Point", "coordinates": [ 553794.456513390759937, 5266901.002346844412386 ] } },
{ "type": "Feature", "properties": { "bathrooms": 1.75, "sqft_living": 1310, "sqft_lot": 5000, "grade": 7, "condition": 4, "waterfront": 0, "view": 0, "age": 114, "UTM_X": 546616.41511365143, "UTM_Y": 5280054.4319794793, "price": 600.00000000000034 }, "geometry": { "type": "Point", "coordinates": [ 546616.415113651426509, 5280054.431979479268193 ] } },
{ "type": "Feature", "properties": { "bathrooms": 1.75, "sqft_living": 3140, "sqft_lot": 8571, "grade": 8, "condition": 4, "waterfront": 0, "view": 0, "age": 30, "UTM_X": 550115.04460753687, "UTM_Y": 5239538.3996604066, "price": 345.00000000000023 }, "geometry": { "type": "Point", "coordinates": [ 550115.044607536867261, 5239538.399660406634212 ] } },
{ "type": "Feature", "properties": { "bathrooms": 3.0, "sqft_living": 2010, "sqft_lot": 8171, "grade": 8, "condition": 3, "waterfront": 0, "view": 0, "age": 42, "UTM_X": 558593.66966764908, "UTM_Y": 5290899.9030408822, "price": 433.99999999999966 }, "geometry": { "type": "Point", "coordinates": [ 558593.669667649082839, 5290899.903040882200003 ] } },
{ "type": "Feature", "properties": { "bathrooms": 2.25, "sqft_living": 2440, "sqft_lot": 8378, "grade": 7, "condition": 3, "waterfront": 0, "view": 0, "age": 53, "UTM_X": 555444.90524519014, "UTM_Y": 5291057.8913623216, "price": 565.00000000000023 }, "geometry": { "type": "Point", "coordinates": [ 555444.905245190137066, 5291057.891362321563065 ] } },
{ "type": "Feature", "properties": { "bathrooms": 1.75, "sqft_living": 1650, "sqft_lot": 16200, "grade": 7, "condition": 3, "waterfront": 0, "view": 0, "age": 39, "UTM_X": 562788.26991546713, "UTM_Y": 5249129.3689064207, "price": 264.5 }, "geometry": { "type": "Point", "coordinates": [ 562788.269915467128158, 5249129.368906420655549 ] } },
{ "type": "Feature", "properties": { "bathrooms": 2.75, "sqft_living": 3010, "sqft_lot": 15750, "grade": 8, "condition": 4, "waterfront": 0, "view": 0, "age": 42, "UTM_X": 561257.42810239282, "UTM_Y": 5287014.8742963355, "price": 482.0 }, "geometry": { "type": "Point", "coordinates": [ 561257.42810239281971, 5287014.874296335503459 ] } },
{ "type": "Feature", "properties": { "bathrooms": 1.75, "sqft_living": 2010, "sqft_lot": 8625, "grade": 7, "condition": 4, "waterfront": 0, "view": 0, "age": 58, "UTM_X": 548346.36886144953, "UTM_Y": 5288671.3500623172, "price": 364.00000000000034 }, "geometry": { "type": "Point", "coordinates": [ 548346.368861449533142, 5288671.350062317214906 ] } },
{ "type": "Feature", "properties": { "bathrooms": 3.0, "sqft_living": 2100, "sqft_lot": 7715, "grade": 7, "condition": 3, "waterfront": 0, "view": 0, "age": 2, "UTM_X": 551301.3914493263, "UTM_Y": 5259465.246142175, "price": 329.99999999999972 }, "geometry": { "type": "Point", "coordinates": [ 551301.391449326300062, 5259465.24614217504859 ] } },
{ "type": "Feature", "properties": { "bathrooms": 2.5, "sqft_living": 1680, "sqft_lot": 1683, "grade": 9, "condition": 3, "waterfront": 0, "view": 0, "age": 1, "UTM_X": 547018.40419262147, "UTM_Y": 5276756.6360545205, "price": 629.95 }, "geometry": { "type": "Point", "coordinates": [ 547018.404192621470429, 5276756.636054520495236 ] } },
{ "type": "Feature", "properties": { "bathrooms": 2.0, "sqft_living": 2200, "sqft_lot": 3060, "grade": 7, "condition": 3, "waterfront": 0, "view": 0, "age": 107, "UTM_X": 553857.7010242074, "UTM_Y": 5268201.9927963633, "price": 358.00000000000017 }, "geometry": { "type": "Point", "coordinates": [ 553857.701024207402952, 5268201.992796363309026 ] } },
{ "type": "Feature", "properties": { "bathrooms": 1.75, "sqft_living": 1900, "sqft_lot": 13122, "grade": 7, "condition": 3, "waterfront": 1, "view": 4, "age": 61, "UTM_X": 556622.54519627732, "UTM_Y": 5262348.5010278206, "price": 868.99999999999966 }, "geometry": { "type": "Point", "coordinates": [ 556622.545196277322248, 5262348.501027820631862 ] } },
{ "type": "Feature", "properties": { "bathrooms": 1.0, "sqft_living": 810, "sqft_lot": 4755, "grade": 7, "condition": 3, "waterfront": 0, "view": 0, "age": 35, "UTM_X": 554193.30895333481, "UTM_Y": 5264459.4828490159, "price": 155.00000000000011 }, "geometry": { "type": "Point", "coordinates": [ 554193.308953334810212, 5264459.482849015854299 ] } },
{ "type": "Feature", "properties": { "bathrooms": 2.5, "sqft_living": 2280, "sqft_lot": 8190, "grade": 7, "condition": 3, "waterfront": 0, "view": 3, "age": 32, "UTM_X": 554889.03318250424, "UTM_Y": 5254474.051595144, "price": 345.00000000000023 }, "geometry": { "type": "Point", "coordinates": [ 554889.033182504237629, 5254474.051595143973827 ] } },
{ "type": "Feature", "properties": { "bathrooms": 2.25, "sqft_living": 1560, "sqft_lot": 8570, "grade": 7, "condition": 5, "waterfront": 0, "view": 0, "age": 38, "UTM_X": 559366.83033471985, "UTM_Y": 5273868.4017291749, "price": 1100.0000000000007 }, "geometry": { "type": "Point", "coordinates": [ 559366.830334719852544, 5273868.401729174889624 ] } },
{ "type": "Feature", "properties": { "bathrooms": 1.0, "sqft_living": 710, "sqft_lot": 7120, "grade": 6, "condition": 5, "waterfront": 0, "view": 0, "age": 73, "UTM_X": 547135.20331836026, "UTM_Y": 5262275.4802965671, "price": 285.95 }, "geometry": { "type": "Point", "coordinates": [ 547135.203318360261619, 5262275.480296567082405 ] } },
{ "type": "Feature", "properties": { "bathrooms": 1.0, "sqft_living": 710, "sqft_lot": 4240, "grade": 6, "condition": 4, "waterfront": 0, "view": 0, "age": 73, "UTM_X": 548857.346026588, "UTM_Y": 5263445.5028434303, "price": 270.99999999999977 }, "geometry": { "type": "Point", "coordinates": [ 548857.346026587998495, 5263445.502843430265784 ] } },
{ "type": "Feature", "properties": { "bathrooms": 2.5, "sqft_living": 2580, "sqft_lot": 10631, "grade": 9, "condition": 4, "waterfront": 0, "view": 2, "age": 23, "UTM_X": 559572.01885976573, "UTM_Y": 5283184.8527413597, "price": 864.9999999999992 }, "geometry": { "type": "Point", "coordinates": [ 559572.01885976572521, 5283184.852741359733045 ] } },
{ "type": "Feature", "properties": { "bathrooms": 2.75, "sqft_living": 2360, "sqft_lot": 4924, "grade": 8, "condition": 3, "waterfront": 0, "view": 0, "age": 7, "UTM_X": 557314.51710459543, "UTM_Y": 5291431.7578822933, "price": 525.00000000000011 }, "geometry": { "type": "Point", "coordinates": [ 557314.517104595433921, 5291431.757882293313742 ] } },
{ "type": "Feature", "properties": { "bathrooms": 1.0, "sqft_living": 1150, "sqft_lot": 8050, "grade": 7, "condition": 4, "waterfront": 0, "view": 0, "age": 59, "UTM_X": 553147.27123382501, "UTM_Y": 5246966.9880662244, "price": 123.3 }, "geometry": { "type": "Point", "coordinates": [ 553147.271233825013041, 5246966.988066224381328 ] } },
{ "type": "Feature", "properties": { "bathrooms": 2.75, "sqft_living": 2630, "sqft_lot": 4501, "grade": 8, "condition": 3, "waterfront": 0, "view": 0, "age": 0, "UTM_X": 556639.03783870663, "UTM_Y": 5291547.3846846791, "price": 619.99 }, "geometry": { "type": "Point", "coordinates": [ 556639.037838706630282, 5291547.384684679098427 ] } },
{ "type": "Feature", "properties": { "bathrooms": 2.5, "sqft_living": 3030, "sqft_lot": 6820, "grade": 9, "condition": 3, "waterfront": 0, "view": 0, "age": 68, "UTM_X": 555101.75398136326, "UTM_Y": 5279828.5150842117, "price": 998.0000000000008 }, "geometry": { "type": "Point", "coordinates": [ 555101.753981363261119, 5279828.515084211714566 ] } },
{ "type": "Feature", "properties": { "bathrooms": 1.0, "sqft_living": 1630, "sqft_lot": 6009, "grade": 8, "condition": 4, "waterfront": 0, "view": 3, "age": 61, "UTM_X": 546297.74150246533, "UTM_Y": 5282363.7264396073, "price": 550.00000000000034 }, "geometry": { "type": "Point", "coordinates": [ 546297.741502465330996, 5282363.726439607329667 ] } },
{ "type": "Feature", "properties": { "bathrooms": 3.0, "sqft_living": 2420, "sqft_lot": 4800, "grade": 7, "condition": 3, "waterfront": 0, "view": 0, "age": 96, "UTM_X": 548217.57123769762, "UTM_Y": 5277077.6501060687, "price": 949.99999999999966 }, "geometry": { "type": "Point", "coordinates": [ 548217.571237697615288, 5277077.650106068700552 ] } },
{ "type": "Feature", "properties": { "bathrooms": 1.75, "sqft_living": 2330, "sqft_lot": 6000, "grade": 8, "condition": 3, "waterfront": 0, "view": 0, "age": 78, "UTM_X": 545663.30439563259, "UTM_Y": 5277145.9753851453, "price": 825.00000000000068 }, "geometry": { "type": "Point", "coordinates": [ 545663.304395632585511, 5277145.975385145284235 ] } },
{ "type": "Feature", "properties": { "bathrooms": 1.5, "sqft_living": 1250, "sqft_lot": 4000, "grade": 7, "condition": 3, "waterfront": 0, "view": 0, "age": 60, "UTM_X": 546599.13507291488, "UTM_Y": 5282210.5296776574, "price": 452.00000000000034 }, "geometry": { "type": "Point", "coordinates": [ 546599.135072914883494, 5282210.529677657410502 ] } },
{ "type": "Feature", "properties": { "bathrooms": 1.0, "sqft_living": 660, "sqft_lot": 5000, "grade": 6, "condition": 3, "waterfront": 0, "view": 0, "age": 100, "UTM_X": 547838.82918246475, "UTM_Y": 5268305.1821316555, "price": 175.0 }, "geometry": { "type": "Point", "coordinates": [ 547838.829182464745827, 5268305.18213165551424 ] } },
{ "type": "Feature", "properties": { "bathrooms": 2.5, "sqft_living": 2630, "sqft_lot": 6283, "grade": 9, "condition": 3, "waterfront": 0, "view": 0, "age": 9, "UTM_X": 563404.19828220597, "UTM_Y": 5261951.2497498365, "price": 507.95 }, "geometry": { "type": "Point", "coordinates": [ 563404.19828220596537, 5261951.24974983651191 ] } },
{ "type": "Feature", "properties": { "bathrooms": 2.75, "sqft_living": 3870, "sqft_lot": 10046, "grade": 11, "condition": 3, "waterfront": 0, "view": 0, "age": 10, "UTM_X": 560737.11405898351, "UTM_Y": 5279395.5559042618, "price": 1399.95 }, "geometry": { "type": "Point", "coordinates": [ 560737.114058983512223, 5279395.555904261767864 ] } },
{ "type": "Feature", "properties": { "bathrooms": 1.75, "sqft_living": 1270, "sqft_lot": 6600, "grade": 7, "condition": 5, "waterfront": 0, "view": 0, "age": 112, "UTM_X": 552997.36956524174, "UTM_Y": 5271817.4844398322, "price": 449.00000000000006 }, "geometry": { "type": "Point", "coordinates": [ 552997.369565241737291, 5271817.484439832158387 ] } },
{ "type": "Feature", "properties": { "bathrooms": 2.5, "sqft_living": 1990, "sqft_lot": 2660, "grade": 8, "condition": 3, "waterfront": 0, "view": 0, "age": 3, "UTM_X": 561634.20618462306, "UTM_Y": 5286841.0192979202, "price": 537.00000000000034 }, "geometry": { "type": "Point", "coordinates": [ 561634.206184623064473, 5286841.019297920167446 ] } },
{ "type": "Feature", "properties": { "bathrooms": 1.75, "sqft_living": 1760, "sqft_lot": 6788, "grade": 7, "condition": 3, "waterfront": 1, "view": 4, "age": 75, "UTM_X": 553684.64004230394, "UTM_Y": 5286939.8989954321, "price": 1150.0000000000002 }, "geometry": { "type": "Point", "coordinates": [ 553684.640042303944938, 5286939.898995432071388 ] } },
{ "type": "Feature", "properties": { "bathrooms": 2.25, "sqft_living": 2550, "sqft_lot": 12918, "grade": 9, "condition": 3, "waterfront": 0, "view": 0, "age": 28, "UTM_X": 567024.60513151193, "UTM_Y": 5268038.1774930554, "price": 703.77 }, "geometry": { "type": "Point", "coordinates": [ 567024.60513151192572, 5268038.177493055351079 ] } },
{ "type": "Feature", "properties": { "bathrooms": 3.5, "sqft_living": 3845, "sqft_lot": 8400, "grade": 10, "condition": 3, "waterfront": 0, "view": 0, "age": 2, "UTM_X": 560245.72822755366, "UTM_Y": 5276089.2938582404, "price": 1750.0 }, "geometry": { "type": "Point", "coordinates": [ 560245.728227553656325, 5276089.293858240358531 ] } },
{ "type": "Feature", "properties": { "bathrooms": 1.0, "sqft_living": 1140, "sqft_lot": 6700, "grade": 7, "condition": 3, "waterfront": 0, "view": 0, "age": 95, "UTM_X": 548246.10948431585, "UTM_Y": 5282690.781664785, "price": 539.99999999999955 }, "geometry": { "type": "Point", "coordinates": [ 548246.109484315849841, 5282690.781664784997702 ] } },
{ "type": "Feature", "properties": { "bathrooms": 2.25, "sqft_living": 2300, "sqft_lot": 9914, "grade": 8, "condition": 4, "waterfront": 0, "view": 0, "age": 35, "UTM_X": 568747.67863407813, "UTM_Y": 5268658.4269333929, "price": 680.00000000000045 }, "geometry": { "type": "Point", "coordinates": [ 568747.678634078125469, 5268658.426933392882347 ] } },
{ "type": "Feature", "properties": { "bathrooms": 2.5, "sqft_living": 2080, "sqft_lot": 11050, "grade": 8, "condition": 4, "waterfront": 0, "view": 0, "age": 46, "UTM_X": 566386.17935078568, "UTM_Y": 5257994.0730910441, "price": 364.00000000000034 }, "geometry": { "type": "Point", "coordinates": [ 566386.179350785678253, 5257994.073091044090688 ] } },
{ "type": "Feature", "properties": { "bathrooms": 1.5, "sqft_living": 1090, "sqft_lot": 10454, "grade": 6, "condition": 3, "waterfront": 0, "view": 0, "age": 52, "UTM_X": 569343.99649618298, "UTM_Y": 5243634.5915092155, "price": 200.00000000000003 }, "geometry": { "type": "Point", "coordinates": [ 569343.99649618298281, 5243634.591509215533733 ] } },
{ "type": "Feature", "properties": { "bathrooms": 2.5, "sqft_living": 1640, "sqft_lot": 5097, "grade": 7, "condition": 3, "waterfront": 0, "view": 0, "age": 46, "UTM_X": 554115.22799734783, "UTM_Y": 5289011.2811833844, "price": 474.99999999999977 }, "geometry": { "type": "Point", "coordinates": [ 554115.227997347828932, 5289011.281183384358883 ] } },
{ "type": "Feature", "properties": { "bathrooms": 2.0, "sqft_living": 1820, "sqft_lot": 5000, "grade": 7, "condition": 3, "waterfront": 0, "view": 1, "age": 70, "UTM_X": 554863.96269405528, "UTM_Y": 5281160.0508700833, "price": 650.00000000000011 }, "geometry": { "type": "Point", "coordinates": [ 554863.962694055284373, 5281160.050870083272457 ] } },
{ "type": "Feature", "properties": { "bathrooms": 3.5, "sqft_living": 2710, "sqft_lot": 5722, "grade": 8, "condition": 4, "waterfront": 0, "view": 0, "age": 18, "UTM_X": 552509.63800566585, "UTM_Y": 5267533.9556370247, "price": 539.5 }, "geometry": { "type": "Point", "coordinates": [ 552509.638005665852688, 5267533.955637024715543 ] } },
{ "type": "Feature", "properties": { "bathrooms": 2.5, "sqft_living": 2750, "sqft_lot": 9949, "grade": 10, "condition": 3, "waterfront": 0, "view": 0, "age": 16, "UTM_X": 564047.32014660118, "UTM_Y": 5278808.6014641896, "price": 1050.0000000000005 }, "geometry": { "type": "Point", "coordinates": [ 564047.320146601181477, 5278808.601464189589024 ] } },
{ "type": "Feature", "properties": { "bathrooms": 1.0, "sqft_living": 1100, "sqft_lot": 4373, "grade": 6, "condition": 2, "waterfront": 0, "view": 0, "age": 68, "UTM_X": 549890.23868253804, "UTM_Y": 5257085.7046609484, "price": 249.99999999999994 }, "geometry": { "type": "Point", "coordinates": [ 549890.23868253803812, 5257085.704660948365927 ] } },
{ "type": "Feature", "properties": { "bathrooms": 2.5, "sqft_living": 2830, "sqft_lot": 3750, "grade": 10, "condition": 3, "waterfront": 0, "view": 0, "age": 1, "UTM_X": 546159.22489946103, "UTM_Y": 5280906.6102128187, "price": 959.0 }, "geometry": { "type": "Point", "coordinates": [ 546159.224899461027235, 5280906.610212818719447 ] } },
{ "type": "Feature", "properties": { "bathrooms": 1.5, "sqft_living": 2230, "sqft_lot": 9120, "grade": 7, "condition": 3, "waterfront": 0, "view": 0, "age": 56, "UTM_X": 548350.40068511886, "UTM_Y": 5261018.3647807585, "price": 333.5 }, "geometry": { "type": "Point", "coordinates": [ 548350.400685118860565, 5261018.36478075850755 ] } },
{ "type": "Feature", "properties": { "bathrooms": 3.5, "sqft_living": 2920, "sqft_lot": 3000, "grade": 9, "condition": 3, "waterfront": 0, "view": 0, "age": 1, "UTM_X": 548856.82921692031, "UTM_Y": 5281451.0364376828, "price": 1065.0000000000007 }, "geometry": { "type": "Point", "coordinates": [ 548856.829216920305043, 5281451.036437682807446 ] } },
{ "type": "Feature", "properties": { "bathrooms": 1.75, "sqft_living": 1700, "sqft_lot": 7800, "grade": 7, "condition": 5, "waterfront": 0, "view": 0, "age": 34, "UTM_X": 563437.67212716769, "UTM_Y": 5258861.6975158425, "price": 348.99999999999983 }, "geometry": { "type": "Point", "coordinates": [ 563437.672127167694271, 5258861.697515842504799 ] } },
{ "type": "Feature", "properties": { "bathrooms": 2.25, "sqft_living": 1960, "sqft_lot": 10385, "grade": 8, "condition": 3, "waterfront": 0, "view": 0, "age": 27, "UTM_X": 567010.18973111454, "UTM_Y": 5269294.0171704907, "price": 613.0 }, "geometry": { "type": "Point", "coordinates": [ 567010.189731114543974, 5269294.017170490697026 ] } },
{ "type": "Feature", "properties": { "bathrooms": 3.25, "sqft_living": 2770, "sqft_lot": 6278, "grade": 9, "condition": 3, "waterfront": 0, "view": 0, "age": 9, "UTM_X": 560299.76502226817, "UTM_Y": 5263574.5255339444, "price": 460.99999999999983 }, "geometry": { "type": "Point", "coordinates": [ 560299.76502226816956, 5263574.525533944368362 ] } },
{ "type": "Feature", "properties": { "bathrooms": 2.5, "sqft_living": 1489, "sqft_lot": 3266, "grade": 7, "condition": 3, "waterfront": 0, "view": 0, "age": 1, "UTM_X": 559143.38946672087, "UTM_Y": 5243823.3177368958, "price": 255.9 }, "geometry": { "type": "Point", "coordinates": [ 559143.389466720866039, 5243823.317736895754933 ] } },
{ "type": "Feature", "properties": { "bathrooms": 3.5, "sqft_living": 3040, "sqft_lot": 8414, "grade": 9, "condition": 3, "waterfront": 0, "view": 0, "age": 5, "UTM_X": 563462.25483417895, "UTM_Y": 5263541.3020781334, "price": 684.00000000000057 }, "geometry": { "type": "Point", "coordinates": [ 563462.254834178951569, 5263541.302078133448958 ] } },
{ "type": "Feature", "properties": { "bathrooms": 2.25, "sqft_living": 2070, "sqft_lot": 10488, "grade": 7, "condition": 4, "waterfront": 0, "view": 0, "age": 57, "UTM_X": 565987.34808804106, "UTM_Y": 5273272.6842708858, "price": 400.00000000000011 }, "geometry": { "type": "Point", "coordinates": [ 565987.348088041064329, 5273272.684270885773003 ] } },
{ "type": "Feature", "properties": { "bathrooms": 1.75, "sqft_living": 1250, "sqft_lot": 9605, "grade": 7, "condition": 3, "waterfront": 0, "view": 0, "age": 51, "UTM_X": 566033.53338230564, "UTM_Y": 5275829.6932064192, "price": 458.5 }, "geometry": { "type": "Point", "coordinates": [ 566033.53338230564259, 5275829.693206419236958 ] } },
{ "type": "Feature", "properties": { "bathrooms": 1.0, "sqft_living": 1440, "sqft_lot": 8842, "grade": 7, "condition": 3, "waterfront": 0, "view": 0, "age": 65, "UTM_X": 550600.16430217284, "UTM_Y": 5288101.481394019, "price": 335.00000000000028 }, "geometry": { "type": "Point", "coordinates": [ 550600.164302172837779, 5288101.48139401897788 ] } },
{ "type": "Feature", "properties": { "bathrooms": 1.0, "sqft_living": 1250, "sqft_lot": 8800, "grade": 7, "condition": 3, "waterfront": 0, "view": 0, "age": 60, "UTM_X": 548429.20691360114, "UTM_Y": 5260596.6725850962, "price": 230.00000000000009 }, "geometry": { "type": "Point", "coordinates": [ 548429.206913601141423, 5260596.672585096210241 ] } },
{ "type": "Feature", "properties": { "bathrooms": 2.25, "sqft_living": 1720, "sqft_lot": 8300, "grade": 8, "condition": 4, "waterfront": 0, "view": 0, "age": 42, "UTM_X": 546476.47039616329, "UTM_Y": 5240820.0143002095, "price": 240.00000000000017 }, "geometry": { "type": "Point", "coordinates": [ 546476.470396163291298, 5240820.014300209470093 ] } },
{ "type": "Feature", "properties": { "bathrooms": 2.0, "sqft_living": 2170, "sqft_lot": 5404, "grade": 6, "condition": 5, "waterfront": 0, "view": 0, "age": 95, "UTM_X": 558961.94971683435, "UTM_Y": 5239309.0899379058, "price": 249.99999999999994 }, "geometry": { "type": "Point", "coordinates": [ 558961.94971683435142, 5239309.089937905780971 ] } },
{ "type": "Feature", "properties": { "bathrooms": 1.0, "sqft_living": 1200, "sqft_lot": 12500, "grade": 6, "condition": 3, "waterfront": 0, "view": 0, "age": 79, "UTM_X": 550615.57479027449, "UTM_Y": 5251634.82346428, "price": 203.9999999999998 }, "geometry": { "type": "Point", "coordinates": [ 550615.574790274491534, 5251634.823464279994369 ] } },
{ "type": "Feature", "properties": { "bathrooms": 1.75, "sqft_living": 2840, "sqft_lot": 10220, "grade": 7, "condition": 4, "waterfront": 0, "view": 0, "age": 61, "UTM_X": 547958.35750817962, "UTM_Y": 5290268.6616824251, "price": 461.99999999999972 }, "geometry": { "type": "Point", "coordinates": [ 547958.357508179615252, 5290268.661682425066829 ] } },
{ "type": "Feature", "properties": { "bathrooms": 2.25, "sqft_living": 2140, "sqft_lot": 8700, "grade": 8, "condition": 3, "waterfront": 0, "view": 2, "age": 53, "UTM_X": 551771.54830284615, "UTM_Y": 5282843.3758340124, "price": 563.99999999999989 }, "geometry": { "type": "Point", "coordinates": [ 551771.548302846145816, 5282843.375834012404084 ] } },
{ "type": "Feature", "properties": { "bathrooms": 2.5, "sqft_living": 1850, "sqft_lot": 5444, "grade": 7, "condition": 5, "waterfront": 0, "view": 0, "age": 34, "UTM_X": 562995.06489016581, "UTM_Y": 5285821.9091926087, "price": 474.99999999999977 }, "geometry": { "type": "Point", "coordinates": [ 562995.064890165813267, 5285821.9091926086694 ] } },
{ "type": "Feature", "properties": { "bathrooms": 1.0, "sqft_living": 1000, "sqft_lot": 7664, "grade": 7, "condition": 3, "waterfront": 0, "view": 2, "age": 76, "UTM_X": 551693.35411294817, "UTM_Y": 5283198.353558436, "price": 397.00000000000011 }, "geometry": { "type": "Point", "coordinates": [ 551693.354112948174588, 5283198.35355843603611 ] } },
{ "type": "Feature", "properties": { "bathrooms": 1.0, "sqft_living": 1500, "sqft_lot": 4000, "grade": 8, "condition": 3, "waterfront": 0, "view": 0, "age": 82, "UTM_X": 548597.17678736045, "UTM_Y": 5276591.7634906601, "price": 735.99999999999932 }, "geometry": { "type": "Point", "coordinates": [ 548597.17678736045491, 5276591.763490660116076 ] } },
{ "type": "Feature", "properties": { "bathrooms": 2.0, "sqft_living": 1400, "sqft_lot": 4800, "grade": 7, "condition": 3, "waterfront": 0, "view": 0, "age": 29, "UTM_X": 552752.5403071274, "UTM_Y": 5273949.2787926458, "price": 815.00000000000045 }, "geometry": { "type": "Point", "coordinates": [ 552752.540307127404958, 5273949.278792645782232 ] } },
{ "type": "Feature", "properties": { "bathrooms": 2.75, "sqft_living": 2060, "sqft_lot": 6659, "grade": 7, "condition": 3, "waterfront": 0, "view": 0, "age": 34, "UTM_X": 563576.2622988933, "UTM_Y": 5253027.9683478707, "price": 322.5 }, "geometry": { "type": "Point", "coordinates": [ 563576.262298893299885, 5253027.968347870744765 ] } },
{ "type": "Feature", "properties": { "bathrooms": 1.0, "sqft_living": 1630, "sqft_lot": 8308, "grade": 7, "condition": 3, "waterfront": 0, "view": 0, "age": 67, "UTM_X": 546838.202469468, "UTM_Y": 5261750.723362226, "price": 474.9 }, "geometry": { "type": "Point", "coordinates": [ 546838.202469468000345, 5261750.723362226039171 ] } },
{ "type": "Feature", "properties": { "bathrooms": 1.75, "sqft_living": 2360, "sqft_lot": 8286, "grade": 7, "condition": 3, "waterfront": 0, "view": 0, "age": 63, "UTM_X": 559734.47949130402, "UTM_Y": 5274661.316800341, "price": 874.99999999999989 }, "geometry": { "type": "Point", "coordinates": [ 559734.479491304024123, 5274661.316800341010094 ] } },
{ "type": "Feature", "properties": { "bathrooms": 3.5, "sqft_living": 4110, "sqft_lot": 15720, "grade": 10, "condition": 3, "waterfront": 0, "view": 1, "age": 15, "UTM_X": 557846.05897778424, "UTM_Y": 5283200.762496002, "price": 1450.0000000000011 }, "geometry": { "type": "Point", "coordinates": [ 557846.058977784239687, 5283200.762496002018452 ] } },
{ "type": "Feature", "properties": { "bathrooms": 1.5, "sqft_living": 1940, "sqft_lot": 3430, "grade": 6, "condition": 4, "waterfront": 0, "view": 0, "age": 89, "UTM_X": 547880.55675952916, "UTM_Y": 5281520.7183269542, "price": 565.00000000000023 }, "geometry": { "type": "Point", "coordinates": [ 547880.556759529164992, 5281520.718326954171062 ] } },
{ "type": "Feature", "properties": { "bathrooms": 1.75, "sqft_living": 2100, "sqft_lot": 3264, "grade": 7, "condition": 5, "waterfront": 0, "view": 0, "age": 103, "UTM_X": 547744.23545054125, "UTM_Y": 5279841.2862204816, "price": 624.99999999999966 }, "geometry": { "type": "Point", "coordinates": [ 547744.235450541251339, 5279841.286220481619239 ] } },
{ "type": "Feature", "properties": { "bathrooms": 2.0, "sqft_living": 1490, "sqft_lot": 5300, "grade": 7, "condition": 3, "waterfront": 0, "view": 0, "age": 38, "UTM_X": 552924.91899050237, "UTM_Y": 5271516.7313079992, "price": 425.00000000000006 }, "geometry": { "type": "Point", "coordinates": [ 552924.918990502366796, 5271516.731307999230921 ] } },
{ "type": "Feature", "properties": { "bathrooms": 2.5, "sqft_living": 1530, "sqft_lot": 2890, "grade": 7, "condition": 3, "waterfront": 0, "view": 0, "age": 14, "UTM_X": 553202.58108595398, "UTM_Y": 5265795.241048146, "price": 320.00000000000023 }, "geometry": { "type": "Point", "coordinates": [ 553202.58108595397789, 5265795.241048146039248 ] } },
{ "type": "Feature", "properties": { "bathrooms": 3.5, "sqft_living": 2800, "sqft_lot": 7350, "grade": 7, "condition": 3, "waterfront": 0, "view": 0, "age": 20, "UTM_X": 549304.62564199988, "UTM_Y": 5263971.6330269212, "price": 379.9 }, "geometry": { "type": "Point", "coordinates": [ 549304.625641999882646, 5263971.633026921190321 ] } },
{ "type": "Feature", "properties": { "bathrooms": 1.0, "sqft_living": 1600, "sqft_lot": 1950, "grade": 7, "condition": 2, "waterfront": 0, "view": 0, "age": 109, "UTM_X": 551714.29956997593, "UTM_Y": 5272383.9266529819, "price": 302.00000000000023 }, "geometry": { "type": "Point", "coordinates": [ 551714.299569975933991, 5272383.926652981899679 ] } },
{ "type": "Feature", "properties": { "bathrooms": 3.25, "sqft_living": 1540, "sqft_lot": 704, "grade": 9, "condition": 3, "waterfront": 0, "view": 0, "age": 4, "UTM_X": 552000.19054193154, "UTM_Y": 5274042.5500114616, "price": 742.00000000000045 }, "geometry": { "type": "Point", "coordinates": [ 552000.190541931544431, 5274042.550011461600661 ] } },
{ "type": "Feature", "properties": { "bathrooms": 1.0, "sqft_living": 990, "sqft_lot": 4250, "grade": 7, "condition": 4, "waterfront": 0, "view": 0, "age": 91, "UTM_X": 545906.90951247606, "UTM_Y": 5265266.5715136966, "price": 399.00000000000011 }, "geometry": { "type": "Point", "coordinates": [ 545906.909512476064265, 5265266.571513696573675 ] } },
{ "type": "Feature", "properties": { "bathrooms": 2.0, "sqft_living": 1760, "sqft_lot": 5500, "grade": 7, "condition": 3, "waterfront": 0, "view": 1, "age": 90, "UTM_X": 555336.00154302863, "UTM_Y": 5263025.2924544932, "price": 285.0 }, "geometry": { "type": "Point", "coordinates": [ 555336.001543028629385, 5263025.292454493232071 ] } },
{ "type": "Feature", "properties": { "bathrooms": 1.0, "sqft_living": 1540, "sqft_lot": 4500, "grade": 7, "condition": 2, "waterfront": 0, "view": 0, "age": 110, "UTM_X": 546316.29830188584, "UTM_Y": 5270582.4737497577, "price": 462.5 }, "geometry": { "type": "Point", "coordinates": [ 546316.298301885835826, 5270582.473749757744372 ] } },
{ "type": "Feature", "properties": { "bathrooms": 2.75, "sqft_living": 2920, "sqft_lot": 4500, "grade": 9, "condition": 3, "waterfront": 0, "view": 0, "age": 16, "UTM_X": 565893.3680828379, "UTM_Y": 5268280.9489571955, "price": 730.0 }, "geometry": { "type": "Point", "coordinates": [ 565893.368082837900147, 5268280.9489571955055 ] } },
{ "type": "Feature", "properties": { "bathrooms": 2.5, "sqft_living": 2160, "sqft_lot": 9682, "grade": 8, "condition": 3, "waterfront": 0, "view": 0, "age": 16, "UTM_X": 560051.02557963587, "UTM_Y": 5251101.3586864276, "price": 345.5 }, "geometry": { "type": "Point", "coordinates": [ 560051.02557963586878, 5251101.358686427585781 ] } },
{ "type": "Feature", "properties": { "bathrooms": 2.25, "sqft_living": 2110, "sqft_lot": 10698, "grade": 8, "condition": 4, "waterfront": 0, "view": 0, "age": 36, "UTM_X": 569056.82151186815, "UTM_Y": 5267961.8198101763, "price": 565.00000000000023 }, "geometry": { "type": "Point", "coordinates": [ 569056.82151186815463, 5267961.81981017626822 ] } },
{ "type": "Feature", "properties": { "bathrooms": 2.25, "sqft_living": 1840, "sqft_lot": 6214, "grade": 7, "condition": 4, "waterfront": 0, "view": 0, "age": 32, "UTM_X": 561491.72866677749, "UTM_Y": 5250416.0551214153, "price": 285.0 }, "geometry": { "type": "Point", "coordinates": [ 561491.728666777489707, 5250416.055121415294707 ] } },
{ "type": "Feature", "properties": { "bathrooms": 1.5, "sqft_living": 1580, "sqft_lot": 10100, "grade": 7, "condition": 4, "waterfront": 0, "view": 0, "age": 54, "UTM_X": 560844.3289111011, "UTM_Y": 5254632.8461290272, "price": 296.5 }, "geometry": { "type": "Point", "coordinates": [ 560844.32891110109631, 5254632.846129027195275 ] } },
{ "type": "Feature", "properties": { "bathrooms": 2.25, "sqft_living": 2160, "sqft_lot": 17861, "grade": 9, "condition": 4, "waterfront": 1, "view": 4, "age": 59, "UTM_X": 546315.92400178208, "UTM_Y": 5261135.2813554723, "price": 1200.0000000000007 }, "geometry": { "type": "Point", "coordinates": [ 546315.924001782084815, 5261135.281355472281575 ] } },
{ "type": "Feature", "properties": { "bathrooms": 2.25, "sqft_living": 2190, "sqft_lot": 8834, "grade": 7, "condition": 3, "waterfront": 0, "view": 0, "age": 28, "UTM_X": 557192.24175594863, "UTM_Y": 5234701.4994724076, "price": 194.25 }, "geometry": { "type": "Point", "coordinates": [ 557192.241755948634818, 5234701.499472407624125 ] } },
{ "type": "Feature", "properties": { "bathrooms": 2.5, "sqft_living": 1600, "sqft_lot": 6315, "grade": 8, "condition": 3, "waterfront": 0, "view": 0, "age": 2, "UTM_X": 560674.68952822627, "UTM_Y": 5234491.7650999436, "price": 287.00000000000006 }, "geometry": { "type": "Point", "coordinates": [ 560674.68952822627034, 5234491.765099943615496 ] } },
{ "type": "Feature", "properties": { "bathrooms": 1.0, "sqft_living": 1320, "sqft_lot": 5000, "grade": 7, "condition": 3, "waterfront": 0, "view": 0, "age": 87, "UTM_X": 547932.92198095052, "UTM_Y": 5266005.2711480111, "price": 229.0000000000002 }, "geometry": { "type": "Point", "coordinates": [ 547932.921980950515717, 5266005.271148011088371 ] } },
{ "type": "Feature", "properties": { "bathrooms": 1.75, "sqft_living": 1180, "sqft_lot": 5000, "grade": 7, "condition": 2, "waterfront": 0, "view": 0, "age": 90, "UTM_X": 545187.82182316505, "UTM_Y": 5280343.2529357746, "price": 600.00000000000034 }, "geometry": { "type": "Point", "coordinates": [ 545187.821823165053502, 5280343.252935774624348 ] } },
{ "type": "Feature", "properties": { "bathrooms": 1.75, "sqft_living": 1470, "sqft_lot": 6550, "grade": 7, "condition": 3, "waterfront": 0, "view": 2, "age": 99, "UTM_X": 546577.93263070693, "UTM_Y": 5266060.9991346356, "price": 525.00000000000011 }, "geometry": { "type": "Point", "coordinates": [ 546577.932630706927739, 5266060.999134635552764 ] } },
{ "type": "Feature", "properties": { "bathrooms": 2.0, "sqft_living": 2060, "sqft_lot": 2900, "grade": 8, "condition": 5, "waterfront": 0, "view": 0, "age": 84, "UTM_X": 553230.90050212014, "UTM_Y": 5270941.5542257568, "price": 684.99999999999977 }, "geometry": { "type": "Point", "coordinates": [ 553230.900502120144665, 5270941.554225756786764 ] } },
{ "type": "Feature", "properties": { "bathrooms": 3.75, "sqft_living": 3090, "sqft_lot": 7415, "grade": 8, "condition": 3, "waterfront": 0, "view": 0, "age": 1, "UTM_X": 550597.55547832162, "UTM_Y": 5253724.1432937877, "price": 540.5 }, "geometry": { "type": "Point", "coordinates": [ 550597.555478321621194, 5253724.14329378772527 ] } },
{ "type": "Feature", "properties": { "bathrooms": 2.5, "sqft_living": 1420, "sqft_lot": 814, "grade": 8, "condition": 3, "waterfront": 0, "view": 0, "age": 7, "UTM_X": 546129.4346016479, "UTM_Y": 5265679.5537619963, "price": 451.3 }, "geometry": { "type": "Point", "coordinates": [ 546129.434601647895761, 5265679.553761996328831 ] } },
{ "type": "Feature", "properties": { "bathrooms": 3.5, "sqft_living": 4280, "sqft_lot": 9583, "grade": 11, "condition": 3, "waterfront": 0, "view": 0, "age": 10, "UTM_X": 560363.99432579952, "UTM_Y": 5271922.4185438957, "price": 1600.0000000000009 }, "geometry": { "type": "Point", "coordinates": [ 560363.994325799518265, 5271922.418543895706534 ] } },
{ "type": "Feature", "properties": { "bathrooms": 1.0, "sqft_living": 1170, "sqft_lot": 6543, "grade": 7, "condition": 3, "waterfront": 0, "view": 0, "age": 102, "UTM_X": 546285.13057031808, "UTM_Y": 5265025.0393508105, "price": 285.99999999999977 }, "geometry": { "type": "Point", "coordinates": [ 546285.13057031808421, 5265025.039350810460746 ] } },
{ "type": "Feature", "properties": { "bathrooms": 1.0, "sqft_living": 960, "sqft_lot": 6263, "grade": 6, "condition": 4, "waterfront": 0, "view": 1, "age": 73, "UTM_X": 559911.84657227714, "UTM_Y": 5279331.4249978932, "price": 659.99999999999955 }, "geometry": { "type": "Point", "coordinates": [ 559911.846572277136147, 5279331.424997893162072 ] } },
{ "type": "Feature", "properties": { "bathrooms": 1.75, "sqft_living": 2920, "sqft_lot": 9370, "grade": 8, "condition": 4, "waterfront": 0, "view": 0, "age": 34, "UTM_X": 563881.25917351386, "UTM_Y": 5266535.7729885103, "price": 650.00000000000011 }, "geometry": { "type": "Point", "coordinates": [ 563881.259173513855785, 5266535.7729885103181 ] } },
{ "type": "Feature", "properties": { "bathrooms": 2.25, "sqft_living": 2460, "sqft_lot": 14600, "grade": 8, "condition": 4, "waterfront": 0, "view": 0, "age": 38, "UTM_X": 563411.66505196039, "UTM_Y": 5247313.2735049501, "price": 439.95 }, "geometry": { "type": "Point", "coordinates": [ 563411.665051960386336, 5247313.273504950106144 ] } },
{ "type": "Feature", "properties": { "bathrooms": 1.75, "sqft_living": 1070, "sqft_lot": 8000, "grade": 7, "condition": 3, "waterfront": 0, "view": 0, "age": 38, "UTM_X": 565275.9599521358, "UTM_Y": 5283079.3900507353, "price": 414.99999999999977 }, "geometry": { "type": "Point", "coordinates": [ 565275.959952135803178, 5283079.390050735324621 ] } },
{ "type": "Feature", "properties": { "bathrooms": 3.0, "sqft_living": 2400, "sqft_lot": 4000, "grade": 7, "condition": 3, "waterfront": 0, "view": 0, "age": 110, "UTM_X": 551012.51215916988, "UTM_Y": 5275267.5461235251, "price": 851.9999999999992 }, "geometry": { "type": "Point", "coordinates": [ 551012.512159169884399, 5275267.546123525127769 ] } },
{ "type": "Feature", "properties": { "bathrooms": 2.5, "sqft_living": 3440, "sqft_lot": 14554, "grade": 8, "condition": 3, "waterfront": 1, "view": 4, "age": 3, "UTM_X": 553531.81367334153, "UTM_Y": 5287249.7057627356, "price": 1950.0000000000011 }, "geometry": { "type": "Point", "coordinates": [ 553531.813673341530375, 5287249.705762735567987 ] } },
{ "type": "Feature", "properties": { "bathrooms": 1.75, "sqft_living": 2600, "sqft_lot": 11325, "grade": 7, "condition": 4, "waterfront": 0, "view": 0, "age": 46, "UTM_X": 559917.37775846676, "UTM_Y": 5249410.590396069, "price": 304.9 }, "geometry": { "type": "Point", "coordinates": [ 559917.37775846675504, 5249410.590396068990231 ] } },
{ "type": "Feature", "properties": { "bathrooms": 1.0, "sqft_living": 1660, "sqft_lot": 7440, "grade": 7, "condition": 3, "waterfront": 0, "view": 0, "age": 58, "UTM_X": 548027.79796361213, "UTM_Y": 5263616.4606533963, "price": 210.00000000000011 }, "geometry": { "type": "Point", "coordinates": [ 548027.797963612130843, 5263616.460653396323323 ] } },
{ "type": "Feature", "properties": { "bathrooms": 2.0, "sqft_living": 2540, "sqft_lot": 4750, "grade": 9, "condition": 5, "waterfront": 0, "view": 0, "age": 85, "UTM_X": 545030.03764171735, "UTM_Y": 5281331.2261630679, "price": 845.00000000000057 }, "geometry": { "type": "Point", "coordinates": [ 545030.037641717353836, 5281331.226163067854941 ] } },
{ "type": "Feature", "properties": { "bathrooms": 2.25, "sqft_living": 1834, "sqft_lot": 7460, "grade": 8, "condition": 3, "waterfront": 0, "view": 0, "age": 3, "UTM_X": 563208.3689257619, "UTM_Y": 5245154.8630845817, "price": 280.00000000000011 }, "geometry": { "type": "Point", "coordinates": [ 563208.368925761897117, 5245154.863084581680596 ] } },
{ "type": "Feature", "properties": { "bathrooms": 2.5, "sqft_living": 3350, "sqft_lot": 4501, "grade": 9, "condition": 3, "waterfront": 0, "view": 0, "age": 13, "UTM_X": 546602.34208534402, "UTM_Y": 5281810.4285267899, "price": 924.99999999999977 }, "geometry": { "type": "Point", "coordinates": [ 546602.342085344018415, 5281810.428526789881289 ] } },
{ "type": "Feature", "properties": { "bathrooms": 2.5, "sqft_living": 3110, "sqft_lot": 11422, "grade": 9, "condition": 3, "waterfront": 0, "view": 0, "age": 26, "UTM_X": 554711.97466301476, "UTM_Y": 5281358.6865858007, "price": 924.99999999999977 }, "geometry": { "type": "Point", "coordinates": [ 554711.974663014756516, 5281358.686585800722241 ] } },
{ "type": "Feature", "properties": { "bathrooms": 4.0, "sqft_living": 4690, "sqft_lot": 8208, "grade": 9, "condition": 3, "waterfront": 0, "view": 0, "age": 89, "UTM_X": 552286.40589091904, "UTM_Y": 5275645.6239043847, "price": 2047.9999999999989 }, "geometry": { "type": "Point", "coordinates": [ 552286.405890919035301, 5275645.623904384672642 ] } },
{ "type": "Feature", "properties": { "bathrooms": 2.25, "sqft_living": 1630, "sqft_lot": 10962, "grade": 8, "condition": 4, "waterfront": 0, "view": 0, "age": 38, "UTM_X": 562954.08457712748, "UTM_Y": 5247741.8223381182, "price": 305.00000000000006 }, "geometry": { "type": "Point", "coordinates": [ 562954.084577127476223, 5247741.822338118217885 ] } },
{ "type": "Feature", "properties": { "bathrooms": 2.5, "sqft_living": 1900, "sqft_lot": 7984, "grade": 8, "condition": 3, "waterfront": 0, "view": 0, "age": 22, "UTM_X": 560421.44545424939, "UTM_Y": 5288084.2845455129, "price": 434.99999999999966 }, "geometry": { "type": "Point", "coordinates": [ 560421.445454249391332, 5288084.284545512869954 ] } },
{ "type": "Feature", "properties": { "bathrooms": 2.75, "sqft_living": 2760, "sqft_lot": 8160, "grade": 8, "condition": 4, "waterfront": 0, "view": 2, "age": 75, "UTM_X": 547619.42371962208, "UTM_Y": 5285908.8780115563, "price": 613.99999999999955 }, "geometry": { "type": "Point", "coordinates": [ 547619.423719622078352, 5285908.878011556342244 ] } },
{ "type": "Feature", "properties": { "bathrooms": 3.25, "sqft_living": 3760, "sqft_lot": 9792, "grade": 9, "condition": 3, "waterfront": 0, "view": 0, "age": 31, "UTM_X": 566569.33638548036, "UTM_Y": 5268377.5367969712, "price": 851.00000000000034 }, "geometry": { "type": "Point", "coordinates": [ 566569.336385480361059, 5268377.536796971224248 ] } },
{ "type": "Feature", "properties": { "bathrooms": 2.0, "sqft_living": 1390, "sqft_lot": 5127, "grade": 8, "condition": 3, "waterfront": 0, "view": 0, "age": 25, "UTM_X": 559855.0001104296, "UTM_Y": 5255522.9454356087, "price": 297.95 }, "geometry": { "type": "Point", "coordinates": [ 559855.000110429595225, 5255522.945435608737171 ] } },
{ "type": "Feature", "properties": { "bathrooms": 2.25, "sqft_living": 3830, "sqft_lot": 11180, "grade": 9, "condition": 5, "waterfront": 0, "view": 2, "age": 53, "UTM_X": 566695.00719051296, "UTM_Y": 5270546.4137094561, "price": 887.00000000000057 }, "geometry": { "type": "Point", "coordinates": [ 566695.007190512958914, 5270546.41370945610106 ] } },
{ "type": "Feature", "properties": { "bathrooms": 2.5, "sqft_living": 1232, "sqft_lot": 1130, "grade": 7, "condition": 3, "waterfront": 0, "view": 0, "age": 8, "UTM_X": 551225.16259749979, "UTM_Y": 5285239.3329499112, "price": 343.99999999999989 }, "geometry": { "type": "Point", "coordinates": [ 551225.162597499787807, 5285239.332949911244214 ] } },
{ "type": "Feature", "properties": { "bathrooms": 1.5, "sqft_living": 1190, "sqft_lot": 8726, "grade": 7, "condition": 3, "waterfront": 0, "view": 0, "age": 59, "UTM_X": 549491.44700375665, "UTM_Y": 5259683.0686268136, "price": 195.00000000000011 }, "geometry": { "type": "Point", "coordinates": [ 549491.447003756649792, 5259683.068626813590527 ] } },
{ "type": "Feature", "properties": { "bathrooms": 2.25, "sqft_living": 2140, "sqft_lot": 3000, "grade": 9, "condition": 3, "waterfront": 0, "view": 0, "age": 110, "UTM_X": 548714.08589276695, "UTM_Y": 5280571.7793294881, "price": 780.00000000000068 }, "geometry": { "type": "Point", "coordinates": [ 548714.085892766946927, 5280571.779329488053918 ] } },
{ "type": "Feature", "properties": { "bathrooms": 1.0, "sqft_living": 1440, "sqft_lot": 2618, "grade": 7, "condition": 4, "waterfront": 0, "view": 0, "age": 109, "UTM_X": 549857.60008224973, "UTM_Y": 5278525.2521171831, "price": 704.99999999999955 }, "geometry": { "type": "Point", "coordinates": [ 549857.600082249729894, 5278525.252117183059454 ] } },
{ "type": "Feature", "properties": { "bathrooms": 2.5, "sqft_living": 2830, "sqft_lot": 5000, "grade": 9, "condition": 3, "waterfront": 0, "view": 0, "age": 20, "UTM_X": 553310.04780606262, "UTM_Y": 5278722.5724084834, "price": 884.99999999999943 }, "geometry": { "type": "Point", "coordinates": [ 553310.047806062619202, 5278722.572408483363688 ] } },
{ "type": "Feature", "properties": { "bathrooms": 1.5, "sqft_living": 1070, "sqft_lot": 8886, "grade": 7, "condition": 4, "waterfront": 0, "view": 0, "age": 31, "UTM_X": 562988.00468946132, "UTM_Y": 5244574.5447074752, "price": 240.00000000000017 }, "geometry": { "type": "Point", "coordinates": [ 562988.004689461318776, 5244574.544707475230098 ] } },
{ "type": "Feature", "properties": { "bathrooms": 1.0, "sqft_living": 1260, "sqft_lot": 7250, "grade": 7, "condition": 3, "waterfront": 0, "view": 2, "age": 75, "UTM_X": 551698.69208042847, "UTM_Y": 5282598.2017975645, "price": 485.00000000000034 }, "geometry": { "type": "Point", "coordinates": [ 551698.692080428474583, 5282598.201797564513981 ] } },
{ "type": "Feature", "properties": { "bathrooms": 2.5, "sqft_living": 1940, "sqft_lot": 10500, "grade": 7, "condition": 4, "waterfront": 0, "view": 0, "age": 39, "UTM_X": 566495.23999659833, "UTM_Y": 5281448.1456720056, "price": 550.00000000000034 }, "geometry": { "type": "Point", "coordinates": [ 566495.239996598334983, 5281448.145672005601227 ] } },
{ "type": "Feature", "properties": { "bathrooms": 1.0, "sqft_living": 1210, "sqft_lot": 7636, "grade": 7, "condition": 4, "waterfront": 0, "view": 0, "age": 63, "UTM_X": 555240.34071747412, "UTM_Y": 5265180.6165230814, "price": 457.5 }, "geometry": { "type": "Point", "coordinates": [ 555240.340717474115081, 5265180.616523081436753 ] } },
{ "type": "Feature", "properties": { "bathrooms": 1.5, "sqft_living": 1810, "sqft_lot": 8232, "grade": 8, "condition": 3, "waterfront": 0, "view": 0, "age": 27, "UTM_X": 554940.13368353364, "UTM_Y": 5240926.2266588565, "price": 300.00000000000011 }, "geometry": { "type": "Point", "coordinates": [ 554940.133683533640578, 5240926.226658856496215 ] } },
{ "type": "Feature", "properties": { "bathrooms": 1.0, "sqft_living": 1160, "sqft_lot": 10988, "grade": 7, "condition": 3, "waterfront": 0, "view": 0, "age": 50, "UTM_X": 562669.09889431007, "UTM_Y": 5281272.2701670742, "price": 359.99999999999966 }, "geometry": { "type": "Point", "coordinates": [ 562669.098894310067408, 5281272.270167074166238 ] } },
{ "type": "Feature", "properties": { "bathrooms": 1.75, "sqft_living": 1850, "sqft_lot": 7730, "grade": 7, "condition": 5, "waterfront": 0, "view": 0, "age": 59, "UTM_X": 548347.75807851704, "UTM_Y": 5288504.6396186808, "price": 269.99999999999977 }, "geometry": { "type": "Point", "coordinates": [ 548347.758078517043032, 5288504.639618680812418 ] } },
{ "type": "Feature", "properties": { "bathrooms": 2.5, "sqft_living": 1413, "sqft_lot": 3600, "grade": 8, "condition": 3, "waterfront": 0, "view": 0, "age": 4, "UTM_X": 560867.501898307, "UTM_Y": 5252399.0551968776, "price": 286.8 }, "geometry": { "type": "Point", "coordinates": [ 560867.501898307004012, 5252399.05519687756896 ] } },
{ "type": "Feature", "properties": { "bathrooms": 1.0, "sqft_living": 920, "sqft_lot": 8282, "grade": 6, "condition": 3, "waterfront": 0, "view": 0, "age": 71, "UTM_X": 558902.18528067914, "UTM_Y": 5290036.0456258459, "price": 310.00000000000028 }, "geometry": { "type": "Point", "coordinates": [ 558902.185280679143034, 5290036.045625845901668 ] } },
{ "type": "Feature", "properties": { "bathrooms": 2.5, "sqft_living": 1520, "sqft_lot": 3041, "grade": 7, "condition": 3, "waterfront": 0, "view": 0, "age": 6, "UTM_X": 563880.86817618832, "UTM_Y": 5259677.8953597015, "price": 333.00000000000023 }, "geometry": { "type": "Point", "coordinates": [ 563880.868176188319921, 5259677.895359701476991 ] } },
{ "type": "Feature", "properties": { "bathrooms": 2.75, "sqft_living": 1992, "sqft_lot": 10946, "grade": 6, "condition": 5, "waterfront": 1, "view": 4, "age": 112, "UTM_X": 539648.16891233623, "UTM_Y": 5244759.9299816685, "price": 429.592 }, "geometry": { "type": "Point", "coordinates": [ 539648.168912336230278, 5244759.929981668479741 ] } },
{ "type": "Feature", "properties": { "bathrooms": 2.5, "sqft_living": 2440, "sqft_lot": 9350, "grade": 8, "condition": 4, "waterfront": 0, "view": 0, "age": 39, "UTM_X": 565446.03240128688, "UTM_Y": 5267920.2374325236, "price": 610.00000000000011 }, "geometry": { "type": "Point", "coordinates": [ 565446.032401286880486, 5267920.237432523630559 ] } },
{ "type": "Feature", "properties": { "bathrooms": 1.0, "sqft_living": 1210, "sqft_lot": 7740, "grade": 7, "condition": 3, "waterfront": 0, "view": 0, "age": 93, "UTM_X": 547126.78550284053, "UTM_Y": 5263320.1575000538, "price": 364.00000000000034 }, "geometry": { "type": "Point", "coordinates": [ 547126.78550284053199, 5263320.157500053755939 ] } },
{ "type": "Feature", "properties": { "bathrooms": 2.5, "sqft_living": 2240, "sqft_lot": 4447, "grade": 7, "condition": 3, "waterfront": 0, "view": 0, "age": 9, "UTM_X": 563354.27445420797, "UTM_Y": 5259605.4848803729, "price": 409.99999999999994 }, "geometry": { "type": "Point", "coordinates": [ 563354.274454207974486, 5259605.484880372881889 ] } },
{ "type": "Feature", "properties": { "bathrooms": 2.5, "sqft_living": 2720, "sqft_lot": 6014, "grade": 7, "condition": 3, "waterfront": 0, "view": 0, "age": 13, "UTM_X": 562404.073768234, "UTM_Y": 5242656.633883575, "price": 299.9 }, "geometry": { "type": "Point", "coordinates": [ 562404.073768233996816, 5242656.633883574977517 ] } },
{ "type": "Feature", "properties": { "bathrooms": 2.5, "sqft_living": 2460, "sqft_lot": 12600, "grade": 8, "condition": 4, "waterfront": 0, "view": 0, "age": 45, "UTM_X": 566460.27119151223, "UTM_Y": 5258106.0619704509, "price": 404.99999999999972 }, "geometry": { "type": "Point", "coordinates": [ 566460.271191512234509, 5258106.061970450915396 ] } },
{ "type": "Feature", "properties": { "bathrooms": 2.75, "sqft_living": 2100, "sqft_lot": 4480, "grade": 7, "condition": 4, "waterfront": 0, "view": 0, "age": 87, "UTM_X": 553000.19464415789, "UTM_Y": 5279764.5313998638, "price": 678.99999999999932 }, "geometry": { "type": "Point", "coordinates": [ 553000.194644157891162, 5279764.531399863772094 ] } },
{ "type": "Feature", "properties": { "bathrooms": 1.5, "sqft_living": 1520, "sqft_lot": 6805, "grade": 7, "condition": 4, "waterfront": 0, "view": 0, "age": 34, "UTM_X": 547862.47196093528, "UTM_Y": 5237663.6498230323, "price": 265.00000000000006 }, "geometry": { "type": "Point", "coordinates": [ 547862.471960935276002, 5237663.649823032319546 ] } },
{ "type": "Feature", "properties": { "bathrooms": 2.25, "sqft_living": 1240, "sqft_lot": 1250, "grade": 8, "condition": 3, "waterfront": 0, "view": 0, "age": 1, "UTM_X": 546764.22492612142, "UTM_Y": 5280344.5980877709, "price": 529.95 }, "geometry": { "type": "Point", "coordinates": [ 546764.224926121416502, 5280344.598087770864367 ] } },
{ "type": "Feature", "properties": { "bathrooms": 2.5, "sqft_living": 3390, "sqft_lot": 10519, "grade": 10, "condition": 3, "waterfront": 0, "view": 2, "age": 25, "UTM_X": 550318.44616607355, "UTM_Y": 5242274.1801503124, "price": 583.00000000000057 }, "geometry": { "type": "Point", "coordinates": [ 550318.446166073554195, 5242274.180150312371552 ] } },
{ "type": "Feature", "properties": { "bathrooms": 2.5, "sqft_living": 2230, "sqft_lot": 7200, "grade": 9, "condition": 3, "waterfront": 0, "view": 3, "age": 19, "UTM_X": 555294.24449200858, "UTM_Y": 5267437.3941446478, "price": 836.5 }, "geometry": { "type": "Point", "coordinates": [ 555294.24449200858362, 5267437.394144647754729 ] } },
{ "type": "Feature", "properties": { "bathrooms": 1.0, "sqft_living": 1150, "sqft_lot": 9186, "grade": 7, "condition": 3, "waterfront": 0, "view": 0, "age": 69, "UTM_X": 550452.13747117145, "UTM_Y": 5261847.4558597161, "price": 324.95 }, "geometry": { "type": "Point", "coordinates": [ 550452.137471171445213, 5261847.455859716050327 ] } },
{ "type": "Feature", "properties": { "bathrooms": 2.25, "sqft_living": 2150, "sqft_lot": 9900, "grade": 8, "condition": 3, "waterfront": 0, "view": 0, "age": 38, "UTM_X": 563890.80618899758, "UTM_Y": 5279384.8691680599, "price": 458.00000000000045 }, "geometry": { "type": "Point", "coordinates": [ 563890.806188997579738, 5279384.869168059900403 ] } },
{ "type": "Feature", "properties": { "bathrooms": 1.75, "sqft_living": 1360, "sqft_lot": 4840, "grade": 7, "condition": 4, "waterfront": 0, "view": 0, "age": 87, "UTM_X": 546945.50315098302, "UTM_Y": 5267142.0347717879, "price": 399.5 }, "geometry": { "type": "Point", "coordinates": [ 546945.503150983015075, 5267142.034771787934005 ] } },
{ "type": "Feature", "properties": { "bathrooms": 1.75, "sqft_living": 1730, "sqft_lot": 9520, "grade": 7, "condition": 4, "waterfront": 0, "view": 0, "age": 44, "UTM_X": 563518.43676550256, "UTM_Y": 5258362.4081251984, "price": 320.00000000000023 }, "geometry": { "type": "Point", "coordinates": [ 563518.436765502556227, 5258362.408125198446214 ] } },
{ "type": "Feature", "properties": { "bathrooms": 1.5, "sqft_living": 2400, "sqft_lot": 10275, "grade": 8, "condition": 4, "waterfront": 0, "view": 0, "age": 51, "UTM_X": 565587.36209666135, "UTM_Y": 5282082.5203597266, "price": 510.0000000000004 }, "geometry": { "type": "Point", "coordinates": [ 565587.362096661352552, 5282082.520359726622701 ] } },
{ "type": "Feature", "properties": { "bathrooms": 1.0, "sqft_living": 840, "sqft_lot": 5525, "grade": 6, "condition": 5, "waterfront": 0, "view": 0, "age": 46, "UTM_X": 569093.6238205093, "UTM_Y": 5245654.529390648, "price": 190.99999999999986 }, "geometry": { "type": "Point", "coordinates": [ 569093.623820509295911, 5245654.529390648007393 ] } },
{ "type": "Feature", "properties": { "bathrooms": 3.0, "sqft_living": 2800, "sqft_lot": 5800, "grade": 9, "condition": 3, "waterfront": 0, "view": 0, "age": 62, "UTM_X": 544083.43023017689, "UTM_Y": 5277489.4634401808, "price": 1027.9999999999993 }, "geometry": { "type": "Point", "coordinates": [ 544083.4302301768912, 5277489.463440180756152 ] } },
{ "type": "Feature", "properties": { "bathrooms": 1.0, "sqft_living": 1040, "sqft_lot": 6800, "grade": 6, "condition": 5, "waterfront": 0, "view": 0, "age": 64, "UTM_X": 558451.94623209769, "UTM_Y": 5260132.4520644005, "price": 212.00000000000011 }, "geometry": { "type": "Point", "coordinates": [ 558451.946232097689062, 5260132.452064400538802 ] } },
{ "type": "Feature", "properties": { "bathrooms": 2.25, "sqft_living": 1470, "sqft_lot": 7518, "grade": 7, "condition": 3, "waterfront": 0, "view": 0, "age": 30, "UTM_X": 552946.62085049611, "UTM_Y": 5235684.3662949922, "price": 220.0000000000002 }, "geometry": { "type": "Point", "coordinates": [ 552946.620850496110506, 5235684.366294992156327 ] } },
{ "type": "Feature", "properties": { "bathrooms": 2.5, "sqft_living": 2320, "sqft_lot": 7800, "grade": 8, "condition": 3, "waterfront": 0, "view": 0, "age": 29, "UTM_X": 554991.87497878564, "UTM_Y": 5291420.3731428673, "price": 470.101 }, "geometry": { "type": "Point", "coordinates": [ 554991.874978785635903, 5291420.373142867349088 ] } },
{ "type": "Feature", "properties": { "bathrooms": 1.75, "sqft_living": 1050, "sqft_lot": 2926, "grade": 8, "condition": 4, "waterfront": 0, "view": 0, "age": 41, "UTM_X": 551554.99701670394, "UTM_Y": 5247741.9133104533, "price": 186.99999999999983 }, "geometry": { "type": "Point", "coordinates": [ 551554.997016703942791, 5247741.913310453295708 ] } },
{ "type": "Feature", "properties": { "bathrooms": 1.75, "sqft_living": 2330, "sqft_lot": 3800, "grade": 7, "condition": 3, "waterfront": 0, "view": 0, "age": 88, "UTM_X": 551934.91229600657, "UTM_Y": 5281355.4508590298, "price": 780.00000000000068 }, "geometry": { "type": "Point", "coordinates": [ 551934.912296006572433, 5281355.450859029777348 ] } },
{ "type": "Feature", "properties": { "bathrooms": 2.0, "sqft_living": 1560, "sqft_lot": 8800, "grade": 6, "condition": 5, "waterfront": 0, "view": 0, "age": 73, "UTM_X": 551822.71532437333, "UTM_Y": 5260147.814999572, "price": 290.00000000000028 }, "geometry": { "type": "Point", "coordinates": [ 551822.715324373333715, 5260147.814999572001398 ] } },
{ "type": "Feature", "properties": { "bathrooms": 1.0, "sqft_living": 1270, "sqft_lot": 6500, "grade": 7, "condition": 4, "waterfront": 0, "view": 0, "age": 59, "UTM_X": 558985.21919374424, "UTM_Y": 5281856.1782627935, "price": 764.9999999999992 }, "geometry": { "type": "Point", "coordinates": [ 558985.219193744240329, 5281856.178262793458998 ] } },
{ "type": "Feature", "properties": { "bathrooms": 1.0, "sqft_living": 1000, "sqft_lot": 4776, "grade": 6, "condition": 4, "waterfront": 0, "view": 0, "age": 73, "UTM_X": 551528.92322874244, "UTM_Y": 5267836.4273321507, "price": 331.99999999999994 }, "geometry": { "type": "Point", "coordinates": [ 551528.923228742438368, 5267836.427332150749862 ] } },
{ "type": "Feature", "properties": { "bathrooms": 1.5, "sqft_living": 1720, "sqft_lot": 8100, "grade": 8, "condition": 3, "waterfront": 0, "view": 0, "age": 108, "UTM_X": 545037.95482490724, "UTM_Y": 5280308.7469524993, "price": 666.99999999999955 }, "geometry": { "type": "Point", "coordinates": [ 545037.954824907239527, 5280308.746952499262989 ] } },
{ "type": "Feature", "properties": { "bathrooms": 1.0, "sqft_living": 2110, "sqft_lot": 4920, "grade": 7, "condition": 3, "waterfront": 0, "view": 0, "age": 104, "UTM_X": 549604.84987499146, "UTM_Y": 5281746.3520423882, "price": 425.00000000000006 }, "geometry": { "type": "Point", "coordinates": [ 549604.849874991457909, 5281746.352042388170958 ] } },
{ "type": "Feature", "properties": { "bathrooms": 2.5, "sqft_living": 2050, "sqft_lot": 8909, "grade": 8, "condition": 4, "waterfront": 0, "view": 2, "age": 29, "UTM_X": 552066.72986682283, "UTM_Y": 5249624.7251192899, "price": 403.9 }, "geometry": { "type": "Point", "coordinates": [ 552066.729866822832264, 5249624.725119289942086 ] } },
{ "type": "Feature", "properties": { "bathrooms": 3.0, "sqft_living": 2670, "sqft_lot": 5000, "grade": 7, "condition": 3, "waterfront": 0, "view": 2, "age": 99, "UTM_X": 546850.29068010475, "UTM_Y": 5269630.8959555207, "price": 550.00000000000034 }, "geometry": { "type": "Point", "coordinates": [ 546850.290680104750209, 5269630.895955520682037 ] } },
{ "type": "Feature", "properties": { "bathrooms": 4.5, "sqft_living": 4020, "sqft_lot": 9656, "grade": 10, "condition": 3, "waterfront": 0, "view": 0, "age": 8, "UTM_X": 559569.20325800614, "UTM_Y": 5276126.7955756793, "price": 1898.0000000000009 }, "geometry": { "type": "Point", "coordinates": [ 559569.203258006135002, 5276126.795575679279864 ] } },
{ "type": "Feature", "properties": { "bathrooms": 2.25, "sqft_living": 2910, "sqft_lot": 9525, "grade": 9, "condition": 4, "waterfront": 0, "view": 0, "age": 47, "UTM_X": 558824.11494238453, "UTM_Y": 5268060.9615792409, "price": 869.99999999999943 }, "geometry": { "type": "Point", "coordinates": [ 558824.114942384534515, 5268060.961579240858555 ] } },
{ "type": "Feature", "properties": { "bathrooms": 2.25, "sqft_living": 1300, "sqft_lot": 1180, "grade": 8, "condition": 3, "waterfront": 0, "view": 0, "age": 7, "UTM_X": 549604.94469314092, "UTM_Y": 5281735.2381346459, "price": 514.99999999999966 }, "geometry": { "type": "Point", "coordinates": [ 549604.944693140918389, 5281735.238134645856917 ] } },
{ "type": "Feature", "properties": { "bathrooms": 2.0, "sqft_living": 1410, "sqft_lot": 8384, "grade": 7, "condition": 3, "waterfront": 0, "view": 0, "age": 30, "UTM_X": 555683.22802878823, "UTM_Y": 5242266.9085207256, "price": 204.99999999999994 }, "geometry": { "type": "Point", "coordinates": [ 555683.228028788231313, 5242266.908520725555718 ] } },
{ "type": "Feature", "properties": { "bathrooms": 1.0, "sqft_living": 1340, "sqft_lot": 7260, "grade": 6, "condition": 3, "waterfront": 0, "view": 0, "age": 71, "UTM_X": 557471.20295514737, "UTM_Y": 5260278.3458441347, "price": 199.95 }, "geometry": { "type": "Point", "coordinates": [ 557471.202955147367902, 5260278.345844134688377 ] } },
{ "type": "Feature", "properties": { "bathrooms": 2.75, "sqft_living": 1770, "sqft_lot": 10184, "grade": 8, "condition": 3, "waterfront": 0, "view": 0, "age": 36, "UTM_X": 546486.81753175694, "UTM_Y": 5239508.6570270201, "price": 234.99999999999977 }, "geometry": { "type": "Point", "coordinates": [ 546486.817531756940298, 5239508.657027020119131 ] } },
{ "type": "Feature", "properties": { "bathrooms": 1.75, "sqft_living": 1980, "sqft_lot": 2700, "grade": 8, "condition": 3, "waterfront": 0, "view": 0, "age": 84, "UTM_X": 551031.38459887297, "UTM_Y": 5281680.8942138972, "price": 560.00000000000034 }, "geometry": { "type": "Point", "coordinates": [ 551031.384598872973584, 5281680.894213897176087 ] } },
{ "type": "Feature", "properties": { "bathrooms": 2.25, "sqft_living": 2680, "sqft_lot": 9162, "grade": 8, "condition": 3, "waterfront": 0, "view": 0, "age": 37, "UTM_X": 568370.81914616714, "UTM_Y": 5268720.6924447455, "price": 599.99 }, "geometry": { "type": "Point", "coordinates": [ 568370.81914616713766, 5268720.692444745451212 ] } },
{ "type": "Feature", "properties": { "bathrooms": 1.5, "sqft_living": 1510, "sqft_lot": 9843, "grade": 7, "condition": 4, "waterfront": 0, "view": 0, "age": 54, "UTM_X": 555039.30503216386, "UTM_Y": 5254531.0320066409, "price": 309.95 }, "geometry": { "type": "Point", "coordinates": [ 555039.305032163858414, 5254531.032006640918553 ] } },
{ "type": "Feature", "properties": { "bathrooms": 2.25, "sqft_living": 1780, "sqft_lot": 6120, "grade": 8, "condition": 3, "waterfront": 0, "view": 0, "age": 64, "UTM_X": 553498.69055833959, "UTM_Y": 5282703.4085019631, "price": 587.5 }, "geometry": { "type": "Point", "coordinates": [ 553498.69055833958555, 5282703.40850196313113 ] } },
{ "type": "Feature", "properties": { "bathrooms": 1.5, "sqft_living": 1760, "sqft_lot": 6150, "grade": 7, "condition": 3, "waterfront": 0, "view": 0, "age": 64, "UTM_X": 558568.25140791433, "UTM_Y": 5248474.486428448, "price": 234.99999999999977 }, "geometry": { "type": "Point", "coordinates": [ 558568.25140791432932, 5248474.48642844799906 ] } },
{ "type": "Feature", "properties": { "bathrooms": 2.75, "sqft_living": 1320, "sqft_lot": 15236, "grade": 7, "condition": 3, "waterfront": 0, "view": 0, "age": 20, "UTM_X": 561612.95660573849, "UTM_Y": 5246049.3208534541, "price": 210.00000000000011 }, "geometry": { "type": "Point", "coordinates": [ 561612.956605738494545, 5246049.320853454060853 ] } },
{ "type": "Feature", "properties": { "bathrooms": 1.5, "sqft_living": 1320, "sqft_lot": 7201, "grade": 7, "condition": 3, "waterfront": 0, "view": 0, "age": 44, "UTM_X": 559181.82477135409, "UTM_Y": 5284659.1702382378, "price": 370.0 }, "geometry": { "type": "Point", "coordinates": [ 559181.824771354091354, 5284659.170238237828016 ] } },
{ "type": "Feature", "properties": { "bathrooms": 1.5, "sqft_living": 860, "sqft_lot": 3200, "grade": 6, "condition": 3, "waterfront": 0, "view": 0, "age": 86, "UTM_X": 547886.23046401958, "UTM_Y": 5280831.6563472422, "price": 445.0000000000004 }, "geometry": { "type": "Point", "coordinates": [ 547886.230464019579813, 5280831.656347242183983 ] } },
{ "type": "Feature", "properties": { "bathrooms": 2.25, "sqft_living": 1620, "sqft_lot": 1062, "grade": 8, "condition": 3, "waterfront": 0, "view": 0, "age": 1, "UTM_X": 552313.33277557627, "UTM_Y": 5272644.906317153, "price": 490.00000000000023 }, "geometry": { "type": "Point", "coordinates": [ 552313.332775576272979, 5272644.906317153014243 ] } },
{ "type": "Feature", "properties": { "bathrooms": 2.5, "sqft_living": 4120, "sqft_lot": 14866, "grade": 8, "condition": 3, "waterfront": 1, "view": 4, "age": 50, "UTM_X": 560711.83318815939, "UTM_Y": 5267391.1630603401, "price": 1850.9999999999984 }, "geometry": { "type": "Point", "coordinates": [ 560711.833188159391284, 5267391.163060340099037 ] } },
{ "type": "Feature", "properties": { "bathrooms": 1.75, "sqft_living": 1710, "sqft_lot": 9707, "grade": 8, "condition": 4, "waterfront": 0, "view": 0, "age": 49, "UTM_X": 567247.68548731133, "UTM_Y": 5274787.6372950077, "price": 522.5 }, "geometry": { "type": "Point", "coordinates": [ 567247.685487311333418, 5274787.637295007705688 ] } },
{ "type": "Feature", "properties": { "bathrooms": 1.75, "sqft_living": 1740, "sqft_lot": 5400, "grade": 7, "condition": 4, "waterfront": 0, "view": 0, "age": 69, "UTM_X": 553872.20671158622, "UTM_Y": 5282884.6962061832, "price": 452.00000000000034 }, "geometry": { "type": "Point", "coordinates": [ 553872.206711586215533, 5282884.696206183172762 ] } },
{ "type": "Feature", "properties": { "bathrooms": 2.75, "sqft_living": 2180, "sqft_lot": 8480, "grade": 7, "condition": 4, "waterfront": 0, "view": 3, "age": 56, "UTM_X": 547752.16703262168, "UTM_Y": 5260491.0813252069, "price": 545.00000000000011 }, "geometry": { "type": "Point", "coordinates": [ 547752.167032621684484, 5260491.081325206905603 ] } },
{ "type": "Feature", "properties": { "bathrooms": 1.0, "sqft_living": 1360, "sqft_lot": 20000, "grade": 7, "condition": 4, "waterfront": 0, "view": 0, "age": 62, "UTM_X": 556487.11570729292, "UTM_Y": 5237228.7266320642, "price": 159.00000000000009 }, "geometry": { "type": "Point", "coordinates": [ 556487.115707292919978, 5237228.726632064208388 ] } },
{ "type": "Feature", "properties": { "bathrooms": 1.75, "sqft_living": 1570, "sqft_lot": 10939, "grade": 8, "condition": 3, "waterfront": 0, "view": 0, "age": 41, "UTM_X": 567452.63131244434, "UTM_Y": 5276557.3281386448, "price": 514.99999999999966 }, "geometry": { "type": "Point", "coordinates": [ 567452.631312444340438, 5276557.328138644807041 ] } },
{ "type": "Feature", "properties": { "bathrooms": 2.5, "sqft_living": 2210, "sqft_lot": 7079, "grade": 8, "condition": 3, "waterfront": 0, "view": 0, "age": 22, "UTM_X": 561623.60896167113, "UTM_Y": 5252229.1129408125, "price": 382.5 }, "geometry": { "type": "Point", "coordinates": [ 561623.608961671125144, 5252229.11294081248343 ] } },
{ "type": "Feature", "properties": { "bathrooms": 1.75, "sqft_living": 1530, "sqft_lot": 3503, "grade": 7, "condition": 4, "waterfront": 0, "view": 1, "age": 99, "UTM_X": 547248.87023263704, "UTM_Y": 5276124.9717957331, "price": 525.00000000000011 }, "geometry": { "type": "Point", "coordinates": [ 547248.870232637040317, 5276124.971795733086765 ] } },
{ "type": "Feature", "properties": { "bathrooms": 2.0, "sqft_living": 1790, "sqft_lot": 2250, "grade": 7, "condition": 4, "waterfront": 0, "view": 2, "age": 106, "UTM_X": 549187.08099555748, "UTM_Y": 5277897.1269705333, "price": 474.99999999999977 }, "geometry": { "type": "Point", "coordinates": [ 549187.080995557480492, 5277897.126970533281565 ] } },
{ "type": "Feature", "properties": { "bathrooms": 1.75, "sqft_living": 1580, "sqft_lot": 3635, "grade": 7, "condition": 4, "waterfront": 0, "view": 0, "age": 105, "UTM_X": 547210.36102682282, "UTM_Y": 5280870.5893437285, "price": 537.00000000000034 }, "geometry": { "type": "Point", "coordinates": [ 547210.361026822822168, 5280870.589343728497624 ] } },
{ "type": "Feature", "properties": { "bathrooms": 2.75, "sqft_living": 2820, "sqft_lot": 4608, "grade": 7, "condition": 3, "waterfront": 0, "view": 0, "age": 48, "UTM_X": 547952.57952787378, "UTM_Y": 5281888.095870669, "price": 599.00000000000011 }, "geometry": { "type": "Point", "coordinates": [ 547952.579527873778716, 5281888.095870668999851 ] } },
{ "type": "Feature", "properties": { "bathrooms": 2.25, "sqft_living": 1920, "sqft_lot": 8412, "grade": 8, "condition": 3, "waterfront": 0, "view": 2, "age": 38, "UTM_X": 565300.05611435045, "UTM_Y": 5267518.4631285248, "price": 624.99999999999966 }, "geometry": { "type": "Point", "coordinates": [ 565300.056114350445569, 5267518.463128524832428 ] } },
{ "type": "Feature", "properties": { "bathrooms": 3.25, "sqft_living": 2640, "sqft_lot": 4080, "grade": 9, "condition": 3, "waterfront": 0, "view": 0, "age": 103, "UTM_X": 550603.24572843057, "UTM_Y": 5279131.8808112582, "price": 929.99999999999932 }, "geometry": { "type": "Point", "coordinates": [ 550603.245728430571035, 5279131.880811258219182 ] } },
{ "type": "Feature", "properties": { "bathrooms": 1.5, "sqft_living": 2290, "sqft_lot": 10372, "grade": 7, "condition": 3, "waterfront": 0, "view": 0, "age": 50, "UTM_X": 560109.27594412654, "UTM_Y": 5282023.3014982482, "price": 776.5 }, "geometry": { "type": "Point", "coordinates": [ 560109.27594412653707, 5282023.301498248241842 ] } },
{ "type": "Feature", "properties": { "bathrooms": 1.75, "sqft_living": 1700, "sqft_lot": 8432, "grade": 8, "condition": 3, "waterfront": 0, "view": 0, "age": 38, "UTM_X": 551221.63364798843, "UTM_Y": 5285639.4357521236, "price": 474.99999999999977 }, "geometry": { "type": "Point", "coordinates": [ 551221.63364798843395, 5285639.435752123594284 ] } },
{ "type": "Feature", "properties": { "bathrooms": 1.0, "sqft_living": 1120, "sqft_lot": 5000, "grade": 6, "condition": 3, "waterfront": 0, "view": 0, "age": 98, "UTM_X": 548416.42390930094, "UTM_Y": 5262141.4573157933, "price": 165.00000000000017 }, "geometry": { "type": "Point", "coordinates": [ 548416.423909300938249, 5262141.457315793260932 ] } },
{ "type": "Feature", "properties": { "bathrooms": 3.25, "sqft_living": 1690, "sqft_lot": 1321, "grade": 8, "condition": 3, "waterfront": 0, "view": 0, "age": 1, "UTM_X": 566276.42113844282, "UTM_Y": 5280889.8833035622, "price": 519.99 }, "geometry": { "type": "Point", "coordinates": [ 566276.421138442819938, 5280889.883303562179208 ] } },
{ "type": "Feature", "properties": { "bathrooms": 1.0, "sqft_living": 1200, "sqft_lot": 9000, "grade": 6, "condition": 3, "waterfront": 0, "view": 0, "age": 57, "UTM_X": 549189.14414551575, "UTM_Y": 5241786.7339864634, "price": 179.95 }, "geometry": { "type": "Point", "coordinates": [ 549189.144145515747368, 5241786.733986463397741 ] } },
{ "type": "Feature", "properties": { "bathrooms": 2.75, "sqft_living": 2830, "sqft_lot": 10579, "grade": 8, "condition": 4, "waterfront": 0, "view": 0, "age": 48, "UTM_X": 562273.22546400281, "UTM_Y": 5276177.3075615978, "price": 704.99999999999955 }, "geometry": { "type": "Point", "coordinates": [ 562273.22546400281135, 5276177.307561597786844 ] } },
{ "type": "Feature", "properties": { "bathrooms": 2.25, "sqft_living": 2160, "sqft_lot": 7964, "grade": 8, "condition": 3, "waterfront": 0, "view": 0, "age": 24, "UTM_X": 569922.26963580598, "UTM_Y": 5245831.0453737387, "price": 273.00000000000028 }, "geometry": { "type": "Point", "coordinates": [ 569922.269635805976577, 5245831.045373738743365 ] } },
{ "type": "Feature", "properties": { "bathrooms": 2.5, "sqft_living": 2790, "sqft_lot": 15653, "grade": 10, "condition": 4, "waterfront": 0, "view": 0, "age": 51, "UTM_X": 559067.31121212349, "UTM_Y": 5266329.5131977461, "price": 949.99999999999966 }, "geometry": { "type": "Point", "coordinates": [ 559067.311212123488076, 5266329.513197746127844 ] } },
{ "type": "Feature", "properties": { "bathrooms": 1.75, "sqft_living": 1410, "sqft_lot": 2052, "grade": 8, "condition": 3, "waterfront": 0, "view": 0, "age": 1, "UTM_X": 549163.6067716711, "UTM_Y": 5262836.7790393876, "price": 279.8 }, "geometry": { "type": "Point", "coordinates": [ 549163.606771671096794, 5262836.779039387591183 ] } },
{ "type": "Feature", "properties": { "bathrooms": 2.25, "sqft_living": 1606, "sqft_lot": 1452, "grade": 8, "condition": 3, "waterfront": 0, "view": 0, "age": 6, "UTM_X": 553701.18628805561, "UTM_Y": 5285150.5499093691, "price": 417.25 }, "geometry": { "type": "Point", "coordinates": [ 553701.186288055614568, 5285150.549909369088709 ] } },
{ "type": "Feature", "properties": { "bathrooms": 2.25, "sqft_living": 1570, "sqft_lot": 9500, "grade": 7, "condition": 4, "waterfront": 0, "view": 0, "age": 38, "UTM_X": 561165.12948893046, "UTM_Y": 5281534.1342554102, "price": 478.00000000000034 }, "geometry": { "type": "Point", "coordinates": [ 561165.129488930455409, 5281534.134255410172045 ] } },
{ "type": "Feature", "properties": { "bathrooms": 2.25, "sqft_living": 2360, "sqft_lot": 4000, "grade": 9, "condition": 3, "waterfront": 0, "view": 0, "age": 2, "UTM_X": 553425.79547908972, "UTM_Y": 5274288.8520022556, "price": 1300.0000000000005 }, "geometry": { "type": "Point", "coordinates": [ 553425.795479089720175, 5274288.852002255618572 ] } },
{ "type": "Feature", "properties": { "bathrooms": 2.5, "sqft_living": 1320, "sqft_lot": 7000, "grade": 7, "condition": 4, "waterfront": 0, "view": 0, "age": 59, "UTM_X": 565622.57445578335, "UTM_Y": 5272290.4373769453, "price": 455.00000000000023 }, "geometry": { "type": "Point", "coordinates": [ 565622.574455783353187, 5272290.437376945279539 ] } },
{ "type": "Feature", "properties": { "bathrooms": 2.5, "sqft_living": 2040, "sqft_lot": 6034, "grade": 7, "condition": 3, "waterfront": 0, "view": 0, "age": 25, "UTM_X": 550797.79773210501, "UTM_Y": 5282645.8329204302, "price": 545.00000000000011 }, "geometry": { "type": "Point", "coordinates": [ 550797.797732105012983, 5282645.832920430228114 ] } },
{ "type": "Feature", "properties": { "bathrooms": 2.5, "sqft_living": 2390, "sqft_lot": 6426, "grade": 9, "condition": 3, "waterfront": 0, "view": 0, "age": 16, "UTM_X": 558937.42516652856, "UTM_Y": 5234196.3053200077, "price": 359.8 }, "geometry": { "type": "Point", "coordinates": [ 558937.425166528555565, 5234196.30532000772655 ] } },
{ "type": "Feature", "properties": { "bathrooms": 2.75, "sqft_living": 2320, "sqft_lot": 12368, "grade": 8, "condition": 3, "waterfront": 0, "view": 0, "age": 47, "UTM_X": 548732.62430086185, "UTM_Y": 5287307.4610265587, "price": 445.0000000000004 }, "geometry": { "type": "Point", "coordinates": [ 548732.624300861847587, 5287307.46102655865252 ] } },
{ "type": "Feature", "properties": { "bathrooms": 1.75, "sqft_living": 1660, "sqft_lot": 8160, "grade": 7, "condition": 4, "waterfront": 0, "view": 0, "age": 64, "UTM_X": 548387.1153483669, "UTM_Y": 5256572.958828764, "price": 315.00000000000028 }, "geometry": { "type": "Point", "coordinates": [ 548387.115348366904072, 5256572.958828764036298 ] } },
{ "type": "Feature", "properties": { "bathrooms": 2.75, "sqft_living": 2410, "sqft_lot": 6000, "grade": 8, "condition": 5, "waterfront": 0, "view": 0, "age": 65, "UTM_X": 545116.37926767522, "UTM_Y": 5279875.8868415318, "price": 805.00000000000034 }, "geometry": { "type": "Point", "coordinates": [ 545116.379267675220035, 5279875.886841531842947 ] } },
{ "type": "Feature", "properties": { "bathrooms": 2.5, "sqft_living": 2080, "sqft_lot": 12032, "grade": 8, "condition": 3, "waterfront": 0, "view": 0, "age": 37, "UTM_X": 569489.16071391525, "UTM_Y": 5288430.3300123038, "price": 490.00000000000023 }, "geometry": { "type": "Point", "coordinates": [ 569489.16071391524747, 5288430.330012303777039 ] } },
{ "type": "Feature", "properties": { "bathrooms": 1.75, "sqft_living": 1640, "sqft_lot": 8529, "grade": 7, "condition": 5, "waterfront": 0, "view": 0, "age": 64, "UTM_X": 550944.90019040543, "UTM_Y": 5291527.8871579459, "price": 440.00000000000045 }, "geometry": { "type": "Point", "coordinates": [ 550944.900190405431204, 5291527.887157945893705 ] } },
{ "type": "Feature", "properties": { "bathrooms": 1.75, "sqft_living": 2480, "sqft_lot": 14782, "grade": 8, "condition": 3, "waterfront": 0, "view": 3, "age": 57, "UTM_X": 554626.90627929755, "UTM_Y": 5290394.3388575613, "price": 550.00000000000034 }, "geometry": { "type": "Point", "coordinates": [ 554626.906279297545552, 5290394.338857561349869 ] } },
{ "type": "Feature", "properties": { "bathrooms": 2.5, "sqft_living": 1720, "sqft_lot": 1916, "grade": 7, "condition": 3, "waterfront": 0, "view": 0, "age": 10, "UTM_X": 562823.73326715291, "UTM_Y": 5259899.8669718662, "price": 280.00000000000011 }, "geometry": { "type": "Point", "coordinates": [ 562823.733267152914777, 5259899.866971866227686 ] } },
{ "type": "Feature", "properties": { "bathrooms": 1.5, "sqft_living": 1770, "sqft_lot": 17208, "grade": 8, "condition": 3, "waterfront": 0, "view": 0, "age": 56, "UTM_X": 566418.2661594844, "UTM_Y": 5268431.3917181399, "price": 450.00000000000028 }, "geometry": { "type": "Point", "coordinates": [ 566418.266159484395757, 5268431.391718139871955 ] } },
{ "type": "Feature", "properties": { "bathrooms": 1.0, "sqft_living": 1070, "sqft_lot": 6678, "grade": 7, "condition": 4, "waterfront": 0, "view": 0, "age": 64, "UTM_X": 548213.16724909924, "UTM_Y": 5286658.4662212525, "price": 335.00000000000028 }, "geometry": { "type": "Point", "coordinates": [ 548213.16724909923505, 5286658.466221252456307 ] } },
{ "type": "Feature", "properties": { "bathrooms": 1.75, "sqft_living": 1240, "sqft_lot": 7200, "grade": 7, "condition": 5, "waterfront": 0, "view": 0, "age": 73, "UTM_X": 546004.02127431857, "UTM_Y": 5262488.7609021543, "price": 427.5 }, "geometry": { "type": "Point", "coordinates": [ 546004.02127431856934, 5262488.760902154259384 ] } },
{ "type": "Feature", "properties": { "bathrooms": 2.0, "sqft_living": 970, "sqft_lot": 5000, "grade": 7, "condition": 3, "waterfront": 0, "view": 0, "age": 32, "UTM_X": 562995.54715539806, "UTM_Y": 5285777.453460359, "price": 325.00000000000006 }, "geometry": { "type": "Point", "coordinates": [ 562995.547155398060568, 5285777.453460359014571 ] } },
{ "type": "Feature", "properties": { "bathrooms": 2.0, "sqft_living": 2330, "sqft_lot": 3600, "grade": 7, "condition": 4, "waterfront": 0, "view": 0, "age": 115, "UTM_X": 552391.09134488681, "UTM_Y": 5272356.6238796758, "price": 549.00000000000057 }, "geometry": { "type": "Point", "coordinates": [ 552391.091344886808656, 5272356.623879675753415 ] } },
{ "type": "Feature", "properties": { "bathrooms": 1.0, "sqft_living": 1080, "sqft_lot": 5000, "grade": 7, "condition": 3, "waterfront": 0, "view": 0, "age": 61, "UTM_X": 548213.26733714668, "UTM_Y": 5268508.3218227969, "price": 325.00000000000006 }, "geometry": { "type": "Point", "coordinates": [ 548213.267337146680802, 5268508.321822796948254 ] } },
{ "type": "Feature", "properties": { "bathrooms": 3.0, "sqft_living": 1780, "sqft_lot": 7260, "grade": 8, "condition": 4, "waterfront": 0, "view": 0, "age": 51, "UTM_X": 566566.37783756654, "UTM_Y": 5275224.4220256545, "price": 538.2 }, "geometry": { "type": "Point", "coordinates": [ 566566.377837566542439, 5275224.42202565446496 ] } },
{ "type": "Feature", "properties": { "bathrooms": 1.75, "sqft_living": 1590, "sqft_lot": 1113, "grade": 8, "condition": 3, "waterfront": 0, "view": 0, "age": 1, "UTM_X": 544892.54557406588, "UTM_Y": 5279696.3225428974, "price": 609.5 }, "geometry": { "type": "Point", "coordinates": [ 544892.545574065879919, 5279696.322542897425592 ] } },
{ "type": "Feature", "properties": { "bathrooms": 2.25, "sqft_living": 2220, "sqft_lot": 4200, "grade": 8, "condition": 5, "waterfront": 0, "view": 0, "age": 83, "UTM_X": 545516.83197924786, "UTM_Y": 5276666.9044312043, "price": 862.0 }, "geometry": { "type": "Point", "coordinates": [ 545516.831979247857817, 5276666.90443120431155 ] } },
{ "type": "Feature", "properties": { "bathrooms": 2.0, "sqft_living": 1290, "sqft_lot": 7952, "grade": 7, "condition": 3, "waterfront": 0, "view": 0, "age": 17, "UTM_X": 561134.83495978126, "UTM_Y": 5248456.1729337145, "price": 236.99999999999983 }, "geometry": { "type": "Point", "coordinates": [ 561134.834959781263024, 5248456.172933714464307 ] } },
{ "type": "Feature", "properties": { "bathrooms": 2.5, "sqft_living": 2770, "sqft_lot": 9751, "grade": 8, "condition": 3, "waterfront": 0, "view": 0, "age": 26, "UTM_X": 565981.1809244625, "UTM_Y": 5247085.9189456543, "price": 347.00000000000023 }, "geometry": { "type": "Point", "coordinates": [ 565981.180924462503754, 5247085.918945654295385 ] } },
{ "type": "Feature", "properties": { "bathrooms": 2.5, "sqft_living": 2340, "sqft_lot": 19850, "grade": 9, "condition": 3, "waterfront": 0, "view": 0, "age": 22, "UTM_X": 552001.6361707967, "UTM_Y": 5290659.1896090265, "price": 538.99999999999955 }, "geometry": { "type": "Point", "coordinates": [ 552001.636170796700753, 5290659.189609026536345 ] } },
{ "type": "Feature", "properties": { "bathrooms": 1.75, "sqft_living": 1310, "sqft_lot": 9761, "grade": 7, "condition": 3, "waterfront": 0, "view": 0, "age": 48, "UTM_X": 557897.3782175876, "UTM_Y": 5285579.8901545675, "price": 300.00000000000011 }, "geometry": { "type": "Point", "coordinates": [ 557897.378217587596737, 5285579.890154567547143 ] } },
{ "type": "Feature", "properties": { "bathrooms": 2.25, "sqft_living": 1620, "sqft_lot": 10850, "grade": 7, "condition": 3, "waterfront": 0, "view": 0, "age": 49, "UTM_X": 560767.32130996848, "UTM_Y": 5254787.6520679211, "price": 249.99999999999994 }, "geometry": { "type": "Point", "coordinates": [ 560767.321309968479909, 5254787.652067921124399 ] } },
{ "type": "Feature", "properties": { "bathrooms": 1.0, "sqft_living": 1030, "sqft_lot": 4366, "grade": 7, "condition": 3, "waterfront": 0, "view": 0, "age": 103, "UTM_X": 546365.59124876512, "UTM_Y": 5264369.9320980329, "price": 409.99999999999994 }, "geometry": { "type": "Point", "coordinates": [ 546365.591248765122145, 5264369.932098032906651 ] } },
{ "type": "Feature", "properties": { "bathrooms": 2.5, "sqft_living": 1610, "sqft_lot": 10022, "grade": 7, "condition": 3, "waterfront": 0, "view": 0, "age": 19, "UTM_X": 552960.78253813018, "UTM_Y": 5234106.3074753098, "price": 280.00000000000011 }, "geometry": { "type": "Point", "coordinates": [ 552960.78253813018091, 5234106.307475309818983 ] } },
{ "type": "Feature", "properties": { "bathrooms": 2.25, "sqft_living": 3400, "sqft_lot": 10000, "grade": 10, "condition": 3, "waterfront": 0, "view": 0, "age": 32, "UTM_X": 553734.98489124095, "UTM_Y": 5281494.0693945969, "price": 970.0000000000008 }, "geometry": { "type": "Point", "coordinates": [ 553734.984891240950674, 5281494.069394596852362 ] } },
{ "type": "Feature", "properties": { "bathrooms": 2.0, "sqft_living": 1850, "sqft_lot": 8827, "grade": 7, "condition": 3, "waterfront": 0, "view": 0, "age": 46, "UTM_X": 551503.36826345348, "UTM_Y": 5287698.1770284502, "price": 359.99999999999966 }, "geometry": { "type": "Point", "coordinates": [ 551503.368263453477994, 5287698.17702845018357 ] } },
{ "type": "Feature", "properties": { "bathrooms": 2.5, "sqft_living": 1770, "sqft_lot": 6666, "grade": 7, "condition": 3, "waterfront": 0, "view": 0, "age": 26, "UTM_X": 549226.26912249136, "UTM_Y": 5237341.4618498031, "price": 309.95 }, "geometry": { "type": "Point", "coordinates": [ 549226.269122491357848, 5237341.461849803104997 ] } },
{ "type": "Feature", "properties": { "bathrooms": 1.0, "sqft_living": 1560, "sqft_lot": 5225, "grade": 7, "condition": 3, "waterfront": 0, "view": 0, "age": 88, "UTM_X": 554243.70914462651, "UTM_Y": 5267138.5633095903, "price": 429.99999999999966 }, "geometry": { "type": "Point", "coordinates": [ 554243.709144626511261, 5267138.56330959033221 ] } },
{ "type": "Feature", "properties": { "bathrooms": 1.0, "sqft_living": 1710, "sqft_lot": 5992, "grade": 7, "condition": 4, "waterfront": 0, "view": 0, "age": 87, "UTM_X": 548480.19627087319, "UTM_Y": 5281614.6043405253, "price": 650.00000000000011 }, "geometry": { "type": "Point", "coordinates": [ 548480.196270873188041, 5281614.604340525344014 ] } },
{ "type": "Feature", "properties": { "bathrooms": 1.75, "sqft_living": 2670, "sqft_lot": 6250, "grade": 8, "condition": 4, "waterfront": 0, "view": 0, "age": 74, "UTM_X": 545735.09072595509, "UTM_Y": 5277568.8908757037, "price": 750.00000000000011 }, "geometry": { "type": "Point", "coordinates": [ 545735.090725955087692, 5277568.890875703655183 ] } },
{ "type": "Feature", "properties": { "bathrooms": 1.75, "sqft_living": 1760, "sqft_lot": 8025, "grade": 7, "condition": 4, "waterfront": 0, "view": 0, "age": 39, "UTM_X": 560588.30935360305, "UTM_Y": 5286463.2084021168, "price": 440.00000000000045 }, "geometry": { "type": "Point", "coordinates": [ 560588.309353603050113, 5286463.208402116782963 ] } },
{ "type": "Feature", "properties": { "bathrooms": 2.5, "sqft_living": 3260, "sqft_lot": 6902, "grade": 8, "condition": 3, "waterfront": 0, "view": 0, "age": 7, "UTM_X": 563584.97571457992, "UTM_Y": 5259174.5089065498, "price": 552.5 }, "geometry": { "type": "Point", "coordinates": [ 563584.975714579923078, 5259174.50890654977411 ] } },
{ "type": "Feature", "properties": { "bathrooms": 3.0, "sqft_living": 4080, "sqft_lot": 7500, "grade": 8, "condition": 4, "waterfront": 0, "view": 2, "age": 54, "UTM_X": 548868.40715291712, "UTM_Y": 5280072.9137078207, "price": 825.00000000000068 }, "geometry": { "type": "Point", "coordinates": [ 548868.407152917119674, 5280072.913707820698619 ] } },
{ "type": "Feature", "properties": { "bathrooms": 1.75, "sqft_living": 3700, "sqft_lot": 9140, "grade": 8, "condition": 3, "waterfront": 0, "view": 0, "age": 58, "UTM_X": 555873.30422046094, "UTM_Y": 5261952.2872504573, "price": 414.99999999999977 }, "geometry": { "type": "Point", "coordinates": [ 555873.304220460937358, 5261952.287250457331538 ] } },
{ "type": "Feature", "properties": { "bathrooms": 1.5, "sqft_living": 1250, "sqft_lot": 8004, "grade": 7, "condition": 3, "waterfront": 0, "view": 0, "age": 50, "UTM_X": 566339.08720205026, "UTM_Y": 5275388.5573922247, "price": 455.00000000000023 }, "geometry": { "type": "Point", "coordinates": [ 566339.087202050257474, 5275388.557392224669456 ] } },
{ "type": "Feature", "properties": { "bathrooms": 1.5, "sqft_living": 1010, "sqft_lot": 2102, "grade": 7, "condition": 3, "waterfront": 0, "view": 0, "age": 31, "UTM_X": 546947.86406272859, "UTM_Y": 5276189.2250770861, "price": 370.0 }, "geometry": { "type": "Point", "coordinates": [ 546947.864062728593126, 5276189.225077086128294 ] } },
{ "type": "Feature", "properties": { "bathrooms": 1.0, "sqft_living": 1170, "sqft_lot": 4080, "grade": 7, "condition": 4, "waterfront": 0, "view": 0, "age": 106, "UTM_X": 546085.49047965521, "UTM_Y": 5280739.3064714344, "price": 580.99999999999989 }, "geometry": { "type": "Point", "coordinates": [ 546085.490479655214585, 5280739.306471434421837 ] } },
{ "type": "Feature", "properties": { "bathrooms": 1.0, "sqft_living": 1060, "sqft_lot": 9954, "grade": 7, "condition": 4, "waterfront": 0, "view": 0, "age": 55, "UTM_X": 553669.53163632576, "UTM_Y": 5247649.7010966074, "price": 214.9999999999998 }, "geometry": { "type": "Point", "coordinates": [ 553669.531636325758882, 5247649.701096607372165 ] } },
{ "type": "Feature", "properties": { "bathrooms": 1.5, "sqft_living": 1190, "sqft_lot": 10116, "grade": 7, "condition": 3, "waterfront": 0, "view": 0, "age": 47, "UTM_X": 569061.88954295509, "UTM_Y": 5248355.0488161584, "price": 160.134 }, "geometry": { "type": "Point", "coordinates": [ 569061.889542955090292, 5248355.048816158436239 ] } },
{ "type": "Feature", "properties": { "bathrooms": 2.5, "sqft_living": 2410, "sqft_lot": 11900, "grade": 9, "condition": 4, "waterfront": 0, "view": 2, "age": 26, "UTM_X": 549859.10362419148, "UTM_Y": 5242981.5697617512, "price": 490.00000000000023 }, "geometry": { "type": "Point", "coordinates": [ 549859.103624191484414, 5242981.56976175121963 ] } },
{ "type": "Feature", "properties": { "bathrooms": 2.25, "sqft_living": 1430, "sqft_lot": 2003, "grade": 8, "condition": 3, "waterfront": 0, "view": 0, "age": 19, "UTM_X": 553229.7850745247, "UTM_Y": 5271063.8050568979, "price": 457.5 }, "geometry": { "type": "Point", "coordinates": [ 553229.785074524697848, 5271063.80505689792335 ] } },
{ "type": "Feature", "properties": { "bathrooms": 2.5, "sqft_living": 1741, "sqft_lot": 1439, "grade": 8, "condition": 3, "waterfront": 0, "view": 0, "age": 8, "UTM_X": 559341.262255423, "UTM_Y": 5283738.2452565124, "price": 479.00000000000045 }, "geometry": { "type": "Point", "coordinates": [ 559341.262255423003808, 5283738.24525651242584 ] } },
{ "type": "Feature", "properties": { "bathrooms": 1.75, "sqft_living": 1360, "sqft_lot": 5445, "grade": 7, "condition": 4, "waterfront": 0, "view": 0, "age": 58, "UTM_X": 565915.20770594338, "UTM_Y": 5273005.1051480016, "price": 450.00000000000028 }, "geometry": { "type": "Point", "coordinates": [ 565915.207705943379551, 5273005.10514800157398 ] } },
{ "type": "Feature", "properties": { "bathrooms": 1.0, "sqft_living": 1140, "sqft_lot": 9779, "grade": 7, "condition": 3, "waterfront": 0, "view": 0, "age": 52, "UTM_X": 560262.05554093304, "UTM_Y": 5252592.8684357358, "price": 234.3 }, "geometry": { "type": "Point", "coordinates": [ 560262.055540933040902, 5252592.868435735814273 ] } },
{ "type": "Feature", "properties": { "bathrooms": 2.0, "sqft_living": 1380, "sqft_lot": 3600, "grade": 8, "condition": 3, "waterfront": 0, "view": 0, "age": 0, "UTM_X": 552235.88025088108, "UTM_Y": 5272899.8486206373, "price": 350.0 }, "geometry": { "type": "Point", "coordinates": [ 552235.88025088107679, 5272899.848620637319982 ] } },
{ "type": "Feature", "properties": { "bathrooms": 2.5, "sqft_living": 1630, "sqft_lot": 3060, "grade": 7, "condition": 3, "waterfront": 0, "view": 0, "age": 12, "UTM_X": 550001.18379495689, "UTM_Y": 5261743.5552935619, "price": 235.99999999999986 }, "geometry": { "type": "Point", "coordinates": [ 550001.183794956887141, 5261743.555293561890721 ] } },
{ "type": "Feature", "properties": { "bathrooms": 2.5, "sqft_living": 1900, "sqft_lot": 7361, "grade": 8, "condition": 3, "waterfront": 0, "view": 0, "age": 21, "UTM_X": 561006.56226596294, "UTM_Y": 5253534.1862937622, "price": 380.5 }, "geometry": { "type": "Point", "coordinates": [ 561006.562265962944366, 5253534.186293762177229 ] } },
{ "type": "Feature", "properties": { "bathrooms": 1.75, "sqft_living": 1890, "sqft_lot": 8000, "grade": 7, "condition": 4, "waterfront": 0, "view": 0, "age": 55, "UTM_X": 549987.72289655847, "UTM_Y": 5289574.4487673398, "price": 375.0 }, "geometry": { "type": "Point", "coordinates": [ 549987.722896558465436, 5289574.448767339810729 ] } },
{ "type": "Feature", "properties": { "bathrooms": 1.0, "sqft_living": 910, "sqft_lot": 6490, "grade": 7, "condition": 3, "waterfront": 0, "view": 0, "age": 73, "UTM_X": 552079.33811596606, "UTM_Y": 5281990.2856153036, "price": 404.99999999999972 }, "geometry": { "type": "Point", "coordinates": [ 552079.338115966063924, 5281990.285615303553641 ] } },
{ "type": "Feature", "properties": { "bathrooms": 1.5, "sqft_living": 1250, "sqft_lot": 8710, "grade": 7, "condition": 4, "waterfront": 0, "view": 0, "age": 62, "UTM_X": 560258.25673686236, "UTM_Y": 5274877.8933292255, "price": 888.00000000000068 }, "geometry": { "type": "Point", "coordinates": [ 560258.256736862356775, 5274877.893329225480556 ] } },
{ "type": "Feature", "properties": { "bathrooms": 3.25, "sqft_living": 3450, "sqft_lot": 5000, "grade": 8, "condition": 3, "waterfront": 0, "view": 0, "age": 7, "UTM_X": 554760.53497096919, "UTM_Y": 5260152.3303693281, "price": 445.0000000000004 }, "geometry": { "type": "Point", "coordinates": [ 554760.534970969194546, 5260152.330369328148663 ] } },
{ "type": "Feature", "properties": { "bathrooms": 1.0, "sqft_living": 830, "sqft_lot": 6030, "grade": 6, "condition": 4, "waterfront": 0, "view": 0, "age": 90, "UTM_X": 548993.06209160644, "UTM_Y": 5283097.1594697312, "price": 425.00000000000006 }, "geometry": { "type": "Point", "coordinates": [ 548993.062091606436297, 5283097.159469731152058 ] } },
{ "type": "Feature", "properties": { "bathrooms": 3.0, "sqft_living": 2500, "sqft_lot": 11779, "grade": 8, "condition": 4, "waterfront": 0, "view": 0, "age": 44, "UTM_X": 565661.45787012239, "UTM_Y": 5268834.0882084202, "price": 730.0 }, "geometry": { "type": "Point", "coordinates": [ 565661.457870122394525, 5268834.088208420202136 ] } },
{ "type": "Feature", "properties": { "bathrooms": 2.5, "sqft_living": 2270, "sqft_lot": 11500, "grade": 8, "condition": 3, "waterfront": 0, "view": 0, "age": 48, "UTM_X": 556935.60777209257, "UTM_Y": 5284225.4654266741, "price": 624.9 }, "geometry": { "type": "Point", "coordinates": [ 556935.607772092567757, 5284225.465426674112678 ] } },
{ "type": "Feature", "properties": { "bathrooms": 2.0, "sqft_living": 1830, "sqft_lot": 10873, "grade": 8, "condition": 3, "waterfront": 0, "view": 0, "age": 26, "UTM_X": 545807.21582499391, "UTM_Y": 5239414.4235360604, "price": 305.00000000000006 }, "geometry": { "type": "Point", "coordinates": [ 545807.215824993909337, 5239414.423536060377955 ] } },
{ "type": "Feature", "properties": { "bathrooms": 2.5, "sqft_living": 2790, "sqft_lot": 5602, "grade": 8, "condition": 3, "waterfront": 0, "view": 0, "age": 6, "UTM_X": 564021.19798701268, "UTM_Y": 5260624.1878232788, "price": 504.99999999999949 }, "geometry": { "type": "Point", "coordinates": [ 564021.197987012681551, 5260624.187823278829455 ] } },
{ "type": "Feature", "properties": { "bathrooms": 1.0, "sqft_living": 1340, "sqft_lot": 8100, "grade": 8, "condition": 3, "waterfront": 0, "view": 2, "age": 65, "UTM_X": 547697.70088256942, "UTM_Y": 5285509.3901375495, "price": 452.00000000000034 }, "geometry": { "type": "Point", "coordinates": [ 547697.700882569421083, 5285509.390137549489737 ] } },
{ "type": "Feature", "properties": { "bathrooms": 2.5, "sqft_living": 1580, "sqft_lot": 1161, "grade": 8, "condition": 3, "waterfront": 0, "view": 0, "age": 7, "UTM_X": 552673.5776323824, "UTM_Y": 5274370.9223469216, "price": 525.00000000000011 }, "geometry": { "type": "Point", "coordinates": [ 552673.577632382395677, 5274370.922346921637654 ] } },
{ "type": "Feature", "properties": { "bathrooms": 2.5, "sqft_living": 2341, "sqft_lot": 9594, "grade": 9, "condition": 3, "waterfront": 0, "view": 0, "age": 18, "UTM_X": 566399.49464954319, "UTM_Y": 5283258.8473133361, "price": 640.00000000000045 }, "geometry": { "type": "Point", "coordinates": [ 566399.4946495431941, 5283258.847313336096704 ] } },
{ "type": "Feature", "properties": { "bathrooms": 1.0, "sqft_living": 1460, "sqft_lot": 6000, "grade": 7, "condition": 2, "waterfront": 0, "view": 0, "age": 90, "UTM_X": 551242.4123053638, "UTM_Y": 5283283.2783852629, "price": 311.99999999999972 }, "geometry": { "type": "Point", "coordinates": [ 551242.412305363803171, 5283283.278385262936354 ] } },
{ "type": "Feature", "properties": { "bathrooms": 2.75, "sqft_living": 3010, "sqft_lot": 10830, "grade": 9, "condition": 4, "waterfront": 0, "view": 3, "age": 35, "UTM_X": 557619.98656815861, "UTM_Y": 5283298.5517185489, "price": 1085.5 }, "geometry": { "type": "Point", "coordinates": [ 557619.986568158608861, 5283298.551718548871577 ] } },
{ "type": "Feature", "properties": { "bathrooms": 1.0, "sqft_living": 700, "sqft_lot": 2334, "grade": 7, "condition": 3, "waterfront": 0, "view": 0, "age": 70, "UTM_X": 545765.48408412782, "UTM_Y": 5283248.6818334218, "price": 367.00000000000034 }, "geometry": { "type": "Point", "coordinates": [ 545765.484084127820097, 5283248.681833421811461 ] } },
{ "type": "Feature", "properties": { "bathrooms": 2.0, "sqft_living": 1930, "sqft_lot": 9747, "grade": 7, "condition": 4, "waterfront": 0, "view": 0, "age": 53, "UTM_X": 557313.85775882367, "UTM_Y": 5291498.4421857651, "price": 400.00000000000011 }, "geometry": { "type": "Point", "coordinates": [ 557313.85775882366579, 5291498.442185765132308 ] } },
{ "type": "Feature", "properties": { "bathrooms": 1.0, "sqft_living": 770, "sqft_lot": 8149, "grade": 6, "condition": 3, "waterfront": 0, "view": 0, "age": 67, "UTM_X": 552471.82365424419, "UTM_Y": 5288384.8624294484, "price": 220.0000000000002 }, "geometry": { "type": "Point", "coordinates": [ 552471.823654244188219, 5288384.862429448403418 ] } },
{ "type": "Feature", "properties": { "bathrooms": 2.5, "sqft_living": 1630, "sqft_lot": 2844, "grade": 7, "condition": 3, "waterfront": 0, "view": 0, "age": 12, "UTM_X": 553580.97510917508, "UTM_Y": 5265565.2927246513, "price": 330.95 }, "geometry": { "type": "Point", "coordinates": [ 553580.975109175080433, 5265565.292724651284516 ] } },
{ "type": "Feature", "properties": { "bathrooms": 2.5, "sqft_living": 2200, "sqft_lot": 4080, "grade": 7, "condition": 5, "waterfront": 0, "view": 0, "age": 99, "UTM_X": 548779.35642685008, "UTM_Y": 5281739.3679563543, "price": 547.00000000000011 }, "geometry": { "type": "Point", "coordinates": [ 548779.356426850077696, 5281739.367956354282796 ] } },
{ "type": "Feature", "properties": { "bathrooms": 3.0, "sqft_living": 3280, "sqft_lot": 11060, "grade": 8, "condition": 3, "waterfront": 0, "view": 0, "age": 29, "UTM_X": 561634.76840262383, "UTM_Y": 5265489.0764191803, "price": 579.99999999999955 }, "geometry": { "type": "Point", "coordinates": [ 561634.768402623827569, 5265489.076419180259109 ] } },
{ "type": "Feature", "properties": { "bathrooms": 1.0, "sqft_living": 1470, "sqft_lot": 7137, "grade": 7, "condition": 3, "waterfront": 0, "view": 0, "age": 74, "UTM_X": 548616.62366439053, "UTM_Y": 5283249.6043203492, "price": 445.434 }, "geometry": { "type": "Point", "coordinates": [ 548616.623664390528575, 5283249.604320349171758 ] } },
{ "type": "Feature", "properties": { "bathrooms": 1.75, "sqft_living": 1520, "sqft_lot": 9600, "grade": 8, "condition": 3, "waterfront": 0, "view": 0, "age": 49, "UTM_X": 547981.46619936521, "UTM_Y": 5241621.1731887646, "price": 240.00000000000017 }, "geometry": { "type": "Point", "coordinates": [ 547981.466199365211651, 5241621.173188764601946 ] } },
{ "type": "Feature", "properties": { "bathrooms": 2.75, "sqft_living": 2760, "sqft_lot": 18306, "grade": 7, "condition": 3, "waterfront": 0, "view": 0, "age": 37, "UTM_X": 558861.96214474144, "UTM_Y": 5286612.1756296381, "price": 492.5 }, "geometry": { "type": "Point", "coordinates": [ 558861.962144741439261, 5286612.175629638135433 ] } },
{ "type": "Feature", "properties": { "bathrooms": 2.5, "sqft_living": 3000, "sqft_lot": 9460, "grade": 9, "condition": 3, "waterfront": 0, "view": 0, "age": 14, "UTM_X": 559539.50301308197, "UTM_Y": 5249462.320294098, "price": 429.99999999999966 }, "geometry": { "type": "Point", "coordinates": [ 559539.503013081965037, 5249462.320294097997248 ] } },
{ "type": "Feature", "properties": { "bathrooms": 1.0, "sqft_living": 1300, "sqft_lot": 8400, "grade": 7, "condition": 4, "waterfront": 0, "view": 0, "age": 62, "UTM_X": 550059.21308224287, "UTM_Y": 5289975.2007793738, "price": 315.00000000000028 }, "geometry": { "type": "Point", "coordinates": [ 550059.213082242873497, 5289975.200779373757541 ] } },
{ "type": "Feature", "properties": { "bathrooms": 1.0, "sqft_living": 810, "sqft_lot": 6697, "grade": 6, "condition": 4, "waterfront": 0, "view": 0, "age": 92, "UTM_X": 559263.0877173692, "UTM_Y": 5239434.367886669, "price": 194.9 }, "geometry": { "type": "Point", "coordinates": [ 559263.087717369198799, 5239434.367886669002473 ] } },
{ "type": "Feature", "properties": { "bathrooms": 3.5, "sqft_living": 2740, "sqft_lot": 3785, "grade": 9, "condition": 3, "waterfront": 0, "view": 0, "age": 14, "UTM_X": 561348.96175387257, "UTM_Y": 5285448.5995576736, "price": 659.99999999999955 }, "geometry": { "type": "Point", "coordinates": [ 561348.961753872572444, 5285448.599557673558593 ] } },
{ "type": "Feature", "properties": { "bathrooms": 2.25, "sqft_living": 1430, "sqft_lot": 1448, "grade": 8, "condition": 3, "waterfront": 0, "view": 0, "age": 10, "UTM_X": 549450.60064499802, "UTM_Y": 5282234.085639555, "price": 407.00000000000028 }, "geometry": { "type": "Point", "coordinates": [ 549450.600644998019561, 5282234.085639555007219 ] } },
{ "type": "Feature", "properties": { "bathrooms": 1.0, "sqft_living": 1140, "sqft_lot": 5000, "grade": 7, "condition": 3, "waterfront": 0, "view": 0, "age": 55, "UTM_X": 548001.04696153745, "UTM_Y": 5266872.7534427922, "price": 275.99999999999972 }, "geometry": { "type": "Point", "coordinates": [ 548001.046961537445895, 5266872.753442792221904 ] } },
{ "type": "Feature", "properties": { "bathrooms": 2.5, "sqft_living": 3020, "sqft_lot": 17810, "grade": 9, "condition": 3, "waterfront": 0, "view": 0, "age": 36, "UTM_X": 553868.37834905076, "UTM_Y": 5291376.4785562297, "price": 575.00000000000011 }, "geometry": { "type": "Point", "coordinates": [ 553868.378349050763063, 5291376.478556229732931 ] } },
{ "type": "Feature", "properties": { "bathrooms": 1.0, "sqft_living": 790, "sqft_lot": 4590, "grade": 6, "condition": 3, "waterfront": 0, "view": 0, "age": 104, "UTM_X": 553779.71724115871, "UTM_Y": 5268501.3684358485, "price": 350.0 }, "geometry": { "type": "Point", "coordinates": [ 553779.71724115870893, 5268501.368435848504305 ] } },
{ "type": "Feature", "properties": { "bathrooms": 4.0, "sqft_living": 1390, "sqft_lot": 1569, "grade": 9, "condition": 3, "waterfront": 0, "view": 0, "age": 9, "UTM_X": 554874.97109828098, "UTM_Y": 5279993.0943480348, "price": 458.00000000000045 }, "geometry": { "type": "Point", "coordinates": [ 554874.971098280977458, 5279993.094348034821451 ] } },
{ "type": "Feature", "properties": { "bathrooms": 1.75, "sqft_living": 1650, "sqft_lot": 8254, "grade": 7, "condition": 5, "waterfront": 0, "view": 0, "age": 64, "UTM_X": 552159.09315819549, "UTM_Y": 5289815.8680790411, "price": 370.0 }, "geometry": { "type": "Point", "coordinates": [ 552159.093158195493743, 5289815.868079041130841 ] } },
{ "type": "Feature", "properties": { "bathrooms": 1.0, "sqft_living": 1030, "sqft_lot": 6621, "grade": 6, "condition": 4, "waterfront": 0, "view": 0, "age": 60, "UTM_X": 558684.93663013249, "UTM_Y": 5259434.5620897505, "price": 204.99999999999994 }, "geometry": { "type": "Point", "coordinates": [ 558684.9366301324917, 5259434.562089750543237 ] } },
{ "type": "Feature", "properties": { "bathrooms": 3.0, "sqft_living": 2340, "sqft_lot": 7048, "grade": 8, "condition": 4, "waterfront": 0, "view": 0, "age": 36, "UTM_X": 557961.72276130854, "UTM_Y": 5286647.578149816, "price": 485.00000000000034 }, "geometry": { "type": "Point", "coordinates": [ 557961.722761308541521, 5286647.578149816021323 ] } },
{ "type": "Feature", "properties": { "bathrooms": 2.25, "sqft_living": 2130, "sqft_lot": 11782, "grade": 8, "condition": 4, "waterfront": 0, "view": 0, "age": 38, "UTM_X": 559073.37810528255, "UTM_Y": 5265729.3783578053, "price": 780.00000000000068 }, "geometry": { "type": "Point", "coordinates": [ 559073.378105282550678, 5265729.37835780531168 ] } },
{ "type": "Feature", "properties": { "bathrooms": 1.0, "sqft_living": 1460, "sqft_lot": 4600, "grade": 6, "condition": 3, "waterfront": 0, "view": 2, "age": 69, "UTM_X": 546635.69587038888, "UTM_Y": 5268250.9912338974, "price": 445.0000000000004 }, "geometry": { "type": "Point", "coordinates": [ 546635.695870388881303, 5268250.991233897395432 ] } },
{ "type": "Feature", "properties": { "bathrooms": 1.75, "sqft_living": 1600, "sqft_lot": 14250, "grade": 7, "condition": 3, "waterfront": 0, "view": 0, "age": 36, "UTM_X": 548736.24944585189, "UTM_Y": 5241727.3979051644, "price": 316.5 }, "geometry": { "type": "Point", "coordinates": [ 548736.249445851892233, 5241727.397905164398253 ] } },
{ "type": "Feature", "properties": { "bathrooms": 1.0, "sqft_living": 890, "sqft_lot": 2100, "grade": 6, "condition": 4, "waterfront": 0, "view": 0, "age": 96, "UTM_X": 548132.63349726854, "UTM_Y": 5278266.2097240621, "price": 460.00000000000023 }, "geometry": { "type": "Point", "coordinates": [ 548132.633497268543579, 5278266.209724062122405 ] } },
{ "type": "Feature", "properties": { "bathrooms": 1.5, "sqft_living": 1510, "sqft_lot": 6600, "grade": 6, "condition": 3, "waterfront": 0, "view": 0, "age": 77, "UTM_X": 550401.71007838752, "UTM_Y": 5258957.2873343071, "price": 199.95 }, "geometry": { "type": "Point", "coordinates": [ 550401.710078387521207, 5258957.287334307096899 ] } },
{ "type": "Feature", "properties": { "bathrooms": 3.0, "sqft_living": 3540, "sqft_lot": 10202, "grade": 8, "condition": 3, "waterfront": 0, "view": 0, "age": 27, "UTM_X": 563582.70819790952, "UTM_Y": 5266310.2178737372, "price": 1027.5 }, "geometry": { "type": "Point", "coordinates": [ 563582.708197909523733, 5266310.217873737215996 ] } },
{ "type": "Feature", "properties": { "bathrooms": 1.0, "sqft_living": 870, "sqft_lot": 4280, "grade": 6, "condition": 4, "waterfront": 0, "view": 2, "age": 94, "UTM_X": 553299.86671608733, "UTM_Y": 5279833.9578297017, "price": 502.99999999999994 }, "geometry": { "type": "Point", "coordinates": [ 553299.866716087330133, 5279833.957829701714218 ] } },
{ "type": "Feature", "properties": { "bathrooms": 2.0, "sqft_living": 2720, "sqft_lot": 8819, "grade": 8, "condition": 3, "waterfront": 0, "view": 3, "age": 39, "UTM_X": 550388.29095792002, "UTM_Y": 5242941.6202125838, "price": 560.00000000000034 }, "geometry": { "type": "Point", "coordinates": [ 550388.290957920020446, 5242941.62021258380264 ] } },
{ "type": "Feature", "properties": { "bathrooms": 2.5, "sqft_living": 3340, "sqft_lot": 10422, "grade": 10, "condition": 3, "waterfront": 0, "view": 0, "age": 19, "UTM_X": 560302.31463025138, "UTM_Y": 5277879.3917891672, "price": 1150.0000000000002 }, "geometry": { "type": "Point", "coordinates": [ 560302.314630251377821, 5277879.391789167188108 ] } },
{ "type": "Feature", "properties": { "bathrooms": 1.75, "sqft_living": 2560, "sqft_lot": 4800, "grade": 7, "condition": 3, "waterfront": 0, "view": 0, "age": 104, "UTM_X": 552974.03774593433, "UTM_Y": 5274384.760412978, "price": 747.00000000000023 }, "geometry": { "type": "Point", "coordinates": [ 552974.037745934328996, 5274384.760412978008389 ] } },
{ "type": "Feature", "properties": { "bathrooms": 3.5, "sqft_living": 3730, "sqft_lot": 15029, "grade": 10, "condition": 3, "waterfront": 0, "view": 2, "age": 24, "UTM_X": 563180.17838393373, "UTM_Y": 5247777.5923027564, "price": 599.95 }, "geometry": { "type": "Point", "coordinates": [ 563180.178383933729492, 5247777.592302756384015 ] } },
{ "type": "Feature", "properties": { "bathrooms": 1.5, "sqft_living": 1110, "sqft_lot": 1200, "grade": 8, "condition": 3, "waterfront": 0, "view": 0, "age": 15, "UTM_X": 549374.14616768376, "UTM_Y": 5282400.1566009521, "price": 320.00000000000023 }, "geometry": { "type": "Point", "coordinates": [ 549374.146167683764361, 5282400.156600952148438 ] } },
{ "type": "Feature", "properties": { "bathrooms": 1.0, "sqft_living": 1250, "sqft_lot": 9126, "grade": 7, "condition": 3, "waterfront": 0, "view": 0, "age": 46, "UTM_X": 569251.14281580143, "UTM_Y": 5289527.9234006424, "price": 329.99999999999972 }, "geometry": { "type": "Point", "coordinates": [ 569251.142815801431425, 5289527.923400642350316 ] } },
{ "type": "Feature", "properties": { "bathrooms": 1.5, "sqft_living": 1068, "sqft_lot": 1158, "grade": 7, "condition": 3, "waterfront": 0, "view": 0, "age": 25, "UTM_X": 556662.70837289852, "UTM_Y": 5289124.5253868913, "price": 206.99999999999983 }, "geometry": { "type": "Point", "coordinates": [ 556662.708372898516245, 5289124.525386891327798 ] } },
{ "type": "Feature", "properties": { "bathrooms": 2.0, "sqft_living": 2040, "sqft_lot": 10812, "grade": 5, "condition": 4, "waterfront": 0, "view": 0, "age": 72, "UTM_X": 561691.00591276714, "UTM_Y": 5260154.5750286831, "price": 300.00000000000011 }, "geometry": { "type": "Point", "coordinates": [ 561691.005912767141126, 5260154.575028683058918 ] } },
{ "type": "Feature", "properties": { "bathrooms": 2.5, "sqft_living": 2720, "sqft_lot": 16637, "grade": 10, "condition": 3, "waterfront": 0, "view": 3, "age": 62, "UTM_X": 555378.00786253437, "UTM_Y": 5266537.9023048179, "price": 1442.5 }, "geometry": { "type": "Point", "coordinates": [ 555378.007862534373999, 5266537.902304817922413 ] } },
{ "type": "Feature", "properties": { "bathrooms": 2.5, "sqft_living": 2090, "sqft_lot": 7640, "grade": 7, "condition": 3, "waterfront": 0, "view": 0, "age": 53, "UTM_X": 549632.67993790749, "UTM_Y": 5287270.6285830019, "price": 543.00000000000023 }, "geometry": { "type": "Point", "coordinates": [ 549632.679937907494605, 5287270.62858300190419 ] } },
{ "type": "Feature", "properties": { "bathrooms": 1.75, "sqft_living": 1520, "sqft_lot": 8835, "grade": 7, "condition": 4, "waterfront": 0, "view": 0, "age": 58, "UTM_X": 566293.15251970035, "UTM_Y": 5272820.4328667372, "price": 525.00000000000011 }, "geometry": { "type": "Point", "coordinates": [ 566293.15251970035024, 5272820.432866737246513 ] } },
{ "type": "Feature", "properties": { "bathrooms": 1.75, "sqft_living": 1370, "sqft_lot": 10780, "grade": 7, "condition": 3, "waterfront": 0, "view": 0, "age": 56, "UTM_X": 552897.31658472097, "UTM_Y": 5257934.5438356837, "price": 170.00000000000006 }, "geometry": { "type": "Point", "coordinates": [ 552897.316584720974788, 5257934.543835683725774 ] } },
{ "type": "Feature", "properties": { "bathrooms": 1.0, "sqft_living": 1010, "sqft_lot": 6180, "grade": 6, "condition": 3, "waterfront": 0, "view": 0, "age": 112, "UTM_X": 554170.74285402638, "UTM_Y": 5266893.3650488798, "price": 325.00000000000006 }, "geometry": { "type": "Point", "coordinates": [ 554170.742854026379064, 5266893.365048879757524 ] } },
{ "type": "Feature", "properties": { "bathrooms": 2.25, "sqft_living": 1830, "sqft_lot": 5720, "grade": 7, "condition": 3, "waterfront": 0, "view": 0, "age": 12, "UTM_X": 561995.87408788165, "UTM_Y": 5245542.0792213129, "price": 295.00000000000028 }, "geometry": { "type": "Point", "coordinates": [ 561995.874087881646119, 5245542.079221312887967 ] } },
{ "type": "Feature", "properties": { "bathrooms": 1.5, "sqft_living": 1260, "sqft_lot": 9570, "grade": 7, "condition": 3, "waterfront": 0, "view": 0, "age": 74, "UTM_X": 552143.21275594179, "UTM_Y": 5283235.7168096621, "price": 414.9 }, "geometry": { "type": "Point", "coordinates": [ 552143.212755941785872, 5283235.716809662058949 ] } },
{ "type": "Feature", "properties": { "bathrooms": 2.5, "sqft_living": 3690, "sqft_lot": 11468, "grade": 11, "condition": 3, "waterfront": 0, "view": 0, "age": 28, "UTM_X": 568293.5241725723, "UTM_Y": 5268897.6300804615, "price": 900.00000000000068 }, "geometry": { "type": "Point", "coordinates": [ 568293.524172572302632, 5268897.630080461502075 ] } },
{ "type": "Feature", "properties": { "bathrooms": 3.25, "sqft_living": 1860, "sqft_lot": 4356, "grade": 9, "condition": 3, "waterfront": 0, "view": 0, "age": 98, "UTM_X": 548712.41040989663, "UTM_Y": 5280771.8293828014, "price": 967.0 }, "geometry": { "type": "Point", "coordinates": [ 548712.410409896634519, 5280771.829382801428437 ] } },
{ "type": "Feature", "properties": { "bathrooms": 2.0, "sqft_living": 2350, "sqft_lot": 4815, "grade": 7, "condition": 4, "waterfront": 0, "view": 0, "age": 101, "UTM_X": 549698.02962473477, "UTM_Y": 5279624.2399165714, "price": 767.5 }, "geometry": { "type": "Point", "coordinates": [ 549698.029624734772369, 5279624.239916571415961 ] } },
{ "type": "Feature", "properties": { "bathrooms": 1.75, "sqft_living": 2540, "sqft_lot": 7200, "grade": 7, "condition": 4, "waterfront": 0, "view": 0, "age": 68, "UTM_X": 554842.9694084808, "UTM_Y": 5267422.0246397145, "price": 525.00000000000011 }, "geometry": { "type": "Point", "coordinates": [ 554842.969408480799757, 5267422.024639714509249 ] } },
{ "type": "Feature", "properties": { "bathrooms": 1.75, "sqft_living": 1840, "sqft_lot": 19501, "grade": 8, "condition": 4, "waterfront": 0, "view": 0, "age": 43, "UTM_X": 551523.01314336224, "UTM_Y": 5242773.618653114, "price": 247.99999999999983 }, "geometry": { "type": "Point", "coordinates": [ 551523.013143362244591, 5242773.618653113953769 ] } },
{ "type": "Feature", "properties": { "bathrooms": 1.0, "sqft_living": 940, "sqft_lot": 6695, "grade": 6, "condition": 4, "waterfront": 0, "view": 0, "age": 56, "UTM_X": 566125.05096553604, "UTM_Y": 5274385.7592285126, "price": 358.00000000000017 }, "geometry": { "type": "Point", "coordinates": [ 566125.050965536036529, 5274385.759228512644768 ] } },
{ "type": "Feature", "properties": { "bathrooms": 2.75, "sqft_living": 2260, "sqft_lot": 12005, "grade": 8, "condition": 4, "waterfront": 0, "view": 0, "age": 59, "UTM_X": 562275.36422987236, "UTM_Y": 5275977.2597124008, "price": 738.95 }, "geometry": { "type": "Point", "coordinates": [ 562275.3642298723571, 5275977.259712400846183 ] } },
{ "type": "Feature", "properties": { "bathrooms": 2.0, "sqft_living": 2020, "sqft_lot": 6867, "grade": 8, "condition": 5, "waterfront": 0, "view": 0, "age": 73, "UTM_X": 553118.95519024017, "UTM_Y": 5283200.0939323148, "price": 624.99999999999966 }, "geometry": { "type": "Point", "coordinates": [ 553118.955190240172669, 5283200.093932314775884 ] } },
{ "type": "Feature", "properties": { "bathrooms": 2.5, "sqft_living": 1600, "sqft_lot": 14000, "grade": 8, "condition": 3, "waterfront": 0, "view": 0, "age": 65, "UTM_X": 550543.10155025602, "UTM_Y": 5286044.7387542957, "price": 427.00000000000017 }, "geometry": { "type": "Point", "coordinates": [ 550543.101550256018527, 5286044.738754295744002 ] } },
{ "type": "Feature", "properties": { "bathrooms": 1.0, "sqft_living": 1140, "sqft_lot": 7435, "grade": 7, "condition": 3, "waterfront": 0, "view": 0, "age": 63, "UTM_X": 551738.77260446129, "UTM_Y": 5286522.0939683747, "price": 327.00000000000023 }, "geometry": { "type": "Point", "coordinates": [ 551738.772604461293668, 5286522.093968374654651 ] } },
{ "type": "Feature", "properties": { "bathrooms": 2.25, "sqft_living": 2570, "sqft_lot": 7242, "grade": 7, "condition": 3, "waterfront": 0, "view": 0, "age": 64, "UTM_X": 551072.71932110551, "UTM_Y": 5285515.8610630957, "price": 537.99999999999966 }, "geometry": { "type": "Point", "coordinates": [ 551072.71932110551279, 5285515.861063095740974 ] } },
{ "type": "Feature", "properties": { "bathrooms": 1.0, "sqft_living": 1270, "sqft_lot": 4500, "grade": 7, "condition": 4, "waterfront": 0, "view": 0, "age": 96, "UTM_X": 552988.98726994055, "UTM_Y": 5272739.924412637, "price": 510.0000000000004 }, "geometry": { "type": "Point", "coordinates": [ 552988.987269940553233, 5272739.924412637017667 ] } },
{ "type": "Feature", "properties": { "bathrooms": 2.25, "sqft_living": 1358, "sqft_lot": 1196, "grade": 7, "condition": 3, "waterfront": 0, "view": 0, "age": 8, "UTM_X": 549062.64691700577, "UTM_Y": 5283742.400844981, "price": 311.6 }, "geometry": { "type": "Point", "coordinates": [ 549062.646917005768046, 5283742.400844980962574 ] } },
{ "type": "Feature", "properties": { "bathrooms": 2.75, "sqft_living": 3320, "sqft_lot": 10574, "grade": 8, "condition": 5, "waterfront": 0, "view": 0, "age": 55, "UTM_X": 561712.72308281169, "UTM_Y": 5265234.2580483528, "price": 664.99999999999989 }, "geometry": { "type": "Point", "coordinates": [ 561712.723082811688073, 5265234.258048352785408 ] } },
{ "type": "Feature", "properties": { "bathrooms": 1.75, "sqft_living": 1670, "sqft_lot": 5209, "grade": 7, "condition": 5, "waterfront": 0, "view": 0, "age": 107, "UTM_X": 554865.61070511385, "UTM_Y": 5265010.3680972885, "price": 329.9 }, "geometry": { "type": "Point", "coordinates": [ 554865.610705113853328, 5265010.368097288534045 ] } },
{ "type": "Feature", "properties": { "bathrooms": 3.5, "sqft_living": 2473, "sqft_lot": 9282, "grade": 7, "condition": 5, "waterfront": 0, "view": 1, "age": 52, "UTM_X": 552219.03054982214, "UTM_Y": 5249470.4780808333, "price": 343.00000000000023 }, "geometry": { "type": "Point", "coordinates": [ 552219.030549822142348, 5249470.47808083333075 ] } },
{ "type": "Feature", "properties": { "bathrooms": 1.75, "sqft_living": 1020, "sqft_lot": 7020, "grade": 7, "condition": 4, "waterfront": 0, "view": 0, "age": 62, "UTM_X": 551432.73345319391, "UTM_Y": 5287208.4961630907, "price": 359.99999999999966 }, "geometry": { "type": "Point", "coordinates": [ 551432.733453193912283, 5287208.49616309069097 ] } },
{ "type": "Feature", "properties": { "bathrooms": 1.5, "sqft_living": 1480, "sqft_lot": 15641, "grade": 7, "condition": 4, "waterfront": 0, "view": 0, "age": 75, "UTM_X": 547747.90560396586, "UTM_Y": 5261013.4181895712, "price": 280.00000000000011 }, "geometry": { "type": "Point", "coordinates": [ 547747.905603965860792, 5261013.418189571239054 ] } },
{ "type": "Feature", "properties": { "bathrooms": 3.5, "sqft_living": 3500, "sqft_lot": 9523, "grade": 10, "condition": 3, "waterfront": 0, "view": 0, "age": 19, "UTM_X": 559438.43925456144, "UTM_Y": 5281571.8029116886, "price": 1375.0000000000005 }, "geometry": { "type": "Point", "coordinates": [ 559438.439254561439157, 5281571.802911688573658 ] } },
{ "type": "Feature", "properties": { "bathrooms": 2.5, "sqft_living": 2680, "sqft_lot": 7700, "grade": 8, "condition": 4, "waterfront": 0, "view": 0, "age": 25, "UTM_X": 562617.42698396149, "UTM_Y": 5250994.7958416976, "price": 363.5 }, "geometry": { "type": "Point", "coordinates": [ 562617.426983961486258, 5250994.795841697603464 ] } },
{ "type": "Feature", "properties": { "bathrooms": 1.0, "sqft_living": 1060, "sqft_lot": 3588, "grade": 7, "condition": 4, "waterfront": 0, "view": 0, "age": 89, "UTM_X": 545415.43897297827, "UTM_Y": 5280033.8176528988, "price": 505.9999999999996 }, "geometry": { "type": "Point", "coordinates": [ 545415.438972978270613, 5280033.817652898840606 ] } },
{ "type": "Feature", "properties": { "bathrooms": 1.75, "sqft_living": 1770, "sqft_lot": 8235, "grade": 7, "condition": 3, "waterfront": 0, "view": 0, "age": 55, "UTM_X": 550675.5534577925, "UTM_Y": 5253424.7319109179, "price": 295.00000000000028 }, "geometry": { "type": "Point", "coordinates": [ 550675.553457792499103, 5253424.731910917907953 ] } },
{ "type": "Feature", "properties": { "bathrooms": 1.0, "sqft_living": 1070, "sqft_lot": 7140, "grade": 7, "condition": 3, "waterfront": 0, "view": 0, "age": 26, "UTM_X": 553579.54856336711, "UTM_Y": 5265720.8833845584, "price": 327.5 }, "geometry": { "type": "Point", "coordinates": [ 553579.548563367105089, 5265720.8833845583722 ] } },
{ "type": "Feature", "properties": { "bathrooms": 2.5, "sqft_living": 2720, "sqft_lot": 5000, "grade": 7, "condition": 4, "waterfront": 0, "view": 0, "age": 76, "UTM_X": 546832.21725903952, "UTM_Y": 5281223.2000539675, "price": 579.99999999999955 }, "geometry": { "type": "Point", "coordinates": [ 546832.217259039520286, 5281223.200053967535496 ] } },
{ "type": "Feature", "properties": { "bathrooms": 1.0, "sqft_living": 1080, "sqft_lot": 10200, "grade": 7, "condition": 4, "waterfront": 0, "view": 0, "age": 53, "UTM_X": 549043.76420870773, "UTM_Y": 5241096.4542279001, "price": 206.99999999999983 }, "geometry": { "type": "Point", "coordinates": [ 549043.764208707725629, 5241096.454227900132537 ] } },
{ "type": "Feature", "properties": { "bathrooms": 2.75, "sqft_living": 2440, "sqft_lot": 7042, "grade": 7, "condition": 4, "waterfront": 0, "view": 2, "age": 74, "UTM_X": 544523.55653071997, "UTM_Y": 5269023.6221751086, "price": 725.00000000000057 }, "geometry": { "type": "Point", "coordinates": [ 544523.556530719972216, 5269023.622175108641386 ] } },
{ "type": "Feature", "properties": { "bathrooms": 2.25, "sqft_living": 3070, "sqft_lot": 9210, "grade": 8, "condition": 3, "waterfront": 0, "view": 0, "age": 5, "UTM_X": 560247.84875031817, "UTM_Y": 5290361.0957008628, "price": 664.5 }, "geometry": { "type": "Point", "coordinates": [ 560247.848750318167731, 5290361.095700862817466 ] } },
{ "type": "Feature", "properties": { "bathrooms": 2.5, "sqft_living": 2480, "sqft_lot": 7480, "grade": 9, "condition": 3, "waterfront": 0, "view": 0, "age": 23, "UTM_X": 562487.26302820724, "UTM_Y": 5291185.0981747732, "price": 530.00000000000011 }, "geometry": { "type": "Point", "coordinates": [ 562487.263028207235038, 5291185.098174773156643 ] } },
{ "type": "Feature", "properties": { "bathrooms": 1.0, "sqft_living": 1180, "sqft_lot": 7573, "grade": 7, "condition": 4, "waterfront": 0, "view": 0, "age": 38, "UTM_X": 552931.2094765862, "UTM_Y": 5287333.1169104287, "price": 355.00000000000011 }, "geometry": { "type": "Point", "coordinates": [ 552931.209476586198434, 5287333.116910428740084 ] } },
{ "type": "Feature", "properties": { "bathrooms": 1.0, "sqft_living": 1100, "sqft_lot": 6000, "grade": 6, "condition": 4, "waterfront": 0, "view": 0, "age": 115, "UTM_X": 550960.45856492617, "UTM_Y": 5264008.0592621537, "price": 210.00000000000011 }, "geometry": { "type": "Point", "coordinates": [ 550960.458564926171675, 5264008.059262153692544 ] } },
{ "type": "Feature", "properties": { "bathrooms": 1.0, "sqft_living": 1180, "sqft_lot": 6552, "grade": 6, "condition": 4, "waterfront": 0, "view": 0, "age": 66, "UTM_X": 549322.58292987105, "UTM_Y": 5288468.385436303, "price": 275.00000000000011 }, "geometry": { "type": "Point", "coordinates": [ 549322.582929871045053, 5288468.385436302982271 ] } },
{ "type": "Feature", "properties": { "bathrooms": 1.75, "sqft_living": 1730, "sqft_lot": 6500, "grade": 7, "condition": 3, "waterfront": 0, "view": 0, "age": 70, "UTM_X": 553871.07357210573, "UTM_Y": 5283006.9492774839, "price": 700.00000000000011 }, "geometry": { "type": "Point", "coordinates": [ 553871.07357210572809, 5283006.949277483858168 ] } },
{ "type": "Feature", "properties": { "bathrooms": 3.0, "sqft_living": 1530, "sqft_lot": 9999, "grade": 7, "condition": 4, "waterfront": 0, "view": 0, "age": 32, "UTM_X": 561087.04482954601, "UTM_Y": 5281822.3059146712, "price": 545.99999999999955 }, "geometry": { "type": "Point", "coordinates": [ 561087.044829546008259, 5281822.305914671160281 ] } },
{ "type": "Feature", "properties": { "bathrooms": 1.75, "sqft_living": 1510, "sqft_lot": 9720, "grade": 7, "condition": 3, "waterfront": 0, "view": 0, "age": 67, "UTM_X": 555592.30414121866, "UTM_Y": 5291314.9496382149, "price": 335.00000000000028 }, "geometry": { "type": "Point", "coordinates": [ 555592.304141218657605, 5291314.949638214893639 ] } },
{ "type": "Feature", "properties": { "bathrooms": 2.0, "sqft_living": 1560, "sqft_lot": 6300, "grade": 7, "condition": 3, "waterfront": 0, "view": 0, "age": 91, "UTM_X": 546733.40319320594, "UTM_Y": 5265439.8369198162, "price": 527.99999999999977 }, "geometry": { "type": "Point", "coordinates": [ 546733.403193205944262, 5265439.836919816210866 ] } },
{ "type": "Feature", "properties": { "bathrooms": 1.0, "sqft_living": 1600, "sqft_lot": 7500, "grade": 7, "condition": 3, "waterfront": 0, "view": 0, "age": 49, "UTM_X": 561348.6095452446, "UTM_Y": 5285481.9413579004, "price": 325.00000000000006 }, "geometry": { "type": "Point", "coordinates": [ 561348.609545244602486, 5285481.941357900388539 ] } },
{ "type": "Feature", "properties": { "bathrooms": 1.0, "sqft_living": 680, "sqft_lot": 8064, "grade": 6, "condition": 3, "waterfront": 0, "view": 0, "age": 74, "UTM_X": 552901.0295131501, "UTM_Y": 5257523.3449214576, "price": 110.7 }, "geometry": { "type": "Point", "coordinates": [ 552901.029513150104322, 5257523.344921457581222 ] } },
{ "type": "Feature", "properties": { "bathrooms": 2.0, "sqft_living": 1790, "sqft_lot": 6800, "grade": 7, "condition": 4, "waterfront": 0, "view": 0, "age": 51, "UTM_X": 549566.15136678331, "UTM_Y": 5286280.8424258893, "price": 472.5 }, "geometry": { "type": "Point", "coordinates": [ 549566.151366783306003, 5286280.842425889335573 ] } },
{ "type": "Feature", "properties": { "bathrooms": 2.75, "sqft_living": 2700, "sqft_lot": 6000, "grade": 8, "condition": 4, "waterfront": 0, "view": 0, "age": 105, "UTM_X": 546392.37046841159, "UTM_Y": 5270471.9338495098, "price": 749.00000000000034 }, "geometry": { "type": "Point", "coordinates": [ 546392.370468411594629, 5270471.933849509805441 ] } },
{ "type": "Feature", "properties": { "bathrooms": 2.25, "sqft_living": 2110, "sqft_lot": 12653, "grade": 8, "condition": 4, "waterfront": 0, "view": 0, "age": 43, "UTM_X": 558327.8422338377, "UTM_Y": 5265021.6629716028, "price": 825.00000000000068 }, "geometry": { "type": "Point", "coordinates": [ 558327.842233837698586, 5265021.662971602752805 ] } },
{ "type": "Feature", "properties": { "bathrooms": 2.75, "sqft_living": 1680, "sqft_lot": 11180, "grade": 7, "condition": 4, "waterfront": 0, "view": 0, "age": 49, "UTM_X": 565553.76188599085, "UTM_Y": 5278402.9970141537, "price": 624.99999999999966 }, "geometry": { "type": "Point", "coordinates": [ 565553.761885990854353, 5278402.997014153748751 ] } },
{ "type": "Feature", "properties": { "bathrooms": 1.0, "sqft_living": 1600, "sqft_lot": 16868, "grade": 7, "condition": 3, "waterfront": 0, "view": 1, "age": 69, "UTM_X": 557068.02811106283, "UTM_Y": 5270699.9571890272, "price": 669.99999999999932 }, "geometry": { "type": "Point", "coordinates": [ 557068.02811106282752, 5270699.957189027220011 ] } },
{ "type": "Feature", "properties": { "bathrooms": 3.5, "sqft_living": 3810, "sqft_lot": 13592, "grade": 9, "condition": 3, "waterfront": 0, "view": 1, "age": 2, "UTM_X": 560235.24287804367, "UTM_Y": 5262529.0757500501, "price": 839.9 }, "geometry": { "type": "Point", "coordinates": [ 560235.242878043674864, 5262529.075750050134957 ] } },
{ "type": "Feature", "properties": { "bathrooms": 2.0, "sqft_living": 1180, "sqft_lot": 1800, "grade": 8, "condition": 3, "waterfront": 0, "view": 2, "age": 21, "UTM_X": 552527.10310802085, "UTM_Y": 5273947.2428136282, "price": 425.00000000000006 }, "geometry": { "type": "Point", "coordinates": [ 552527.103108020848595, 5273947.242813628166914 ] } },
{ "type": "Feature", "properties": { "bathrooms": 1.5, "sqft_living": 1240, "sqft_lot": 1331, "grade": 7, "condition": 3, "waterfront": 0, "view": 0, "age": 8, "UTM_X": 552773.55926404323, "UTM_Y": 5271626.5062815296, "price": 379.9 }, "geometry": { "type": "Point", "coordinates": [ 552773.559264043229632, 5271626.506281529553235 ] } },
{ "type": "Feature", "properties": { "bathrooms": 1.0, "sqft_living": 820, "sqft_lot": 6200, "grade": 6, "condition": 4, "waterfront": 0, "view": 0, "age": 61, "UTM_X": 549785.72007418284, "UTM_Y": 5251638.8403263846, "price": 274.0 }, "geometry": { "type": "Point", "coordinates": [ 549785.720074182841927, 5251638.84032638464123 ] } },
{ "type": "Feature", "properties": { "bathrooms": 2.5, "sqft_living": 1960, "sqft_lot": 12476, "grade": 8, "condition": 4, "waterfront": 0, "view": 0, "age": 26, "UTM_X": 562322.02236923506, "UTM_Y": 5264562.7179375933, "price": 560.00000000000034 }, "geometry": { "type": "Point", "coordinates": [ 562322.022369235055521, 5264562.717937593348324 ] } },
{ "type": "Feature", "properties": { "bathrooms": 1.0, "sqft_living": 1010, "sqft_lot": 6120, "grade": 6, "condition": 3, "waterfront": 0, "view": 0, "age": 73, "UTM_X": 559761.46416544623, "UTM_Y": 5279352.1085786233, "price": 550.00000000000034 }, "geometry": { "type": "Point", "coordinates": [ 559761.464165446232073, 5279352.108578623272479 ] } },
{ "type": "Feature", "properties": { "bathrooms": 1.75, "sqft_living": 1890, "sqft_lot": 9205, "grade": 8, "condition": 3, "waterfront": 0, "view": 0, "age": 51, "UTM_X": 548848.20806894975, "UTM_Y": 5291387.5750514623, "price": 300.00000000000011 }, "geometry": { "type": "Point", "coordinates": [ 548848.208068949752487, 5291387.57505146227777 ] } },
{ "type": "Feature", "properties": { "bathrooms": 1.75, "sqft_living": 1140, "sqft_lot": 1165, "grade": 8, "condition": 3, "waterfront": 0, "view": 0, "age": 1, "UTM_X": 553031.49311804387, "UTM_Y": 5268061.055784394, "price": 230.00000000000009 }, "geometry": { "type": "Point", "coordinates": [ 553031.493118043872528, 5268061.055784394033253 ] } },
{ "type": "Feature", "properties": { "bathrooms": 1.75, "sqft_living": 1350, "sqft_lot": 5850, "grade": 7, "condition": 4, "waterfront": 0, "view": 0, "age": 42, "UTM_X": 550684.96077755443, "UTM_Y": 5252335.6180624189, "price": 337.5 }, "geometry": { "type": "Point", "coordinates": [ 550684.960777554428205, 5252335.618062418885529 ] } },
{ "type": "Feature", "properties": { "bathrooms": 1.75, "sqft_living": 2070, "sqft_lot": 5000, "grade": 8, "condition": 3, "waterfront": 0, "view": 0, "age": 95, "UTM_X": 553313.09125355887, "UTM_Y": 5270175.3951161057, "price": 879.9999999999992 }, "geometry": { "type": "Point", "coordinates": [ 553313.091253558872268, 5270175.395116105675697 ] } },
{ "type": "Feature", "properties": { "bathrooms": 2.0, "sqft_living": 2180, "sqft_lot": 3870, "grade": 7, "condition": 3, "waterfront": 0, "view": 0, "age": 115, "UTM_X": 552384.70083220594, "UTM_Y": 5273067.9034883697, "price": 557.99999999999989 }, "geometry": { "type": "Point", "coordinates": [ 552384.700832205940969, 5273067.903488369658589 ] } },
{ "type": "Feature", "properties": { "bathrooms": 1.0, "sqft_living": 1500, "sqft_lot": 3399, "grade": 7, "condition": 5, "waterfront": 0, "view": 0, "age": 89, "UTM_X": 548632.42701632169, "UTM_Y": 5281360.2378693251, "price": 414.99999999999977 }, "geometry": { "type": "Point", "coordinates": [ 548632.427016321686096, 5281360.237869325093925 ] } },
{ "type": "Feature", "properties": { "bathrooms": 1.75, "sqft_living": 2090, "sqft_lot": 4725, "grade": 7, "condition": 3, "waterfront": 0, "view": 0, "age": 68, "UTM_X": 545503.62692863704, "UTM_Y": 5278356.2090194151, "price": 864.9999999999992 }, "geometry": { "type": "Point", "coordinates": [ 545503.626928637037054, 5278356.209019415080547 ] } },
{ "type": "Feature", "properties": { "bathrooms": 1.5, "sqft_living": 1680, "sqft_lot": 5202, "grade": 7, "condition": 2, "waterfront": 0, "view": 0, "age": 104, "UTM_X": 559594.22991816362, "UTM_Y": 5281017.6457377095, "price": 619.5 }, "geometry": { "type": "Point", "coordinates": [ 559594.229918163619004, 5281017.645737709477544 ] } },
{ "type": "Feature", "properties": { "bathrooms": 2.75, "sqft_living": 1465, "sqft_lot": 972, "grade": 7, "condition": 3, "waterfront": 0, "view": 0, "age": 9, "UTM_X": 552748.3155482061, "UTM_Y": 5274416.0570545122, "price": 488.99999999999955 }, "geometry": { "type": "Point", "coordinates": [ 552748.315548206097446, 5274416.05705451220274 ] } },
{ "type": "Feature", "properties": { "bathrooms": 2.5, "sqft_living": 2730, "sqft_lot": 4526, "grade": 7, "condition": 3, "waterfront": 0, "view": 0, "age": 6, "UTM_X": 563801.17728435656, "UTM_Y": 5260077.159468716, "price": 440.00000000000045 }, "geometry": { "type": "Point", "coordinates": [ 563801.177284356555901, 5260077.159468716010451 ] } },
{ "type": "Feature", "properties": { "bathrooms": 2.0, "sqft_living": 2380, "sqft_lot": 6122, "grade": 8, "condition": 4, "waterfront": 0, "view": 2, "age": 66, "UTM_X": 544683.11571407202, "UTM_Y": 5277638.5235398673, "price": 811.99999999999955 }, "geometry": { "type": "Point", "coordinates": [ 544683.115714072016999, 5277638.523539867252111 ] } },
{ "type": "Feature", "properties": { "bathrooms": 3.25, "sqft_living": 2330, "sqft_lot": 9687, "grade": 9, "condition": 3, "waterfront": 0, "view": 3, "age": 97, "UTM_X": 553869.86273003404, "UTM_Y": 5275026.5114171915, "price": 1300.0000000000005 }, "geometry": { "type": "Point", "coordinates": [ 553869.862730034044944, 5275026.51141719147563 ] } },
{ "type": "Feature", "properties": { "bathrooms": 2.5, "sqft_living": 2390, "sqft_lot": 5500, "grade": 9, "condition": 3, "waterfront": 0, "view": 3, "age": 63, "UTM_X": 544392.63805587508, "UTM_Y": 5276335.9065134041, "price": 1350.0000000000014 }, "geometry": { "type": "Point", "coordinates": [ 544392.6380558750825, 5276335.906513404101133 ] } },
{ "type": "Feature", "properties": { "bathrooms": 2.25, "sqft_living": 1980, "sqft_lot": 8755, "grade": 7, "condition": 4, "waterfront": 0, "view": 0, "age": 52, "UTM_X": 551242.30642384838, "UTM_Y": 5248972.8516802499, "price": 309.0 }, "geometry": { "type": "Point", "coordinates": [ 551242.306423848378472, 5248972.851680249907076 ] } },
{ "type": "Feature", "properties": { "bathrooms": 2.75, "sqft_living": 3400, "sqft_lot": 7200, "grade": 9, "condition": 3, "waterfront": 0, "view": 2, "age": 6, "UTM_X": 560942.50524958945, "UTM_Y": 5259691.0322929956, "price": 530.00000000000011 }, "geometry": { "type": "Point", "coordinates": [ 560942.505249589448795, 5259691.032292995601892 ] } },
{ "type": "Feature", "properties": { "bathrooms": 2.25, "sqft_living": 2680, "sqft_lot": 13292, "grade": 8, "condition": 3, "waterfront": 0, "view": 0, "age": 39, "UTM_X": 555699.87685269688, "UTM_Y": 5287914.7771731019, "price": 599.95 }, "geometry": { "type": "Point", "coordinates": [ 555699.876852696877904, 5287914.777173101902008 ] } },
{ "type": "Feature", "properties": { "bathrooms": 1.5, "sqft_living": 1470, "sqft_lot": 11112, "grade": 7, "condition": 3, "waterfront": 0, "view": 0, "age": 61, "UTM_X": 552922.08685397625, "UTM_Y": 5288333.3771524001, "price": 418.9 }, "geometry": { "type": "Point", "coordinates": [ 552922.086853976245038, 5288333.37715240009129 ] } },
{ "type": "Feature", "properties": { "bathrooms": 2.5, "sqft_living": 2550, "sqft_lot": 8824, "grade": 9, "condition": 3, "waterfront": 0, "view": 0, "age": 25, "UTM_X": 559461.79123656824, "UTM_Y": 5249683.8223506138, "price": 422.5 }, "geometry": { "type": "Point", "coordinates": [ 559461.791236568242311, 5249683.822350613772869 ] } },
{ "type": "Feature", "properties": { "bathrooms": 2.0, "sqft_living": 2330, "sqft_lot": 6346, "grade": 6, "condition": 3, "waterfront": 0, "view": 0, "age": 81, "UTM_X": 546682.27680268814, "UTM_Y": 5262416.3342551757, "price": 420.00000000000028 }, "geometry": { "type": "Point", "coordinates": [ 546682.276802688138559, 5262416.334255175665021 ] } },
{ "type": "Feature", "properties": { "bathrooms": 1.0, "sqft_living": 990, "sqft_lot": 6448, "grade": 7, "condition": 3, "waterfront": 0, "view": 0, "age": 67, "UTM_X": 556858.15103446192, "UTM_Y": 5261350.4728629692, "price": 219.95 }, "geometry": { "type": "Point", "coordinates": [ 556858.151034461916424, 5261350.472862969152629 ] } },
{ "type": "Feature", "properties": { "bathrooms": 1.75, "sqft_living": 1930, "sqft_lot": 14389, "grade": 7, "condition": 3, "waterfront": 0, "view": 0, "age": 52, "UTM_X": 551171.42208945588, "UTM_Y": 5291329.8136318326, "price": 385.00000000000028 }, "geometry": { "type": "Point", "coordinates": [ 551171.422089455882087, 5291329.81363183259964 ] } },
{ "type": "Feature", "properties": { "bathrooms": 2.5, "sqft_living": 2570, "sqft_lot": 8178, "grade": 8, "condition": 3, "waterfront": 0, "view": 2, "age": 54, "UTM_X": 555605.42470696301, "UTM_Y": 5266362.2282558894, "price": 751.99999999999977 }, "geometry": { "type": "Point", "coordinates": [ 555605.424706963007338, 5266362.228255889378488 ] } },
{ "type": "Feature", "properties": { "bathrooms": 3.5, "sqft_living": 3390, "sqft_lot": 3979, "grade": 9, "condition": 3, "waterfront": 0, "view": 0, "age": 1, "UTM_X": 544459.86026186997, "UTM_Y": 5277370.0663926378, "price": 1054.69 }, "geometry": { "type": "Point", "coordinates": [ 544459.860261869966052, 5277370.066392637789249 ] } },
{ "type": "Feature", "properties": { "bathrooms": 3.25, "sqft_living": 3140, "sqft_lot": 14923, "grade": 10, "condition": 3, "waterfront": 0, "view": 0, "age": 24, "UTM_X": 565245.5502025187, "UTM_Y": 5265661.6518755499, "price": 925.85 }, "geometry": { "type": "Point", "coordinates": [ 565245.550202518701553, 5265661.651875549927354 ] } },
{ "type": "Feature", "properties": { "bathrooms": 0.0, "sqft_living": 844, "sqft_lot": 4269, "grade": 7, "condition": 4, "waterfront": 0, "view": 0, "age": 102, "UTM_X": 556722.52126510185, "UTM_Y": 5236341.8552312544, "price": 139.95 }, "geometry": { "type": "Point", "coordinates": [ 556722.521265101851895, 5236341.85523125436157 ] } },
{ "type": "Feature", "properties": { "bathrooms": 1.0, "sqft_living": 1190, "sqft_lot": 7000, "grade": 7, "condition": 3, "waterfront": 0, "view": 0, "age": 72, "UTM_X": 544837.84646748449, "UTM_Y": 5277050.6444611261, "price": 517.5 }, "geometry": { "type": "Point", "coordinates": [ 544837.846467484487221, 5277050.644461126066744 ] } },
{ "type": "Feature", "properties": { "bathrooms": 3.5, "sqft_living": 2720, "sqft_lot": 9000, "grade": 8, "condition": 3, "waterfront": 0, "view": 0, "age": 18, "UTM_X": 552740.39360145852, "UTM_Y": 5283574.5508262105, "price": 709.05 }, "geometry": { "type": "Point", "coordinates": [ 552740.393601458519697, 5283574.550826210528612 ] } },
{ "type": "Feature", "properties": { "bathrooms": 2.5, "sqft_living": 3420, "sqft_lot": 9575, "grade": 11, "condition": 3, "waterfront": 0, "view": 0, "age": 21, "UTM_X": 568090.17088754964, "UTM_Y": 5266983.4541456597, "price": 965.00000000000011 }, "geometry": { "type": "Point", "coordinates": [ 568090.170887549640611, 5266983.454145659692585 ] } },
{ "type": "Feature", "properties": { "bathrooms": 2.0, "sqft_living": 1660, "sqft_lot": 4800, "grade": 7, "condition": 3, "waterfront": 0, "view": 0, "age": 93, "UTM_X": 549184.26377011137, "UTM_Y": 5278230.5423350651, "price": 575.00000000000011 }, "geometry": { "type": "Point", "coordinates": [ 549184.263770111370832, 5278230.542335065081716 ] } },
{ "type": "Feature", "properties": { "bathrooms": 2.5, "sqft_living": 1600, "sqft_lot": 3073, "grade": 8, "condition": 3, "waterfront": 0, "view": 0, "age": 6, "UTM_X": 552776.07301951828, "UTM_Y": 5271348.6632406693, "price": 502.0000000000004 }, "geometry": { "type": "Point", "coordinates": [ 552776.073019518284127, 5271348.663240669295192 ] } },
{ "type": "Feature", "properties": { "bathrooms": 1.0, "sqft_living": 2080, "sqft_lot": 14659, "grade": 7, "condition": 3, "waterfront": 0, "view": 0, "age": 55, "UTM_X": 557931.49376103492, "UTM_Y": 5259438.1738252686, "price": 315.00000000000028 }, "geometry": { "type": "Point", "coordinates": [ 557931.493761034915224, 5259438.173825268633664 ] } },
{ "type": "Feature", "properties": { "bathrooms": 3.25, "sqft_living": 4560, "sqft_lot": 19080, "grade": 9, "condition": 5, "waterfront": 0, "view": 0, "age": 52, "UTM_X": 558149.38655612804, "UTM_Y": 5275367.7508012168, "price": 1675.0000000000014 }, "geometry": { "type": "Point", "coordinates": [ 558149.386556128039956, 5275367.750801216810942 ] } },
{ "type": "Feature", "properties": { "bathrooms": 1.75, "sqft_living": 1430, "sqft_lot": 8505, "grade": 7, "condition": 4, "waterfront": 0, "view": 0, "age": 47, "UTM_X": 551466.01643059554, "UTM_Y": 5240650.3344031731, "price": 225.00000000000011 }, "geometry": { "type": "Point", "coordinates": [ 551466.016430595540442, 5240650.334403173066676 ] } },
{ "type": "Feature", "properties": { "bathrooms": 4.25, "sqft_living": 5540, "sqft_lot": 15408, "grade": 11, "condition": 3, "waterfront": 0, "view": 1, "age": 9, "UTM_X": 559226.01900485344, "UTM_Y": 5272933.3192396294, "price": 2574.9999999999982 }, "geometry": { "type": "Point", "coordinates": [ 559226.019004853442311, 5272933.319239629432559 ] } },
{ "type": "Feature", "properties": { "bathrooms": 2.5, "sqft_living": 2830, "sqft_lot": 5932, "grade": 9, "condition": 3, "waterfront": 0, "view": 0, "age": 1, "UTM_X": 544460.11486090266, "UTM_Y": 5277336.7248547589, "price": 1035.29 }, "geometry": { "type": "Point", "coordinates": [ 544460.114860902656801, 5277336.724854758940637 ] } },
{ "type": "Feature", "properties": { "bathrooms": 2.5, "sqft_living": 1980, "sqft_lot": 2975, "grade": 8, "condition": 3, "waterfront": 0, "view": 2, "age": 22, "UTM_X": 549283.99068790313, "UTM_Y": 5275319.3556914097, "price": 735.99999999999932 }, "geometry": { "type": "Point", "coordinates": [ 549283.990687903133221, 5275319.355691409669816 ] } },
{ "type": "Feature", "properties": { "bathrooms": 1.0, "sqft_living": 780, "sqft_lot": 6250, "grade": 6, "condition": 3, "waterfront": 0, "view": 0, "age": 73, "UTM_X": 550450.412462487, "UTM_Y": 5262047.5000073221, "price": 270.95 }, "geometry": { "type": "Point", "coordinates": [ 550450.412462487001903, 5262047.500007322058082 ] } },
{ "type": "Feature", "properties": { "bathrooms": 1.5, "sqft_living": 1200, "sqft_lot": 10890, "grade": 7, "condition": 5, "waterfront": 0, "view": 0, "age": 43, "UTM_X": 568891.03104838519, "UTM_Y": 5243607.0417892784, "price": 226.00000000000014 }, "geometry": { "type": "Point", "coordinates": [ 568891.031048385193571, 5243607.041789278388023 ] } },
{ "type": "Feature", "properties": { "bathrooms": 2.5, "sqft_living": 2750, "sqft_lot": 10159, "grade": 10, "condition": 3, "waterfront": 0, "view": 0, "age": 24, "UTM_X": 565093.18551466521, "UTM_Y": 5265826.677183656, "price": 812.5 }, "geometry": { "type": "Point", "coordinates": [ 565093.185514665208757, 5265826.677183656021953 ] } },
{ "type": "Feature", "properties": { "bathrooms": 1.75, "sqft_living": 2120, "sqft_lot": 7680, "grade": 6, "condition": 5, "waterfront": 0, "view": 0, "age": 67, "UTM_X": 547118.90383615508, "UTM_Y": 5264298.1547207888, "price": 530.00000000000011 }, "geometry": { "type": "Point", "coordinates": [ 547118.903836155077443, 5264298.154720788821578 ] } },
{ "type": "Feature", "properties": { "bathrooms": 1.75, "sqft_living": 1940, "sqft_lot": 13370, "grade": 8, "condition": 4, "waterfront": 0, "view": 0, "age": 41, "UTM_X": 547683.54097970121, "UTM_Y": 5241085.2837212896, "price": 251.9999999999998 }, "geometry": { "type": "Point", "coordinates": [ 547683.540979701210745, 5241085.283721289597452 ] } },
{ "type": "Feature", "properties": { "bathrooms": 1.0, "sqft_living": 790, "sqft_lot": 6969, "grade": 6, "condition": 3, "waterfront": 0, "view": 0, "age": 60, "UTM_X": 562724.96255194943, "UTM_Y": 5283051.2989579476, "price": 315.00000000000028 }, "geometry": { "type": "Point", "coordinates": [ 562724.962551949429326, 5283051.298957947641611 ] } },
{ "type": "Feature", "properties": { "bathrooms": 2.25, "sqft_living": 1460, "sqft_lot": 5818, "grade": 7, "condition": 3, "waterfront": 0, "view": 0, "age": 29, "UTM_X": 548524.12585662201, "UTM_Y": 5239958.5265460396, "price": 240.00000000000017 }, "geometry": { "type": "Point", "coordinates": [ 548524.125856622005813, 5239958.526546039618552 ] } },
{ "type": "Feature", "properties": { "bathrooms": 2.75, "sqft_living": 1670, "sqft_lot": 6000, "grade": 7, "condition": 5, "waterfront": 0, "view": 0, "age": 98, "UTM_X": 546274.04067340819, "UTM_Y": 5266425.3580016131, "price": 604.99999999999955 }, "geometry": { "type": "Point", "coordinates": [ 546274.040673408191651, 5266425.35800161305815 ] } },
{ "type": "Feature", "properties": { "bathrooms": 2.25, "sqft_living": 2060, "sqft_lot": 9953, "grade": 8, "condition": 5, "waterfront": 0, "view": 0, "age": 51, "UTM_X": 557681.06555918779, "UTM_Y": 5269538.9347630385, "price": 648.752 }, "geometry": { "type": "Point", "coordinates": [ 557681.065559187787585, 5269538.934763038530946 ] } },
{ "type": "Feature", "properties": { "bathrooms": 1.0, "sqft_living": 1770, "sqft_lot": 8640, "grade": 6, "condition": 3, "waterfront": 0, "view": 0, "age": 66, "UTM_X": 547798.83856921433, "UTM_Y": 5282331.4167157095, "price": 584.99999999999943 }, "geometry": { "type": "Point", "coordinates": [ 547798.838569214334711, 5282331.416715709492564 ] } },
{ "type": "Feature", "properties": { "bathrooms": 1.5, "sqft_living": 1520, "sqft_lot": 7200, "grade": 7, "condition": 4, "waterfront": 0, "view": 0, "age": 25, "UTM_X": 552682.85587614984, "UTM_Y": 5248240.940906655, "price": 279.95 }, "geometry": { "type": "Point", "coordinates": [ 552682.855876149842516, 5248240.940906655043364 ] } },
{ "type": "Feature", "properties": { "bathrooms": 1.75, "sqft_living": 2130, "sqft_lot": 11097, "grade": 7, "condition": 3, "waterfront": 0, "view": 0, "age": 63, "UTM_X": 548535.92055816913, "UTM_Y": 5256807.5883565592, "price": 292.00000000000006 }, "geometry": { "type": "Point", "coordinates": [ 548535.920558169134893, 5256807.588356559164822 ] } },
{ "type": "Feature", "properties": { "bathrooms": 2.5, "sqft_living": 2303, "sqft_lot": 3826, "grade": 8, "condition": 3, "waterfront": 0, "view": 0, "age": 9, "UTM_X": 563094.25933658832, "UTM_Y": 5241708.1475103805, "price": 300.00000000000011 }, "geometry": { "type": "Point", "coordinates": [ 563094.259336588322185, 5241708.147510380484164 ] } },
{ "type": "Feature", "properties": { "bathrooms": 2.75, "sqft_living": 2220, "sqft_lot": 5000, "grade": 7, "condition": 3, "waterfront": 0, "view": 0, "age": 22, "UTM_X": 550861.96738784353, "UTM_Y": 5266674.6727508651, "price": 400.00000000000011 }, "geometry": { "type": "Point", "coordinates": [ 550861.967387843527831, 5266674.672750865109265 ] } },
{ "type": "Feature", "properties": { "bathrooms": 1.75, "sqft_living": 1640, "sqft_lot": 4080, "grade": 7, "condition": 3, "waterfront": 0, "view": 0, "age": 94, "UTM_X": 550602.37590341968, "UTM_Y": 5279231.9055574462, "price": 526.99999999999966 }, "geometry": { "type": "Point", "coordinates": [ 550602.375903419684619, 5279231.905557446181774 ] } },
{ "type": "Feature", "properties": { "bathrooms": 2.0, "sqft_living": 1520, "sqft_lot": 7131, "grade": 8, "condition": 3, "waterfront": 0, "view": 0, "age": 22, "UTM_X": 548302.11570586241, "UTM_Y": 5239378.7777020298, "price": 240.99999999999997 }, "geometry": { "type": "Point", "coordinates": [ 548302.115705862408504, 5239378.777702029794455 ] } },
{ "type": "Feature", "properties": { "bathrooms": 3.5, "sqft_living": 3930, "sqft_lot": 5680, "grade": 9, "condition": 3, "waterfront": 0, "view": 1, "age": 2, "UTM_X": 569519.54527130455, "UTM_Y": 5267011.405360179, "price": 828.95 }, "geometry": { "type": "Point", "coordinates": [ 569519.545271304552443, 5267011.405360179021955 ] } },
{ "type": "Feature", "properties": { "bathrooms": 2.0, "sqft_living": 1650, "sqft_lot": 5974, "grade": 7, "condition": 5, "waterfront": 0, "view": 0, "age": 43, "UTM_X": 555956.89378828823, "UTM_Y": 5261086.1506863805, "price": 251.00000000000014 }, "geometry": { "type": "Point", "coordinates": [ 555956.893788288231008, 5261086.150686380453408 ] } },
{ "type": "Feature", "properties": { "bathrooms": 2.25, "sqft_living": 2100, "sqft_lot": 8201, "grade": 8, "condition": 3, "waterfront": 0, "view": 2, "age": 48, "UTM_X": 556926.97160955367, "UTM_Y": 5262018.0174881369, "price": 445.0000000000004 }, "geometry": { "type": "Point", "coordinates": [ 556926.971609553671442, 5262018.01748813688755 ] } },
{ "type": "Feature", "properties": { "bathrooms": 2.5, "sqft_living": 1830, "sqft_lot": 8372, "grade": 8, "condition": 3, "waterfront": 0, "view": 0, "age": 28, "UTM_X": 545349.403207483, "UTM_Y": 5239966.5747477245, "price": 236.775 }, "geometry": { "type": "Point", "coordinates": [ 545349.403207483002916, 5239966.574747724458575 ] } },
{ "type": "Feature", "properties": { "bathrooms": 1.0, "sqft_living": 1000, "sqft_lot": 6500, "grade": 7, "condition": 4, "waterfront": 0, "view": 0, "age": 97, "UTM_X": 546050.24144567666, "UTM_Y": 5266179.0742175365, "price": 430.99999999999994 }, "geometry": { "type": "Point", "coordinates": [ 546050.24144567665644, 5266179.074217536486685 ] } },
{ "type": "Feature", "properties": { "bathrooms": 2.25, "sqft_living": 1830, "sqft_lot": 6136, "grade": 7, "condition": 3, "waterfront": 0, "view": 0, "age": 25, "UTM_X": 561837.13603247481, "UTM_Y": 5246273.9638852784, "price": 249.0 }, "geometry": { "type": "Point", "coordinates": [ 561837.136032474809326, 5246273.963885278441012 ] } },
{ "type": "Feature", "properties": { "bathrooms": 3.25, "sqft_living": 3410, "sqft_lot": 9088, "grade": 9, "condition": 3, "waterfront": 0, "view": 3, "age": 103, "UTM_X": 548007.64313272922, "UTM_Y": 5275208.6676727757, "price": 2400.0000000000018 }, "geometry": { "type": "Point", "coordinates": [ 548007.643132729222998, 5275208.667672775685787 ] } },
{ "type": "Feature", "properties": { "bathrooms": 1.75, "sqft_living": 1740, "sqft_lot": 8800, "grade": 7, "condition": 3, "waterfront": 0, "view": 0, "age": 37, "UTM_X": 547478.95227370493, "UTM_Y": 5238338.495309907, "price": 255.00000000000017 }, "geometry": { "type": "Point", "coordinates": [ 547478.952273704926483, 5238338.495309907011688 ] } },
{ "type": "Feature", "properties": { "bathrooms": 1.0, "sqft_living": 1620, "sqft_lot": 5400, "grade": 6, "condition": 3, "waterfront": 0, "view": 0, "age": 89, "UTM_X": 552586.83000935544, "UTM_Y": 5283962.1786572961, "price": 290.00000000000028 }, "geometry": { "type": "Point", "coordinates": [ 552586.830009355442598, 5283962.17865729611367 ] } },
{ "type": "Feature", "properties": { "bathrooms": 3.0, "sqft_living": 2050, "sqft_lot": 4000, "grade": 8, "condition": 3, "waterfront": 0, "view": 0, "age": 1, "UTM_X": 554754.86662042479, "UTM_Y": 5244592.1816052906, "price": 370.228 }, "geometry": { "type": "Point", "coordinates": [ 554754.866620424785651, 5244592.181605290621519 ] } },
{ "type": "Feature", "properties": { "bathrooms": 2.5, "sqft_living": 2110, "sqft_lot": 8990, "grade": 8, "condition": 3, "waterfront": 0, "view": 0, "age": 38, "UTM_X": 565816.17274042033, "UTM_Y": 5255064.4425033862, "price": 260.00000000000017 }, "geometry": { "type": "Point", "coordinates": [ 565816.172740420326591, 5255064.442503386177123 ] } },
{ "type": "Feature", "properties": { "bathrooms": 3.0, "sqft_living": 5350, "sqft_lot": 14400, "grade": 10, "condition": 4, "waterfront": 0, "view": 0, "age": 105, "UTM_X": 553716.42233641702, "UTM_Y": 5275369.6513666464, "price": 2885.0000000000018 }, "geometry": { "type": "Point", "coordinates": [ 553716.422336417017505, 5275369.651366646401584 ] } },
{ "type": "Feature", "properties": { "bathrooms": 1.0, "sqft_living": 1270, "sqft_lot": 6000, "grade": 7, "condition": 3, "waterfront": 0, "view": 0, "age": 76, "UTM_X": 545586.37320553465, "UTM_Y": 5277378.7775572976, "price": 425.00000000000006 }, "geometry": { "type": "Point", "coordinates": [ 545586.37320553464815, 5277378.777557297609746 ] } },
{ "type": "Feature", "properties": { "bathrooms": 2.75, "sqft_living": 2010, "sqft_lot": 7000, "grade": 8, "condition": 5, "waterfront": 0, "view": 0, "age": 114, "UTM_X": 545350.24618563033, "UTM_Y": 5278766.2498950725, "price": 774.00000000000011 }, "geometry": { "type": "Point", "coordinates": [ 545350.246185630327091, 5278766.249895072542131 ] } },
{ "type": "Feature", "properties": { "bathrooms": 2.5, "sqft_living": 2220, "sqft_lot": 6380, "grade": 8, "condition": 4, "waterfront": 0, "view": 0, "age": 84, "UTM_X": 551545.9627968939, "UTM_Y": 5282896.9448541496, "price": 650.00000000000011 }, "geometry": { "type": "Point", "coordinates": [ 551545.962796893902123, 5282896.944854149594903 ] } },
{ "type": "Feature", "properties": { "bathrooms": 2.5, "sqft_living": 2210, "sqft_lot": 6080, "grade": 8, "condition": 4, "waterfront": 0, "view": 2, "age": 50, "UTM_X": 558151.2010742157, "UTM_Y": 5260073.8838690287, "price": 334.00000000000006 }, "geometry": { "type": "Point", "coordinates": [ 558151.201074215699919, 5260073.883869028650224 ] } },
{ "type": "Feature", "properties": { "bathrooms": 2.25, "sqft_living": 1250, "sqft_lot": 7500, "grade": 7, "condition": 5, "waterfront": 0, "view": 0, "age": 73, "UTM_X": 547210.40922382521, "UTM_Y": 5262287.2010316793, "price": 390.00000000000028 }, "geometry": { "type": "Point", "coordinates": [ 547210.409223825205117, 5262287.201031679287553 ] } },
{ "type": "Feature", "properties": { "bathrooms": 1.75, "sqft_living": 2300, "sqft_lot": 6200, "grade": 7, "condition": 4, "waterfront": 0, "view": 0, "age": 45, "UTM_X": 551066.81766421744, "UTM_Y": 5251794.3311368665, "price": 325.00000000000006 }, "geometry": { "type": "Point", "coordinates": [ 551066.817664217436686, 5251794.331136866472661 ] } },
{ "type": "Feature", "properties": { "bathrooms": 2.0, "sqft_living": 2240, "sqft_lot": 5200, "grade": 7, "condition": 3, "waterfront": 0, "view": 0, "age": 61, "UTM_X": 552900.51165109477, "UTM_Y": 5274206.2575719878, "price": 375.0 }, "geometry": { "type": "Point", "coordinates": [ 552900.511651094770059, 5274206.257571987807751 ] } },
{ "type": "Feature", "properties": { "bathrooms": 2.0, "sqft_living": 2470, "sqft_lot": 8800, "grade": 9, "condition": 3, "waterfront": 0, "view": 0, "age": 54, "UTM_X": 558509.8589712109, "UTM_Y": 5269391.5770664066, "price": 850.00000000000023 }, "geometry": { "type": "Point", "coordinates": [ 558509.858971210895106, 5269391.577066406607628 ] } },
{ "type": "Feature", "properties": { "bathrooms": 1.75, "sqft_living": 2060, "sqft_lot": 3300, "grade": 9, "condition": 4, "waterfront": 0, "view": 0, "age": 97, "UTM_X": 551067.17226564279, "UTM_Y": 5277602.1049158862, "price": 809.99999999999955 }, "geometry": { "type": "Point", "coordinates": [ 551067.172265642788261, 5277602.104915886186063 ] } },
{ "type": "Feature", "properties": { "bathrooms": 3.5, "sqft_living": 3760, "sqft_lot": 4857, "grade": 9, "condition": 3, "waterfront": 0, "view": 3, "age": 11, "UTM_X": 562449.66161217692, "UTM_Y": 5287716.7238003062, "price": 730.0 }, "geometry": { "type": "Point", "coordinates": [ 562449.661612176918425, 5287716.723800306208432 ] } },
{ "type": "Feature", "properties": { "bathrooms": 1.0, "sqft_living": 1410, "sqft_lot": 3600, "grade": 7, "condition": 4, "waterfront": 0, "view": 0, "age": 90, "UTM_X": 549696.70055412641, "UTM_Y": 5279779.8341286983, "price": 760.0 }, "geometry": { "type": "Point", "coordinates": [ 549696.700554126407951, 5279779.834128698334098 ] } },
{ "type": "Feature", "properties": { "bathrooms": 3.5, "sqft_living": 3660, "sqft_lot": 14401, "grade": 10, "condition": 3, "waterfront": 0, "view": 0, "age": 21, "UTM_X": 545655.17623422341, "UTM_Y": 5239524.3820720278, "price": 474.99999999999977 }, "geometry": { "type": "Point", "coordinates": [ 545655.176234223414212, 5239524.382072027772665 ] } },
{ "type": "Feature", "properties": { "bathrooms": 1.0, "sqft_living": 1680, "sqft_lot": 4087, "grade": 7, "condition": 3, "waterfront": 0, "view": 0, "age": 104, "UTM_X": 549774.43291862705, "UTM_Y": 5279469.2874820111, "price": 708.99999999999932 }, "geometry": { "type": "Point", "coordinates": [ 549774.432918627047911, 5279469.287482011131942 ] } },
{ "type": "Feature", "properties": { "bathrooms": 2.25, "sqft_living": 2580, "sqft_lot": 7344, "grade": 8, "condition": 3, "waterfront": 0, "view": 0, "age": 38, "UTM_X": 568450.7243651126, "UTM_Y": 5268321.4835138284, "price": 587.99999999999943 }, "geometry": { "type": "Point", "coordinates": [ 568450.724365112604573, 5268321.483513828366995 ] } },
{ "type": "Feature", "properties": { "bathrooms": 2.0, "sqft_living": 1110, "sqft_lot": 8724, "grade": 7, "condition": 4, "waterfront": 0, "view": 0, "age": 25, "UTM_X": 560019.10384641436, "UTM_Y": 5239430.9058525525, "price": 234.99999999999977 }, "geometry": { "type": "Point", "coordinates": [ 560019.103846414363943, 5239430.905852552503347 ] } },
{ "type": "Feature", "properties": { "bathrooms": 2.5, "sqft_living": 2810, "sqft_lot": 11560, "grade": 7, "condition": 5, "waterfront": 0, "view": 0, "age": 53, "UTM_X": 566169.04730885313, "UTM_Y": 5270507.0802996783, "price": 674.0 }, "geometry": { "type": "Point", "coordinates": [ 566169.047308853128925, 5270507.080299678258598 ] } },
{ "type": "Feature", "properties": { "bathrooms": 1.75, "sqft_living": 1670, "sqft_lot": 9900, "grade": 8, "condition": 4, "waterfront": 0, "view": 0, "age": 58, "UTM_X": 562246.7496649191, "UTM_Y": 5271619.874688236, "price": 619.99999999999943 }, "geometry": { "type": "Point", "coordinates": [ 562246.749664919101633, 5271619.874688236042857 ] } },
{ "type": "Feature", "properties": { "bathrooms": 1.0, "sqft_living": 1660, "sqft_lot": 11783, "grade": 7, "condition": 4, "waterfront": 0, "view": 0, "age": 37, "UTM_X": 569324.89377058193, "UTM_Y": 5289628.8444569344, "price": 367.5 }, "geometry": { "type": "Point", "coordinates": [ 569324.893770581926219, 5289628.8444569343701 ] } },
{ "type": "Feature", "properties": { "bathrooms": 2.5, "sqft_living": 3200, "sqft_lot": 3600, "grade": 9, "condition": 4, "waterfront": 0, "view": 3, "age": 18, "UTM_X": 547403.44557553262, "UTM_Y": 5275592.7294306736, "price": 1445.0000000000009 }, "geometry": { "type": "Point", "coordinates": [ 547403.445575532619841, 5275592.729430673643947 ] } },
{ "type": "Feature", "properties": { "bathrooms": 3.0, "sqft_living": 2240, "sqft_lot": 10479, "grade": 7, "condition": 4, "waterfront": 0, "view": 0, "age": 65, "UTM_X": 548453.01888955641, "UTM_Y": 5266809.7983146338, "price": 399.00000000000011 }, "geometry": { "type": "Point", "coordinates": [ 548453.018889556406066, 5266809.798314633779228 ] } },
{ "type": "Feature", "properties": { "bathrooms": 3.0, "sqft_living": 3110, "sqft_lot": 4464, "grade": 8, "condition": 3, "waterfront": 0, "view": 0, "age": 8, "UTM_X": 562336.3388764644, "UTM_Y": 5291283.5111502409, "price": 587.99999999999943 }, "geometry": { "type": "Point", "coordinates": [ 562336.338876464404166, 5291283.511150240898132 ] } },
{ "type": "Feature", "properties": { "bathrooms": 3.5, "sqft_living": 4170, "sqft_lot": 9090, "grade": 10, "condition": 3, "waterfront": 0, "view": 0, "age": 7, "UTM_X": 560446.19186251028, "UTM_Y": 5271245.2614198923, "price": 1450.0000000000011 }, "geometry": { "type": "Point", "coordinates": [ 560446.191862510284409, 5271245.261419892311096 ] } },
{ "type": "Feature", "properties": { "bathrooms": 3.0, "sqft_living": 2160, "sqft_lot": 4400, "grade": 7, "condition": 5, "waterfront": 0, "view": 0, "age": 94, "UTM_X": 553128.7754542717, "UTM_Y": 5273897.1226563351, "price": 664.99999999999989 }, "geometry": { "type": "Point", "coordinates": [ 553128.775454271701165, 5273897.122656335122883 ] } },
{ "type": "Feature", "properties": { "bathrooms": 2.25, "sqft_living": 2180, "sqft_lot": 6000, "grade": 8, "condition": 4, "waterfront": 0, "view": 0, "age": 49, "UTM_X": 564391.88205488108, "UTM_Y": 5274810.9556934172, "price": 635.00000000000045 }, "geometry": { "type": "Point", "coordinates": [ 564391.882054881076328, 5274810.955693417228758 ] } },
{ "type": "Feature", "properties": { "bathrooms": 1.75, "sqft_living": 1390, "sqft_lot": 9328, "grade": 7, "condition": 4, "waterfront": 0, "view": 0, "age": 28, "UTM_X": 564589.82696556184, "UTM_Y": 5236256.047959988, "price": 218.5 }, "geometry": { "type": "Point", "coordinates": [ 564589.826965561835095, 5236256.047959988005459 ] } },
{ "type": "Feature", "properties": { "bathrooms": 2.5, "sqft_living": 2223, "sqft_lot": 5780, "grade": 8, "condition": 3, "waterfront": 0, "view": 0, "age": 5, "UTM_X": 563659.30772206397, "UTM_Y": 5245359.7880980615, "price": 320.00000000000023 }, "geometry": { "type": "Point", "coordinates": [ 563659.307722063967958, 5245359.788098061457276 ] } },
{ "type": "Feature", "properties": { "bathrooms": 2.0, "sqft_living": 1940, "sqft_lot": 7642, "grade": 7, "condition": 3, "waterfront": 0, "view": 0, "age": 58, "UTM_X": 546449.77948350797, "UTM_Y": 5291490.1226975862, "price": 465.25 }, "geometry": { "type": "Point", "coordinates": [ 546449.779483507969417, 5291490.122697586193681 ] } },
{ "type": "Feature", "properties": { "bathrooms": 2.0, "sqft_living": 1090, "sqft_lot": 6090, "grade": 7, "condition": 3, "waterfront": 0, "view": 0, "age": 75, "UTM_X": 555794.61187828518, "UTM_Y": 5262307.2022725046, "price": 157.99999999999986 }, "geometry": { "type": "Point", "coordinates": [ 555794.611878285184503, 5262307.2022725045681 ] } },
{ "type": "Feature", "properties": { "bathrooms": 2.5, "sqft_living": 3060, "sqft_lot": 9576, "grade": 10, "condition": 3, "waterfront": 0, "view": 0, "age": 10, "UTM_X": 560219.50040548004, "UTM_Y": 5271354.0657144375, "price": 1266.52 }, "geometry": { "type": "Point", "coordinates": [ 560219.500405480037443, 5271354.065714437514544 ] } },
{ "type": "Feature", "properties": { "bathrooms": 1.0, "sqft_living": 1180, "sqft_lot": 7455, "grade": 7, "condition": 4, "waterfront": 0, "view": 0, "age": 51, "UTM_X": 556915.2375617465, "UTM_Y": 5286303.7732275799, "price": 350.0 }, "geometry": { "type": "Point", "coordinates": [ 556915.237561746500432, 5286303.773227579891682 ] } },
{ "type": "Feature", "properties": { "bathrooms": 2.5, "sqft_living": 1920, "sqft_lot": 9000, "grade": 7, "condition": 2, "waterfront": 0, "view": 0, "age": 26, "UTM_X": 547433.59199725022, "UTM_Y": 5262622.4357343726, "price": 425.00000000000006 }, "geometry": { "type": "Point", "coordinates": [ 547433.591997250216082, 5262622.435734372586012 ] } },
{ "type": "Feature", "properties": { "bathrooms": 2.5, "sqft_living": 2200, "sqft_lot": 4000, "grade": 8, "condition": 5, "waterfront": 0, "view": 0, "age": 107, "UTM_X": 547320.91718780599, "UTM_Y": 5276503.4515205286, "price": 929.99999999999932 }, "geometry": { "type": "Point", "coordinates": [ 547320.917187805986032, 5276503.451520528644323 ] } },
{ "type": "Feature", "properties": { "bathrooms": 1.0, "sqft_living": 840, "sqft_lot": 7870, "grade": 6, "condition": 3, "waterfront": 0, "view": 0, "age": 66, "UTM_X": 550530.42687315191, "UTM_Y": 5287500.6716786874, "price": 251.00000000000014 }, "geometry": { "type": "Point", "coordinates": [ 550530.426873151911423, 5287500.671678687445819 ] } },
{ "type": "Feature", "properties": { "bathrooms": 1.0, "sqft_living": 1580, "sqft_lot": 7424, "grade": 7, "condition": 3, "waterfront": 0, "view": 0, "age": 53, "UTM_X": 562481.22646474233, "UTM_Y": 5256695.1597184222, "price": 305.00000000000006 }, "geometry": { "type": "Point", "coordinates": [ 562481.226464742328972, 5256695.159718422219157 ] } },
{ "type": "Feature", "properties": { "bathrooms": 1.5, "sqft_living": 1710, "sqft_lot": 5120, "grade": 7, "condition": 4, "waterfront": 0, "view": 0, "age": 95, "UTM_X": 552163.45199770015, "UTM_Y": 5280979.5937938448, "price": 747.00000000000023 }, "geometry": { "type": "Point", "coordinates": [ 552163.451997700147331, 5280979.593793844804168 ] } },
{ "type": "Feature", "properties": { "bathrooms": 1.75, "sqft_living": 1430, "sqft_lot": 5490, "grade": 6, "condition": 5, "waterfront": 0, "view": 0, "age": 73, "UTM_X": 561462.58237279439, "UTM_Y": 5260385.5815772442, "price": 265.00000000000006 }, "geometry": { "type": "Point", "coordinates": [ 561462.58237279439345, 5260385.581577244214714 ] } },
{ "type": "Feature", "properties": { "bathrooms": 2.5, "sqft_living": 2960, "sqft_lot": 9350, "grade": 9, "condition": 4, "waterfront": 0, "view": 2, "age": 37, "UTM_X": 568075.74516373232, "UTM_Y": 5274663.8693457181, "price": 740.00000000000011 }, "geometry": { "type": "Point", "coordinates": [ 568075.745163732324727, 5274663.869345718063414 ] } },
{ "type": "Feature", "properties": { "bathrooms": 1.0, "sqft_living": 750, "sqft_lot": 6350, "grade": 5, "condition": 3, "waterfront": 0, "view": 0, "age": 95, "UTM_X": 548322.98983613146, "UTM_Y": 5282469.1264220336, "price": 249.99999999999994 }, "geometry": { "type": "Point", "coordinates": [ 548322.989836131455377, 5282469.126422033645213 ] } },
{ "type": "Feature", "properties": { "bathrooms": 2.75, "sqft_living": 2520, "sqft_lot": 4643, "grade": 8, "condition": 4, "waterfront": 0, "view": 0, "age": 99, "UTM_X": 552509.07237908849, "UTM_Y": 5275947.7235760186, "price": 1100.0000000000007 }, "geometry": { "type": "Point", "coordinates": [ 552509.072379088494927, 5275947.723576018586755 ] } },
{ "type": "Feature", "properties": { "bathrooms": 1.75, "sqft_living": 1660, "sqft_lot": 8160, "grade": 8, "condition": 3, "waterfront": 0, "view": 0, "age": 41, "UTM_X": 565662.15608151199, "UTM_Y": 5255351.7003753241, "price": 374.95 }, "geometry": { "type": "Point", "coordinates": [ 565662.156081511988305, 5255351.700375324115157 ] } },
{ "type": "Feature", "properties": { "bathrooms": 2.0, "sqft_living": 2090, "sqft_lot": 4000, "grade": 7, "condition": 3, "waterfront": 0, "view": 0, "age": 64, "UTM_X": 546613.83235713502, "UTM_Y": 5280376.7347834054, "price": 513.00000000000045 }, "geometry": { "type": "Point", "coordinates": [ 546613.832357135019265, 5280376.734783405438066 ] } },
{ "type": "Feature", "properties": { "bathrooms": 1.0, "sqft_living": 720, "sqft_lot": 5040, "grade": 6, "condition": 3, "waterfront": 0, "view": 0, "age": 60, "UTM_X": 548176.0656132974, "UTM_Y": 5263895.5391803654, "price": 204.99999999999994 }, "geometry": { "type": "Point", "coordinates": [ 548176.065613297396339, 5263895.539180365391076 ] } },
{ "type": "Feature", "properties": { "bathrooms": 4.0, "sqft_living": 4180, "sqft_lot": 7232, "grade": 9, "condition": 3, "waterfront": 0, "view": 0, "age": 1, "UTM_X": 565642.19254622469, "UTM_Y": 5283872.7012611078, "price": 1040.89 }, "geometry": { "type": "Point", "coordinates": [ 565642.192546224687248, 5283872.701261107809842 ] } },
{ "type": "Feature", "properties": { "bathrooms": 2.25, "sqft_living": 1970, "sqft_lot": 2377, "grade": 8, "condition": 3, "waterfront": 0, "view": 0, "age": 7, "UTM_X": 552881.75433124334, "UTM_Y": 5267981.8958267989, "price": 414.99999999999977 }, "geometry": { "type": "Point", "coordinates": [ 552881.754331243340857, 5267981.895826798863709 ] } },
{ "type": "Feature", "properties": { "bathrooms": 2.25, "sqft_living": 1140, "sqft_lot": 1557, "grade": 8, "condition": 3, "waterfront": 0, "view": 0, "age": 8, "UTM_X": 549372.63579953369, "UTM_Y": 5282577.9793421999, "price": 375.0 }, "geometry": { "type": "Point", "coordinates": [ 549372.635799533687532, 5282577.979342199862003 ] } },
{ "type": "Feature", "properties": { "bathrooms": 1.0, "sqft_living": 820, "sqft_lot": 6366, "grade": 6, "condition": 5, "waterfront": 0, "view": 0, "age": 63, "UTM_X": 549469.18204215949, "UTM_Y": 5288858.652764569, "price": 294.00000000000028 }, "geometry": { "type": "Point", "coordinates": [ 549469.182042159489356, 5288858.652764569036663 ] } },
{ "type": "Feature", "properties": { "bathrooms": 2.5, "sqft_living": 3190, "sqft_lot": 7828, "grade": 9, "condition": 3, "waterfront": 0, "view": 0, "age": 9, "UTM_X": 564462.33611662686, "UTM_Y": 5261607.1367067909, "price": 495.5 }, "geometry": { "type": "Point", "coordinates": [ 564462.336116626858711, 5261607.136706790886819 ] } },
{ "type": "Feature", "properties": { "bathrooms": 1.75, "sqft_living": 1960, "sqft_lot": 6138, "grade": 7, "condition": 4, "waterfront": 0, "view": 0, "age": 55, "UTM_X": 552596.98861252866, "UTM_Y": 5282839.6719887014, "price": 563.99999999999989 }, "geometry": { "type": "Point", "coordinates": [ 552596.988612528657541, 5282839.671988701447845 ] } },
{ "type": "Feature", "properties": { "bathrooms": 1.0, "sqft_living": 720, "sqft_lot": 6345, "grade": 6, "condition": 3, "waterfront": 0, "view": 0, "age": 72, "UTM_X": 548934.9514978081, "UTM_Y": 5263168.2924884958, "price": 240.00000000000017 }, "geometry": { "type": "Point", "coordinates": [ 548934.951497808098793, 5263168.292488495819271 ] } },
{ "type": "Feature", "properties": { "bathrooms": 2.75, "sqft_living": 2390, "sqft_lot": 7939, "grade": 7, "condition": 5, "waterfront": 0, "view": 0, "age": 32, "UTM_X": 562812.76083816285, "UTM_Y": 5260922.3089147704, "price": 405.3 }, "geometry": { "type": "Point", "coordinates": [ 562812.760838162852451, 5260922.308914770372212 ] } },
{ "type": "Feature", "properties": { "bathrooms": 1.75, "sqft_living": 1000, "sqft_lot": 7200, "grade": 6, "condition": 4, "waterfront": 0, "view": 0, "age": 68, "UTM_X": 550677.35949609475, "UTM_Y": 5287846.513284564, "price": 305.00000000000006 }, "geometry": { "type": "Point", "coordinates": [ 550677.359496094752103, 5287846.51328456401825 ] } },
{ "type": "Feature", "properties": { "bathrooms": 2.5, "sqft_living": 1540, "sqft_lot": 7773, "grade": 8, "condition": 4, "waterfront": 0, "view": 0, "age": 33, "UTM_X": 560446.09051438887, "UTM_Y": 5285717.0107896961, "price": 439.95 }, "geometry": { "type": "Point", "coordinates": [ 560446.090514388866723, 5285717.010789696127176 ] } },
{ "type": "Feature", "properties": { "bathrooms": 1.0, "sqft_living": 1120, "sqft_lot": 4284, "grade": 6, "condition": 3, "waterfront": 0, "view": 0, "age": 94, "UTM_X": 550748.36234710366, "UTM_Y": 5279711.1094712075, "price": 468.99999999999966 }, "geometry": { "type": "Point", "coordinates": [ 550748.362347103655338, 5279711.109471207484603 ] } },
{ "type": "Feature", "properties": { "bathrooms": 2.75, "sqft_living": 2250, "sqft_lot": 7345, "grade": 8, "condition": 4, "waterfront": 0, "view": 0, "age": 31, "UTM_X": 547636.71383070794, "UTM_Y": 5237528.4548431905, "price": 260.00000000000017 }, "geometry": { "type": "Point", "coordinates": [ 547636.713830707943998, 5237528.45484319049865 ] } },
{ "type": "Feature", "properties": { "bathrooms": 3.5, "sqft_living": 3180, "sqft_lot": 12528, "grade": 9, "condition": 4, "waterfront": 0, "view": 1, "age": 36, "UTM_X": 546586.48338263482, "UTM_Y": 5283788.7088704156, "price": 1000.0 }, "geometry": { "type": "Point", "coordinates": [ 546586.483382634818554, 5283788.708870415575802 ] } },
{ "type": "Feature", "properties": { "bathrooms": 2.5, "sqft_living": 2070, "sqft_lot": 11286, "grade": 8, "condition": 3, "waterfront": 0, "view": 0, "age": 19, "UTM_X": 562250.42300095782, "UTM_Y": 5264217.3953601299, "price": 635.00000000000045 }, "geometry": { "type": "Point", "coordinates": [ 562250.423000957816839, 5264217.395360129885375 ] } },
{ "type": "Feature", "properties": { "bathrooms": 1.0, "sqft_living": 900, "sqft_lot": 8100, "grade": 6, "condition": 4, "waterfront": 0, "view": 0, "age": 56, "UTM_X": 558906.34526455239, "UTM_Y": 5237307.9701542174, "price": 179.5 }, "geometry": { "type": "Point", "coordinates": [ 558906.345264552393928, 5237307.97015421744436 ] } },
{ "type": "Feature", "properties": { "bathrooms": 2.5, "sqft_living": 1300, "sqft_lot": 877, "grade": 7, "condition": 3, "waterfront": 0, "view": 0, "age": 7, "UTM_X": 545651.97274353914, "UTM_Y": 5278590.7761139777, "price": 417.00000000000006 }, "geometry": { "type": "Point", "coordinates": [ 545651.972743539139628, 5278590.776113977655768 ] } },
{ "type": "Feature", "properties": { "bathrooms": 3.5, "sqft_living": 2100, "sqft_lot": 2479, "grade": 9, "condition": 3, "waterfront": 0, "view": 0, "age": 4, "UTM_X": 553258.98247778032, "UTM_Y": 5267863.0636714762, "price": 555.00000000000011 }, "geometry": { "type": "Point", "coordinates": [ 553258.982477780315094, 5267863.063671476207674 ] } },
{ "type": "Feature", "properties": { "bathrooms": 2.0, "sqft_living": 1780, "sqft_lot": 8621, "grade": 8, "condition": 3, "waterfront": 0, "view": 0, "age": 23, "UTM_X": 564083.98037863441, "UTM_Y": 5261769.7035006257, "price": 406.5 }, "geometry": { "type": "Point", "coordinates": [ 564083.980378634412773, 5261769.703500625677407 ] } },
{ "type": "Feature", "properties": { "bathrooms": 2.0, "sqft_living": 2030, "sqft_lot": 8120, "grade": 7, "condition": 3, "waterfront": 0, "view": 0, "age": 65, "UTM_X": 555657.12645291118, "UTM_Y": 5260927.688605234, "price": 198.99999999999989 }, "geometry": { "type": "Point", "coordinates": [ 555657.126452911179513, 5260927.688605234026909 ] } },
{ "type": "Feature", "properties": { "bathrooms": 1.75, "sqft_living": 2090, "sqft_lot": 7416, "grade": 7, "condition": 4, "waterfront": 0, "view": 0, "age": 45, "UTM_X": 561936.92249253951, "UTM_Y": 5251132.0668039806, "price": 289.95 }, "geometry": { "type": "Point", "coordinates": [ 561936.922492539510131, 5251132.066803980618715 ] } },
{ "type": "Feature", "properties": { "bathrooms": 1.75, "sqft_living": 1530, "sqft_lot": 8028, "grade": 7, "condition": 3, "waterfront": 0, "view": 0, "age": 48, "UTM_X": 547871.6744459382, "UTM_Y": 5291690.6436646702, "price": 442.99999999999994 }, "geometry": { "type": "Point", "coordinates": [ 547871.674445938202552, 5291690.643664670176804 ] } },
{ "type": "Feature", "properties": { "bathrooms": 3.5, "sqft_living": 5430, "sqft_lot": 10327, "grade": 10, "condition": 3, "waterfront": 0, "view": 2, "age": 8, "UTM_X": 566516.64218486799, "UTM_Y": 5266398.4579262938, "price": 1239.9999999999989 }, "geometry": { "type": "Point", "coordinates": [ 566516.642184867989272, 5266398.457926293835044 ] } },
{ "type": "Feature", "properties": { "bathrooms": 1.0, "sqft_living": 920, "sqft_lot": 7688, "grade": 6, "condition": 3, "waterfront": 0, "view": 0, "age": 60, "UTM_X": 548024.23798013513, "UTM_Y": 5264049.8911642721, "price": 275.00000000000011 }, "geometry": { "type": "Point", "coordinates": [ 548024.237980135134421, 5264049.891164272092283 ] } },
{ "type": "Feature", "properties": { "bathrooms": 2.5, "sqft_living": 1700, "sqft_lot": 6031, "grade": 8, "condition": 3, "waterfront": 0, "view": 0, "age": 21, "UTM_X": 561092.26699353545, "UTM_Y": 5245288.1052884161, "price": 225.00000000000011 }, "geometry": { "type": "Point", "coordinates": [ 561092.266993535449728, 5245288.105288416147232 ] } },
{ "type": "Feature", "properties": { "bathrooms": 2.25, "sqft_living": 1780, "sqft_lot": 1429, "grade": 8, "condition": 3, "waterfront": 0, "view": 0, "age": 8, "UTM_X": 549122.58064167306, "UTM_Y": 5276640.6299417373, "price": 619.99999999999943 }, "geometry": { "type": "Point", "coordinates": [ 549122.580641673062928, 5276640.629941737279296 ] } },
{ "type": "Feature", "properties": { "bathrooms": 1.0, "sqft_living": 910, "sqft_lot": 7617, "grade": 6, "condition": 3, "waterfront": 0, "view": 0, "age": 79, "UTM_X": 552110.4969874383, "UTM_Y": 5286881.0948363701, "price": 234.99999999999977 }, "geometry": { "type": "Point", "coordinates": [ 552110.496987438295037, 5286881.09483637008816 ] } },
{ "type": "Feature", "properties": { "bathrooms": 2.75, "sqft_living": 3050, "sqft_lot": 4750, "grade": 8, "condition": 3, "waterfront": 0, "view": 0, "age": 1, "UTM_X": 563807.59630315122, "UTM_Y": 5259488.1447501229, "price": 563.95 }, "geometry": { "type": "Point", "coordinates": [ 563807.596303151221946, 5259488.144750122912228 ] } },
{ "type": "Feature", "properties": { "bathrooms": 1.0, "sqft_living": 1240, "sqft_lot": 7194, "grade": 6, "condition": 3, "waterfront": 0, "view": 0, "age": 79, "UTM_X": 559798.46993724932, "UTM_Y": 5290334.2136482606, "price": 310.00000000000028 }, "geometry": { "type": "Point", "coordinates": [ 559798.469937249319628, 5290334.213648260571063 ] } },
{ "type": "Feature", "properties": { "bathrooms": 1.0, "sqft_living": 1530, "sqft_lot": 4944, "grade": 7, "condition": 3, "waterfront": 0, "view": 0, "age": 65, "UTM_X": 549456.1781222003, "UTM_Y": 5281578.3648883253, "price": 640.00000000000045 }, "geometry": { "type": "Point", "coordinates": [ 549456.178122200304642, 5281578.364888325333595 ] } },
{ "type": "Feature", "properties": { "bathrooms": 4.5, "sqft_living": 5770, "sqft_lot": 10050, "grade": 9, "condition": 5, "waterfront": 0, "view": 3, "age": 66, "UTM_X": 554418.32449966739, "UTM_Y": 5280655.6953692744, "price": 1535.0000000000014 }, "geometry": { "type": "Point", "coordinates": [ 554418.324499667389318, 5280655.695369274355471 ] } },
{ "type": "Feature", "properties": { "bathrooms": 1.0, "sqft_living": 720, "sqft_lot": 4323, "grade": 6, "condition": 3, "waterfront": 0, "view": 0, "age": 73, "UTM_X": 544975.08915704698, "UTM_Y": 5278729.9949956108, "price": 404.99999999999972 }, "geometry": { "type": "Point", "coordinates": [ 544975.089157046983019, 5278729.994995610788465 ] } },
{ "type": "Feature", "properties": { "bathrooms": 1.0, "sqft_living": 840, "sqft_lot": 7020, "grade": 7, "condition": 4, "waterfront": 0, "view": 0, "age": 72, "UTM_X": 545595.38728850696, "UTM_Y": 5266608.9658998428, "price": 450.6 }, "geometry": { "type": "Point", "coordinates": [ 545595.387288506957702, 5266608.965899842791259 ] } },
{ "type": "Feature", "properties": { "bathrooms": 1.0, "sqft_living": 1120, "sqft_lot": 3844, "grade": 7, "condition": 3, "waterfront": 0, "view": 0, "age": 43, "UTM_X": 548613.83438976901, "UTM_Y": 5283583.0225058151, "price": 328.99999999999977 }, "geometry": { "type": "Point", "coordinates": [ 548613.834389769006521, 5283583.022505815140903 ] } },
{ "type": "Feature", "properties": { "bathrooms": 1.0, "sqft_living": 1910, "sqft_lot": 8710, "grade": 7, "condition": 3, "waterfront": 0, "view": 0, "age": 61, "UTM_X": 552715.48410835769, "UTM_Y": 5261389.4890334494, "price": 260.00000000000017 }, "geometry": { "type": "Point", "coordinates": [ 552715.484108357690275, 5261389.489033449441195 ] } },
{ "type": "Feature", "properties": { "bathrooms": 3.5, "sqft_living": 2350, "sqft_lot": 13402, "grade": 8, "condition": 3, "waterfront": 0, "view": 3, "age": 21, "UTM_X": 560777.80098514084, "UTM_Y": 5282686.0425113793, "price": 655.00000000000023 }, "geometry": { "type": "Point", "coordinates": [ 560777.800985140842386, 5282686.042511379346251 ] } },
{ "type": "Feature", "properties": { "bathrooms": 2.0, "sqft_living": 1170, "sqft_lot": 7258, "grade": 7, "condition": 3, "waterfront": 0, "view": 0, "age": 31, "UTM_X": 555454.68290808098, "UTM_Y": 5242464.8068169421, "price": 249.99999999999994 }, "geometry": { "type": "Point", "coordinates": [ 555454.682908080983907, 5242464.806816942058504 ] } },
{ "type": "Feature", "properties": { "bathrooms": 2.5, "sqft_living": 1870, "sqft_lot": 8541, "grade": 8, "condition": 3, "waterfront": 0, "view": 0, "age": 26, "UTM_X": 549448.6432717389, "UTM_Y": 5237876.7911494682, "price": 299.99 }, "geometry": { "type": "Point", "coordinates": [ 549448.643271738896146, 5237876.791149468161166 ] } },
{ "type": "Feature", "properties": { "bathrooms": 1.75, "sqft_living": 2260, "sqft_lot": 11781, "grade": 8, "condition": 4, "waterfront": 0, "view": 0, "age": 47, "UTM_X": 565550.52874666895, "UTM_Y": 5272011.7497575209, "price": 713.99999999999932 }, "geometry": { "type": "Point", "coordinates": [ 565550.528746668947861, 5272011.749757520854473 ] } },
{ "type": "Feature", "properties": { "bathrooms": 2.75, "sqft_living": 1700, "sqft_lot": 3264, "grade": 7, "condition": 3, "waterfront": 0, "view": 0, "age": 96, "UTM_X": 551716.48196252633, "UTM_Y": 5280597.6999680065, "price": 520.00000000000034 }, "geometry": { "type": "Point", "coordinates": [ 551716.481962526333518, 5280597.699968006461859 ] } },
{ "type": "Feature", "properties": { "bathrooms": 2.25, "sqft_living": 2240, "sqft_lot": 9542, "grade": 7, "condition": 3, "waterfront": 0, "view": 1, "age": 35, "UTM_X": 551461.59934892121, "UTM_Y": 5249786.1049805414, "price": 418.2 }, "geometry": { "type": "Point", "coordinates": [ 551461.599348921212368, 5249786.104980541393161 ] } },
{ "type": "Feature", "properties": { "bathrooms": 1.5, "sqft_living": 1990, "sqft_lot": 5978, "grade": 7, "condition": 4, "waterfront": 1, "view": 4, "age": 89, "UTM_X": 550683.86406650802, "UTM_Y": 5243711.028592133, "price": 624.99999999999966 }, "geometry": { "type": "Point", "coordinates": [ 550683.864066508016549, 5243711.02859213296324 ] } },
{ "type": "Feature", "properties": { "bathrooms": 1.75, "sqft_living": 3000, "sqft_lot": 5413, "grade": 8, "condition": 4, "waterfront": 0, "view": 0, "age": 52, "UTM_X": 551622.17745824065, "UTM_Y": 5282764.2437000349, "price": 522.99999999999989 }, "geometry": { "type": "Point", "coordinates": [ 551622.177458240650594, 5282764.243700034916401 ] } },
{ "type": "Feature", "properties": { "bathrooms": 1.5, "sqft_living": 1370, "sqft_lot": 9750, "grade": 7, "condition": 3, "waterfront": 0, "view": 0, "age": 62, "UTM_X": 551014.38758825755, "UTM_Y": 5257817.8150172662, "price": 296.00000000000011 }, "geometry": { "type": "Point", "coordinates": [ 551014.387588257552125, 5257817.815017266198993 ] } },
{ "type": "Feature", "properties": { "bathrooms": 1.0, "sqft_living": 1120, "sqft_lot": 6625, "grade": 6, "condition": 3, "waterfront": 0, "view": 0, "age": 73, "UTM_X": 550320.83187232853, "UTM_Y": 5259601.2234588657, "price": 228.95 }, "geometry": { "type": "Point", "coordinates": [ 550320.831872328533791, 5259601.223458865657449 ] } },
{ "type": "Feature", "properties": { "bathrooms": 2.25, "sqft_living": 2140, "sqft_lot": 10943, "grade": 7, "condition": 3, "waterfront": 0, "view": 0, "age": 38, "UTM_X": 558865.45529655507, "UTM_Y": 5286267.6429015547, "price": 502.0000000000004 }, "geometry": { "type": "Point", "coordinates": [ 558865.455296555068344, 5286267.642901554703712 ] } },
{ "type": "Feature", "properties": { "bathrooms": 1.0, "sqft_living": 1140, "sqft_lot": 4560, "grade": 6, "condition": 4, "waterfront": 0, "view": 0, "age": 71, "UTM_X": 547877.2620911639, "UTM_Y": 5281920.8191704098, "price": 473.99999999999972 }, "geometry": { "type": "Point", "coordinates": [ 547877.262091163895093, 5281920.819170409813523 ] } },
{ "type": "Feature", "properties": { "bathrooms": 2.5, "sqft_living": 2390, "sqft_lot": 8775, "grade": 7, "condition": 4, "waterfront": 0, "view": 0, "age": 35, "UTM_X": 562552.79917550914, "UTM_Y": 5257051.5938230325, "price": 358.00000000000017 }, "geometry": { "type": "Point", "coordinates": [ 562552.799175509135239, 5257051.593823032453656 ] } },
{ "type": "Feature", "properties": { "bathrooms": 1.0, "sqft_living": 1560, "sqft_lot": 5000, "grade": 7, "condition": 4, "waterfront": 0, "view": 1, "age": 73, "UTM_X": 546065.93693656765, "UTM_Y": 5283206.5970738921, "price": 724.00000000000023 }, "geometry": { "type": "Point", "coordinates": [ 546065.936936567653902, 5283206.597073892131448 ] } },
{ "type": "Feature", "properties": { "bathrooms": 1.0, "sqft_living": 780, "sqft_lot": 4200, "grade": 6, "condition": 3, "waterfront": 0, "view": 0, "age": 95, "UTM_X": 555164.66217630822, "UTM_Y": 5265224.3601403311, "price": 359.99999999999966 }, "geometry": { "type": "Point", "coordinates": [ 555164.662176308222115, 5265224.360140331089497 ] } },
{ "type": "Feature", "properties": { "bathrooms": 2.75, "sqft_living": 2770, "sqft_lot": 6116, "grade": 7, "condition": 3, "waterfront": 0, "view": 0, "age": 36, "UTM_X": 553412.61686970398, "UTM_Y": 5259272.9502072455, "price": 283.45 }, "geometry": { "type": "Point", "coordinates": [ 553412.616869703982957, 5259272.950207245536149 ] } },
{ "type": "Feature", "properties": { "bathrooms": 1.0, "sqft_living": 920, "sqft_lot": 6460, "grade": 6, "condition": 5, "waterfront": 0, "view": 0, "age": 46, "UTM_X": 569312.56059167755, "UTM_Y": 5246301.7626464805, "price": 189.95 }, "geometry": { "type": "Point", "coordinates": [ 569312.56059167755302, 5246301.762646480463445 ] } },
{ "type": "Feature", "properties": { "bathrooms": 1.0, "sqft_living": 1000, "sqft_lot": 6000, "grade": 6, "condition": 3, "waterfront": 0, "view": 0, "age": 64, "UTM_X": 547278.06854054832, "UTM_Y": 5263232.463987289, "price": 264.95 }, "geometry": { "type": "Point", "coordinates": [ 547278.068540548323654, 5263232.463987288996577 ] } },
{ "type": "Feature", "properties": { "bathrooms": 1.0, "sqft_living": 390, "sqft_lot": 2000, "grade": 6, "condition": 4, "waterfront": 0, "view": 0, "age": 95, "UTM_X": 548998.30843518395, "UTM_Y": 5282474.7795273578, "price": 245.00000000000006 }, "geometry": { "type": "Point", "coordinates": [ 548998.308435183949769, 5282474.779527357779443 ] } },
{ "type": "Feature", "properties": { "bathrooms": 1.75, "sqft_living": 1390, "sqft_lot": 7904, "grade": 7, "condition": 3, "waterfront": 0, "view": 0, "age": 30, "UTM_X": 561694.16797695251, "UTM_Y": 5259854.5106312409, "price": 405.99999999999972 }, "geometry": { "type": "Point", "coordinates": [ 561694.167976952507161, 5259854.510631240904331 ] } },
{ "type": "Feature", "properties": { "bathrooms": 1.5, "sqft_living": 2010, "sqft_lot": 7755, "grade": 7, "condition": 3, "waterfront": 0, "view": 0, "age": 63, "UTM_X": 557771.06624861644, "UTM_Y": 5260425.7872784231, "price": 218.00000000000011 }, "geometry": { "type": "Point", "coordinates": [ 557771.066248616436496, 5260425.787278423085809 ] } },
{ "type": "Feature", "properties": { "bathrooms": 3.25, "sqft_living": 3130, "sqft_lot": 9302, "grade": 8, "condition": 3, "waterfront": 0, "view": 0, "age": 28, "UTM_X": 550039.07904844417, "UTM_Y": 5239582.2099453928, "price": 310.00000000000028 }, "geometry": { "type": "Point", "coordinates": [ 550039.079048444167711, 5239582.209945392794907 ] } },
{ "type": "Feature", "properties": { "bathrooms": 1.75, "sqft_living": 2410, "sqft_lot": 8447, "grade": 8, "condition": 4, "waterfront": 0, "view": 3, "age": 79, "UTM_X": 568489.84219344426, "UTM_Y": 5277792.1167481132, "price": 550.00000000000034 }, "geometry": { "type": "Point", "coordinates": [ 568489.842193444259465, 5277792.116748113185167 ] } },
{ "type": "Feature", "properties": { "bathrooms": 3.25, "sqft_living": 3380, "sqft_lot": 7500, "grade": 7, "condition": 3, "waterfront": 0, "view": 3, "age": 25, "UTM_X": 550546.83994571946, "UTM_Y": 5250856.2369655492, "price": 328.00000000000011 }, "geometry": { "type": "Point", "coordinates": [ 550546.839945719460957, 5250856.236965549178421 ] } },
{ "type": "Feature", "properties": { "bathrooms": 1.5, "sqft_living": 1620, "sqft_lot": 1444, "grade": 9, "condition": 3, "waterfront": 0, "view": 0, "age": 8, "UTM_X": 551953.25782052916, "UTM_Y": 5270874.4639371084, "price": 525.00000000000011 }, "geometry": { "type": "Point", "coordinates": [ 551953.257820529164746, 5270874.463937108404934 ] } },
{ "type": "Feature", "properties": { "bathrooms": 1.0, "sqft_living": 1430, "sqft_lot": 5909, "grade": 6, "condition": 3, "waterfront": 0, "view": 0, "age": 68, "UTM_X": 551481.96126249165, "UTM_Y": 5290109.9205866084, "price": 269.99999999999977 }, "geometry": { "type": "Point", "coordinates": [ 551481.961262491648085, 5290109.920586608350277 ] } },
{ "type": "Feature", "properties": { "bathrooms": 2.5, "sqft_living": 2820, "sqft_lot": 6120, "grade": 9, "condition": 3, "waterfront": 0, "view": 0, "age": 1, "UTM_X": 553052.95612381061, "UTM_Y": 5282210.2703256495, "price": 896.99999999999932 }, "geometry": { "type": "Point", "coordinates": [ 553052.956123810610734, 5282210.270325649529696 ] } },
{ "type": "Feature", "properties": { "bathrooms": 2.5, "sqft_living": 2540, "sqft_lot": 6093, "grade": 9, "condition": 3, "waterfront": 0, "view": 0, "age": 16, "UTM_X": 557315.82813806739, "UTM_Y": 5283706.7988294745, "price": 566.99999999999977 }, "geometry": { "type": "Point", "coordinates": [ 557315.828138067387044, 5283706.798829474486411 ] } },
{ "type": "Feature", "properties": { "bathrooms": 1.75, "sqft_living": 3330, "sqft_lot": 12566, "grade": 8, "condition": 4, "waterfront": 1, "view": 4, "age": 55, "UTM_X": 558712.29650784016, "UTM_Y": 5264214.1385311671, "price": 1955.0000000000014 }, "geometry": { "type": "Point", "coordinates": [ 558712.296507840161212, 5264214.138531167060137 ] } },
{ "type": "Feature", "properties": { "bathrooms": 1.0, "sqft_living": 940, "sqft_lot": 7910, "grade": 6, "condition": 4, "waterfront": 0, "view": 0, "age": 56, "UTM_X": 566352.24706380523, "UTM_Y": 5274232.7291813679, "price": 370.0 }, "geometry": { "type": "Point", "coordinates": [ 566352.247063805232756, 5274232.729181367903948 ] } },
{ "type": "Feature", "properties": { "bathrooms": 3.0, "sqft_living": 2040, "sqft_lot": 7145, "grade": 8, "condition": 3, "waterfront": 0, "view": 0, "age": 21, "UTM_X": 562638.88005255454, "UTM_Y": 5241892.2309730873, "price": 284.00000000000017 }, "geometry": { "type": "Point", "coordinates": [ 562638.880052554537542, 5241892.230973087251186 ] } },
{ "type": "Feature", "properties": { "bathrooms": 1.5, "sqft_living": 1430, "sqft_lot": 6380, "grade": 9, "condition": 4, "waterfront": 0, "view": 0, "age": 85, "UTM_X": 551542.02009891358, "UTM_Y": 5283341.501884806, "price": 574.5 }, "geometry": { "type": "Point", "coordinates": [ 551542.020098913577385, 5283341.501884805969894 ] } },
{ "type": "Feature", "properties": { "bathrooms": 2.0, "sqft_living": 2750, "sqft_lot": 5527, "grade": 8, "condition": 3, "waterfront": 0, "view": 0, "age": 114, "UTM_X": 547461.08543698327, "UTM_Y": 5277738.3096469976, "price": 864.9999999999992 }, "geometry": { "type": "Point", "coordinates": [ 547461.085436983266845, 5277738.309646997600794 ] } },
{ "type": "Feature", "properties": { "bathrooms": 1.0, "sqft_living": 1090, "sqft_lot": 10710, "grade": 7, "condition": 4, "waterfront": 0, "view": 0, "age": 53, "UTM_X": 562585.27201146027, "UTM_Y": 5261064.3639930738, "price": 280.00000000000011 }, "geometry": { "type": "Point", "coordinates": [ 562585.272011460270733, 5261064.363993073813617 ] } },
{ "type": "Feature", "properties": { "bathrooms": 1.0, "sqft_living": 990, "sqft_lot": 8760, "grade": 7, "condition": 3, "waterfront": 0, "view": 0, "age": 38, "UTM_X": 552511.26543422532, "UTM_Y": 5242093.2775661955, "price": 179.00000000000006 }, "geometry": { "type": "Point", "coordinates": [ 552511.265434225322679, 5242093.277566195465624 ] } },
{ "type": "Feature", "properties": { "bathrooms": 1.75, "sqft_living": 1520, "sqft_lot": 7350, "grade": 7, "condition": 4, "waterfront": 0, "view": 0, "age": 43, "UTM_X": 562252.27610854781, "UTM_Y": 5285146.9863083623, "price": 386.5 }, "geometry": { "type": "Point", "coordinates": [ 562252.276108547812328, 5285146.986308362334967 ] } },
{ "type": "Feature", "properties": { "bathrooms": 2.5, "sqft_living": 2170, "sqft_lot": 4517, "grade": 8, "condition": 3, "waterfront": 0, "view": 0, "age": 13, "UTM_X": 564791.6000632128, "UTM_Y": 5259076.5868661487, "price": 418.99999999999983 }, "geometry": { "type": "Point", "coordinates": [ 564791.600063212797977, 5259076.586866148747504 ] } },
{ "type": "Feature", "properties": { "bathrooms": 1.75, "sqft_living": 1710, "sqft_lot": 4234, "grade": 7, "condition": 3, "waterfront": 0, "view": 0, "age": 95, "UTM_X": 546214.35127472924, "UTM_Y": 5264457.6490840344, "price": 404.99999999999972 }, "geometry": { "type": "Point", "coordinates": [ 546214.351274729240686, 5264457.649084034375846 ] } },
{ "type": "Feature", "properties": { "bathrooms": 4.0, "sqft_living": 4500, "sqft_lot": 8130, "grade": 10, "condition": 3, "waterfront": 0, "view": 0, "age": 8, "UTM_X": 564413.31790278584, "UTM_Y": 5259216.9063770156, "price": 750.00000000000011 }, "geometry": { "type": "Point", "coordinates": [ 564413.317902785842307, 5259216.906377015635371 ] } },
{ "type": "Feature", "properties": { "bathrooms": 3.0, "sqft_living": 4090, "sqft_lot": 12850, "grade": 10, "condition": 4, "waterfront": 0, "view": 2, "age": 29, "UTM_X": 560965.13751350599, "UTM_Y": 5279131.1793813063, "price": 1095.0000000000002 }, "geometry": { "type": "Point", "coordinates": [ 560965.137513505993411, 5279131.179381306283176 ] } },
{ "type": "Feature", "properties": { "bathrooms": 1.0, "sqft_living": 790, "sqft_lot": 6750, "grade": 6, "condition": 2, "waterfront": 0, "view": 0, "age": 71, "UTM_X": 557239.80179683992, "UTM_Y": 5260831.807711889, "price": 170.00000000000006 }, "geometry": { "type": "Point", "coordinates": [ 557239.801796839921735, 5260831.807711889036 ] } },
{ "type": "Feature", "properties": { "bathrooms": 2.5, "sqft_living": 1600, "sqft_lot": 6765, "grade": 7, "condition": 3, "waterfront": 0, "view": 0, "age": 68, "UTM_X": 547781.33610662457, "UTM_Y": 5266137.4022505544, "price": 328.99999999999977 }, "geometry": { "type": "Point", "coordinates": [ 547781.336106624570675, 5266137.402250554412603 ] } },
{ "type": "Feature", "properties": { "bathrooms": 1.75, "sqft_living": 1730, "sqft_lot": 8073, "grade": 8, "condition": 3, "waterfront": 0, "view": 0, "age": 44, "UTM_X": 547428.90547797282, "UTM_Y": 5290864.5067648459, "price": 464.9999999999996 }, "geometry": { "type": "Point", "coordinates": [ 547428.905477972817607, 5290864.506764845922589 ] } },
{ "type": "Feature", "properties": { "bathrooms": 2.5, "sqft_living": 1980, "sqft_lot": 10205, "grade": 7, "condition": 4, "waterfront": 0, "view": 0, "age": 86, "UTM_X": 551994.55302897142, "UTM_Y": 5283078.777494397, "price": 418.00000000000028 }, "geometry": { "type": "Point", "coordinates": [ 551994.553028971422464, 5283078.77749439701438 ] } },
{ "type": "Feature", "properties": { "bathrooms": 2.0, "sqft_living": 1560, "sqft_lot": 8509, "grade": 8, "condition": 3, "waterfront": 0, "view": 0, "age": 46, "UTM_X": 558491.63787717652, "UTM_Y": 5286152.7141244709, "price": 464.9999999999996 }, "geometry": { "type": "Point", "coordinates": [ 558491.637877176515758, 5286152.714124470949173 ] } },
{ "type": "Feature", "properties": { "bathrooms": 2.5, "sqft_living": 2540, "sqft_lot": 12843, "grade": 9, "condition": 3, "waterfront": 0, "view": 0, "age": 23, "UTM_X": 562719.92180908518, "UTM_Y": 5248461.7647241866, "price": 350.9 }, "geometry": { "type": "Point", "coordinates": [ 562719.92180908517912, 5248461.764724186621606 ] } },
{ "type": "Feature", "properties": { "bathrooms": 2.5, "sqft_living": 2310, "sqft_lot": 11993, "grade": 9, "condition": 3, "waterfront": 0, "view": 0, "age": 27, "UTM_X": 564790.69984901196, "UTM_Y": 5265956.6950015407, "price": 764.9999999999992 }, "geometry": { "type": "Point", "coordinates": [ 564790.699849011958577, 5265956.695001540705562 ] } },
{ "type": "Feature", "properties": { "bathrooms": 1.5, "sqft_living": 1200, "sqft_lot": 1259, "grade": 8, "condition": 3, "waterfront": 0, "view": 0, "age": 0, "UTM_X": 552769.33592690143, "UTM_Y": 5272093.2828600109, "price": 455.00000000000023 }, "geometry": { "type": "Point", "coordinates": [ 552769.335926901432686, 5272093.28286001086235 ] } },
{ "type": "Feature", "properties": { "bathrooms": 1.0, "sqft_living": 890, "sqft_lot": 5000, "grade": 6, "condition": 4, "waterfront": 0, "view": 0, "age": 68, "UTM_X": 553644.69759202201, "UTM_Y": 5266821.8231189456, "price": 302.00000000000023 }, "geometry": { "type": "Point", "coordinates": [ 553644.697592022013851, 5266821.823118945583701 ] } },
{ "type": "Feature", "properties": { "bathrooms": 2.5, "sqft_living": 1460, "sqft_lot": 4961, "grade": 8, "condition": 4, "waterfront": 0, "view": 0, "age": 27, "UTM_X": 561302.10025290446, "UTM_Y": 5282780.4692742955, "price": 474.99999999999977 }, "geometry": { "type": "Point", "coordinates": [ 561302.100252904463559, 5282780.46927429549396 ] } },
{ "type": "Feature", "properties": { "bathrooms": 2.5, "sqft_living": 2230, "sqft_lot": 5650, "grade": 7, "condition": 3, "waterfront": 0, "view": 0, "age": 4, "UTM_X": 562651.89791719429, "UTM_Y": 5261876.4566907892, "price": 440.00000000000045 }, "geometry": { "type": "Point", "coordinates": [ 562651.897917194291949, 5261876.456690789200366 ] } },
{ "type": "Feature", "properties": { "bathrooms": 0.75, "sqft_living": 1040, "sqft_lot": 15000, "grade": 6, "condition": 3, "waterfront": 0, "view": 0, "age": 74, "UTM_X": 557400.22011198686, "UTM_Y": 5290343.3231863854, "price": 230.00000000000009 }, "geometry": { "type": "Point", "coordinates": [ 557400.220111986855045, 5290343.323186385445297 ] } },
{ "type": "Feature", "properties": { "bathrooms": 3.5, "sqft_living": 3130, "sqft_lot": 4797, "grade": 9, "condition": 3, "waterfront": 0, "view": 0, "age": 1, "UTM_X": 565515.02232348744, "UTM_Y": 5268476.762108257, "price": 866.059 }, "geometry": { "type": "Point", "coordinates": [ 565515.022323487442918, 5268476.762108257040381 ] } },
{ "type": "Feature", "properties": { "bathrooms": 1.0, "sqft_living": 1290, "sqft_lot": 4000, "grade": 7, "condition": 3, "waterfront": 0, "view": 0, "age": 89, "UTM_X": 554403.69707061793, "UTM_Y": 5266117.5083139045, "price": 402.5 }, "geometry": { "type": "Point", "coordinates": [ 554403.697070617927238, 5266117.508313904516399 ] } },
{ "type": "Feature", "properties": { "bathrooms": 1.0, "sqft_living": 1200, "sqft_lot": 6825, "grade": 7, "condition": 3, "waterfront": 0, "view": 0, "age": 61, "UTM_X": 548496.74399359978, "UTM_Y": 5288617.031085752, "price": 401.99999999999983 }, "geometry": { "type": "Point", "coordinates": [ 548496.743993599782698, 5288617.031085751950741 ] } },
{ "type": "Feature", "properties": { "bathrooms": 1.0, "sqft_living": 700, "sqft_lot": 4836, "grade": 6, "condition": 4, "waterfront": 0, "view": 0, "age": 89, "UTM_X": 553404.85963626625, "UTM_Y": 5284747.6815877827, "price": 379.99999999999994 }, "geometry": { "type": "Point", "coordinates": [ 553404.859636266250163, 5284747.681587782688439 ] } },
{ "type": "Feature", "properties": { "bathrooms": 1.0, "sqft_living": 1120, "sqft_lot": 9075, "grade": 7, "condition": 3, "waterfront": 0, "view": 0, "age": 38, "UTM_X": 569551.32864110172, "UTM_Y": 5289498.1685157968, "price": 335.00000000000028 }, "geometry": { "type": "Point", "coordinates": [ 569551.328641101717949, 5289498.168515796773136 ] } },
{ "type": "Feature", "properties": { "bathrooms": 3.0, "sqft_living": 2010, "sqft_lot": 2554, "grade": 7, "condition": 3, "waterfront": 0, "view": 0, "age": 14, "UTM_X": 554999.07995563839, "UTM_Y": 5266823.3028344214, "price": 474.99999999999977 }, "geometry": { "type": "Point", "coordinates": [ 554999.079955638386309, 5266823.302834421396255 ] } },
{ "type": "Feature", "properties": { "bathrooms": 0.75, "sqft_living": 930, "sqft_lot": 6600, "grade": 6, "condition": 3, "waterfront": 0, "view": 0, "age": 91, "UTM_X": 552806.02021707711, "UTM_Y": 5284608.8284970848, "price": 350.99999999999983 }, "geometry": { "type": "Point", "coordinates": [ 552806.0202170771081, 5284608.828497084788978 ] } },
{ "type": "Feature", "properties": { "bathrooms": 1.0, "sqft_living": 710, "sqft_lot": 6732, "grade": 6, "condition": 5, "waterfront": 0, "view": 0, "age": 73, "UTM_X": 547283.18935666257, "UTM_Y": 5262598.9894185876, "price": 299.00000000000023 }, "geometry": { "type": "Point", "coordinates": [ 547283.189356662565842, 5262598.989418587647378 ] } },
{ "type": "Feature", "properties": { "bathrooms": 1.5, "sqft_living": 1370, "sqft_lot": 7697, "grade": 7, "condition": 3, "waterfront": 0, "view": 0, "age": 76, "UTM_X": 547928.09993173438, "UTM_Y": 5284855.518027843, "price": 467.99999999999972 }, "geometry": { "type": "Point", "coordinates": [ 547928.099931734381244, 5284855.518027842976153 ] } },
{ "type": "Feature", "properties": { "bathrooms": 2.0, "sqft_living": 1970, "sqft_lot": 10500, "grade": 8, "condition": 3, "waterfront": 0, "view": 0, "age": 54, "UTM_X": 548521.09922851296, "UTM_Y": 5258596.8611429175, "price": 409.99999999999994 }, "geometry": { "type": "Point", "coordinates": [ 548521.099228512961417, 5258596.861142917536199 ] } },
{ "type": "Feature", "properties": { "bathrooms": 2.5, "sqft_living": 1720, "sqft_lot": 8755, "grade": 8, "condition": 3, "waterfront": 0, "view": 0, "age": 32, "UTM_X": 546023.5638202749, "UTM_Y": 5240749.7744356981, "price": 275.00000000000011 }, "geometry": { "type": "Point", "coordinates": [ 546023.563820274895988, 5240749.774435698054731 ] } },
{ "type": "Feature", "properties": { "bathrooms": 2.5, "sqft_living": 2430, "sqft_lot": 5715, "grade": 7, "condition": 3, "waterfront": 0, "view": 0, "age": 16, "UTM_X": 562812.9728295129, "UTM_Y": 5246817.8053175872, "price": 342.00000000000023 }, "geometry": { "type": "Point", "coordinates": [ 562812.972829512902535, 5246817.805317587219179 ] } },
{ "type": "Feature", "properties": { "bathrooms": 2.75, "sqft_living": 2830, "sqft_lot": 7334, "grade": 8, "condition": 3, "waterfront": 0, "view": 0, "age": 10, "UTM_X": 564710.24320951104, "UTM_Y": 5259620.3140610401, "price": 539.99999999999955 }, "geometry": { "type": "Point", "coordinates": [ 564710.243209511041641, 5259620.314061040058732 ] } },
{ "type": "Feature", "properties": { "bathrooms": 2.75, "sqft_living": 3250, "sqft_lot": 8100, "grade": 8, "condition": 3, "waterfront": 0, "view": 0, "age": 1, "UTM_X": 551680.30379988044, "UTM_Y": 5284665.3935509864, "price": 717.99999999999966 }, "geometry": { "type": "Point", "coordinates": [ 551680.30379988043569, 5284665.393550986424088 ] } },
{ "type": "Feature", "properties": { "bathrooms": 3.0, "sqft_living": 2910, "sqft_lot": 8540, "grade": 9, "condition": 3, "waterfront": 0, "view": 0, "age": 12, "UTM_X": 563537.41505335085, "UTM_Y": 5263553.2330843415, "price": 701.00000000000057 }, "geometry": { "type": "Point", "coordinates": [ 563537.41505335085094, 5263553.23308434151113 ] } },
{ "type": "Feature", "properties": { "bathrooms": 1.0, "sqft_living": 880, "sqft_lot": 5750, "grade": 6, "condition": 3, "waterfront": 0, "view": 0, "age": 76, "UTM_X": 546712.51476660545, "UTM_Y": 5268051.5462202625, "price": 280.00000000000011 }, "geometry": { "type": "Point", "coordinates": [ 546712.514766605454497, 5268051.546220262534916 ] } },
{ "type": "Feature", "properties": { "bathrooms": 1.75, "sqft_living": 1590, "sqft_lot": 7920, "grade": 7, "condition": 4, "waterfront": 0, "view": 0, "age": 55, "UTM_X": 549774.33316286863, "UTM_Y": 5288238.8316964032, "price": 373.00000000000017 }, "geometry": { "type": "Point", "coordinates": [ 549774.333162868628278, 5288238.831696403212845 ] } },
{ "type": "Feature", "properties": { "bathrooms": 1.0, "sqft_living": 1200, "sqft_lot": 2500, "grade": 7, "condition": 3, "waterfront": 0, "view": 2, "age": 88, "UTM_X": 552513.48037298175, "UTM_Y": 5275458.7165936064, "price": 507.99999999999955 }, "geometry": { "type": "Point", "coordinates": [ 552513.480372981750406, 5275458.71659360639751 ] } },
{ "type": "Feature", "properties": { "bathrooms": 2.5, "sqft_living": 1640, "sqft_lot": 5707, "grade": 7, "condition": 3, "waterfront": 0, "view": 0, "age": 20, "UTM_X": 559683.98854482512, "UTM_Y": 5250097.3117248463, "price": 300.00000000000011 }, "geometry": { "type": "Point", "coordinates": [ 559683.988544825115241, 5250097.311724846251309 ] } },
{ "type": "Feature", "properties": { "bathrooms": 1.0, "sqft_living": 1740, "sqft_lot": 5719, "grade": 8, "condition": 3, "waterfront": 0, "view": 0, "age": 60, "UTM_X": 549918.66876642697, "UTM_Y": 5280159.6340311049, "price": 800.00000000000034 }, "geometry": { "type": "Point", "coordinates": [ 549918.668766426970251, 5280159.634031104855239 ] } },
{ "type": "Feature", "properties": { "bathrooms": 0.75, "sqft_living": 1040, "sqft_lot": 4000, "grade": 7, "condition": 3, "waterfront": 0, "view": 0, "age": 106, "UTM_X": 547162.86065007979, "UTM_Y": 5277469.1362672895, "price": 550.00000000000034 }, "geometry": { "type": "Point", "coordinates": [ 547162.860650079790503, 5277469.13626728951931 ] } },
{ "type": "Feature", "properties": { "bathrooms": 1.0, "sqft_living": 930, "sqft_lot": 3150, "grade": 6, "condition": 5, "waterfront": 0, "view": 0, "age": 97, "UTM_X": 552690.64924300031, "UTM_Y": 5280784.2799855135, "price": 445.0000000000004 }, "geometry": { "type": "Point", "coordinates": [ 552690.649243000312708, 5280784.279985513538122 ] } },
{ "type": "Feature", "properties": { "bathrooms": 1.0, "sqft_living": 1170, "sqft_lot": 4750, "grade": 6, "condition": 3, "waterfront": 0, "view": 0, "age": 112, "UTM_X": 546690.85711726081, "UTM_Y": 5280132.8312031422, "price": 539.99999999999955 }, "geometry": { "type": "Point", "coordinates": [ 546690.857117260806262, 5280132.831203142181039 ] } },
{ "type": "Feature", "properties": { "bathrooms": 2.0, "sqft_living": 1900, "sqft_lot": 5000, "grade": 8, "condition": 3, "waterfront": 0, "view": 2, "age": 58, "UTM_X": 547891.35461460205, "UTM_Y": 5280209.2784200786, "price": 630.00000000000057 }, "geometry": { "type": "Point", "coordinates": [ 547891.354614602052607, 5280209.278420078568161 ] } },
{ "type": "Feature", "properties": { "bathrooms": 3.25, "sqft_living": 3276, "sqft_lot": 10801, "grade": 9, "condition": 3, "waterfront": 0, "view": 0, "age": 7, "UTM_X": 548163.10863450111, "UTM_Y": 5256315.4864469739, "price": 719.99999999999943 }, "geometry": { "type": "Point", "coordinates": [ 548163.108634501113556, 5256315.486446973867714 ] } },
{ "type": "Feature", "properties": { "bathrooms": 2.5, "sqft_living": 1870, "sqft_lot": 8190, "grade": 7, "condition": 3, "waterfront": 0, "view": 0, "age": 38, "UTM_X": 563245.22791238339, "UTM_Y": 5255747.489019542, "price": 285.0 }, "geometry": { "type": "Point", "coordinates": [ 563245.227912383386865, 5255747.489019542001188 ] } },
{ "type": "Feature", "properties": { "bathrooms": 1.0, "sqft_living": 1130, "sqft_lot": 2640, "grade": 8, "condition": 4, "waterfront": 0, "view": 0, "age": 88, "UTM_X": 548294.05879440706, "UTM_Y": 5276911.5650707837, "price": 631.5 }, "geometry": { "type": "Point", "coordinates": [ 548294.058794407057576, 5276911.56507078371942 ] } },
{ "type": "Feature", "properties": { "bathrooms": 4.75, "sqft_living": 5305, "sqft_lot": 8401, "grade": 11, "condition": 3, "waterfront": 0, "view": 2, "age": 10, "UTM_X": 558911.30088791496, "UTM_Y": 5281744.2786235949, "price": 2699.9999999999977 }, "geometry": { "type": "Point", "coordinates": [ 558911.300887914956547, 5281744.278623594902456 ] } },
{ "type": "Feature", "properties": { "bathrooms": 2.5, "sqft_living": 3520, "sqft_lot": 8095, "grade": 9, "condition": 3, "waterfront": 0, "view": 0, "age": 9, "UTM_X": 566840.45236238884, "UTM_Y": 5284064.2074642684, "price": 760.0 }, "geometry": { "type": "Point", "coordinates": [ 566840.452362388838083, 5284064.207464268431067 ] } },
{ "type": "Feature", "properties": { "bathrooms": 2.5, "sqft_living": 2440, "sqft_lot": 9727, "grade": 9, "condition": 3, "waterfront": 0, "view": 0, "age": 28, "UTM_X": 565171.3437823148, "UTM_Y": 5279021.1536479769, "price": 749.5 }, "geometry": { "type": "Point", "coordinates": [ 565171.343782314797863, 5279021.153647976927459 ] } },
{ "type": "Feature", "properties": { "bathrooms": 2.5, "sqft_living": 1660, "sqft_lot": 9760, "grade": 7, "condition": 3, "waterfront": 0, "view": 0, "age": 21, "UTM_X": 561312.67207752692, "UTM_Y": 5245879.4650960891, "price": 294.999 }, "geometry": { "type": "Point", "coordinates": [ 561312.672077526920475, 5245879.465096089057624 ] } },
{ "type": "Feature", "properties": { "bathrooms": 1.5, "sqft_living": 1290, "sqft_lot": 8366, "grade": 7, "condition": 3, "waterfront": 0, "view": 0, "age": 58, "UTM_X": 551377.9912681682, "UTM_Y": 5259321.4309331812, "price": 240.00000000000017 }, "geometry": { "type": "Point", "coordinates": [ 551377.991268168203533, 5259321.430933181196451 ] } },
{ "type": "Feature", "properties": { "bathrooms": 2.0, "sqft_living": 2130, "sqft_lot": 8225, "grade": 8, "condition": 4, "waterfront": 0, "view": 0, "age": 28, "UTM_X": 563184.81469863409, "UTM_Y": 5254357.5004351614, "price": 397.5 }, "geometry": { "type": "Point", "coordinates": [ 563184.814698634087108, 5254357.500435161404312 ] } },
{ "type": "Feature", "properties": { "bathrooms": 2.5, "sqft_living": 2510, "sqft_lot": 5503, "grade": 9, "condition": 3, "waterfront": 0, "view": 2, "age": 20, "UTM_X": 546431.32431940385, "UTM_Y": 5265570.8012053492, "price": 820.0 }, "geometry": { "type": "Point", "coordinates": [ 546431.324319403851405, 5265570.80120534915477 ] } },
{ "type": "Feature", "properties": { "bathrooms": 2.0, "sqft_living": 1610, "sqft_lot": 9600, "grade": 7, "condition": 5, "waterfront": 0, "view": 0, "age": 48, "UTM_X": 561266.87686359801, "UTM_Y": 5264684.942103846, "price": 414.99999999999977 }, "geometry": { "type": "Point", "coordinates": [ 561266.87686359800864, 5264684.942103845998645 ] } },
{ "type": "Feature", "properties": { "bathrooms": 2.0, "sqft_living": 1780, "sqft_lot": 9732, "grade": 8, "condition": 3, "waterfront": 0, "view": 0, "age": 48, "UTM_X": 557978.6761133055, "UTM_Y": 5269864.2118257936, "price": 710.00000000000023 }, "geometry": { "type": "Point", "coordinates": [ 557978.676113305496983, 5269864.211825793609023 ] } },
{ "type": "Feature", "properties": { "bathrooms": 2.5, "sqft_living": 2550, "sqft_lot": 7200, "grade": 10, "condition": 3, "waterfront": 0, "view": 2, "age": 34, "UTM_X": 553521.54239430407, "UTM_Y": 5272044.5641465597, "price": 1400.0000000000005 }, "geometry": { "type": "Point", "coordinates": [ 553521.542394304065965, 5272044.564146559685469 ] } },
{ "type": "Feature", "properties": { "bathrooms": 2.0, "sqft_living": 2520, "sqft_lot": 5980, "grade": 8, "condition": 3, "waterfront": 0, "view": 0, "age": 58, "UTM_X": 546400.58753154322, "UTM_Y": 5269438.3585448982, "price": 650.00000000000011 }, "geometry": { "type": "Point", "coordinates": [ 546400.587531543220393, 5269438.358544898219407 ] } },
{ "type": "Feature", "properties": { "bathrooms": 1.0, "sqft_living": 1140, "sqft_lot": 5395, "grade": 7, "condition": 4, "waterfront": 0, "view": 0, "age": 106, "UTM_X": 552090.2882595004, "UTM_Y": 5280767.7572602574, "price": 575.99999999999977 }, "geometry": { "type": "Point", "coordinates": [ 552090.28825950040482, 5280767.757260257378221 ] } },
{ "type": "Feature", "properties": { "bathrooms": 2.5, "sqft_living": 1360, "sqft_lot": 2070, "grade": 8, "condition": 3, "waterfront": 0, "view": 0, "age": 16, "UTM_X": 550398.50023969286, "UTM_Y": 5276762.6785896355, "price": 755.00000000000034 }, "geometry": { "type": "Point", "coordinates": [ 550398.500239692861214, 5276762.678589635528624 ] } },
{ "type": "Feature", "properties": { "bathrooms": 1.0, "sqft_living": 1640, "sqft_lot": 13939, "grade": 7, "condition": 3, "waterfront": 0, "view": 0, "age": 55, "UTM_X": 551843.59053048666, "UTM_Y": 5249255.9823475219, "price": 170.5 }, "geometry": { "type": "Point", "coordinates": [ 551843.590530486661009, 5249255.982347521930933 ] } },
{ "type": "Feature", "properties": { "bathrooms": 2.25, "sqft_living": 3490, "sqft_lot": 6906, "grade": 10, "condition": 4, "waterfront": 0, "view": 0, "age": 87, "UTM_X": 544539.89147848915, "UTM_Y": 5276726.0376076428, "price": 1225.0000000000002 }, "geometry": { "type": "Point", "coordinates": [ 544539.891478489153087, 5276726.037607642821968 ] } },
{ "type": "Feature", "properties": { "bathrooms": 1.75, "sqft_living": 2960, "sqft_lot": 11347, "grade": 8, "condition": 4, "waterfront": 0, "view": 0, "age": 69, "UTM_X": 548751.93811741099, "UTM_Y": 5258020.8357589236, "price": 468.99999999999966 }, "geometry": { "type": "Point", "coordinates": [ 548751.938117410987616, 5258020.83575892355293 ] } },
{ "type": "Feature", "properties": { "bathrooms": 1.75, "sqft_living": 1800, "sqft_lot": 18000, "grade": 8, "condition": 3, "waterfront": 0, "view": 0, "age": 47, "UTM_X": 564389.97974015481, "UTM_Y": 5254481.7556364518, "price": 385.00000000000028 }, "geometry": { "type": "Point", "coordinates": [ 564389.979740154813044, 5254481.755636451765895 ] } },
{ "type": "Feature", "properties": { "bathrooms": 3.25, "sqft_living": 5020, "sqft_lot": 12431, "grade": 10, "condition": 3, "waterfront": 1, "view": 4, "age": 74, "UTM_X": 553603.96385853121, "UTM_Y": 5271256.1802104563, "price": 3599.9999999999964 }, "geometry": { "type": "Point", "coordinates": [ 553603.963858531205915, 5271256.180210456252098 ] } },
{ "type": "Feature", "properties": { "bathrooms": 2.5, "sqft_living": 2160, "sqft_lot": 1912, "grade": 9, "condition": 3, "waterfront": 0, "view": 0, "age": 1, "UTM_X": 553256.7525988844, "UTM_Y": 5268107.5641884878, "price": 629.00000000000023 }, "geometry": { "type": "Point", "coordinates": [ 553256.752598884399049, 5268107.564188487827778 ] } },
{ "type": "Feature", "properties": { "bathrooms": 2.0, "sqft_living": 1360, "sqft_lot": 9688, "grade": 7, "condition": 4, "waterfront": 0, "view": 0, "age": 32, "UTM_X": 552205.08741989697, "UTM_Y": 5233999.5494140675, "price": 244.00000000000011 }, "geometry": { "type": "Point", "coordinates": [ 552205.08741989696864, 5233999.549414067529142 ] } },
{ "type": "Feature", "properties": { "bathrooms": 1.0, "sqft_living": 1520, "sqft_lot": 8320, "grade": 6, "condition": 3, "waterfront": 0, "view": 0, "age": 62, "UTM_X": 549826.08767239156, "UTM_Y": 5290940.1875293022, "price": 299.00000000000023 }, "geometry": { "type": "Point", "coordinates": [ 549826.087672391557135, 5290940.187529302202165 ] } },
{ "type": "Feature", "properties": { "bathrooms": 2.5, "sqft_living": 3410, "sqft_lot": 4726, "grade": 9, "condition": 3, "waterfront": 0, "view": 0, "age": 8, "UTM_X": 561401.9943632863, "UTM_Y": 5266153.5155885657, "price": 800.00000000000034 }, "geometry": { "type": "Point", "coordinates": [ 561401.994363286299631, 5266153.515588565729558 ] } },
{ "type": "Feature", "properties": { "bathrooms": 2.25, "sqft_living": 2300, "sqft_lot": 7200, "grade": 8, "condition": 4, "waterfront": 0, "view": 0, "age": 37, "UTM_X": 550779.43090907449, "UTM_Y": 5241389.0150225963, "price": 287.00000000000006 }, "geometry": { "type": "Point", "coordinates": [ 550779.430909074493684, 5241389.015022596344352 ] } },
{ "type": "Feature", "properties": { "bathrooms": 1.0, "sqft_living": 860, "sqft_lot": 9403, "grade": 6, "condition": 4, "waterfront": 0, "view": 0, "age": 73, "UTM_X": 562069.0361183146, "UTM_Y": 5281232.4890824556, "price": 399.00000000000011 }, "geometry": { "type": "Point", "coordinates": [ 562069.036118314601481, 5281232.489082455635071 ] } },
{ "type": "Feature", "properties": { "bathrooms": 1.0, "sqft_living": 1020, "sqft_lot": 5950, "grade": 6, "condition": 3, "waterfront": 0, "view": 0, "age": 65, "UTM_X": 548386.34033884329, "UTM_Y": 5265775.6058295397, "price": 385.00000000000028 }, "geometry": { "type": "Point", "coordinates": [ 548386.340338843292557, 5265775.605829539708793 ] } },
{ "type": "Feature", "properties": { "bathrooms": 2.75, "sqft_living": 2610, "sqft_lot": 5000, "grade": 7, "condition": 4, "waterfront": 0, "view": 0, "age": 69, "UTM_X": 547066.18418050313, "UTM_Y": 5280135.855783456, "price": 608.00000000000023 }, "geometry": { "type": "Point", "coordinates": [ 547066.184180503129028, 5280135.855783456005156 ] } },
{ "type": "Feature", "properties": { "bathrooms": 4.5, "sqft_living": 4510, "sqft_lot": 12873, "grade": 12, "condition": 3, "waterfront": 0, "view": 2, "age": 17, "UTM_X": 560004.68043025874, "UTM_Y": 5277609.5566418404, "price": 1814.9999999999993 }, "geometry": { "type": "Point", "coordinates": [ 560004.680430258740671, 5277609.55664184037596 ] } },
{ "type": "Feature", "properties": { "bathrooms": 2.75, "sqft_living": 2090, "sqft_lot": 9620, "grade": 8, "condition": 3, "waterfront": 0, "view": 0, "age": 28, "UTM_X": 550146.51221761887, "UTM_Y": 5235837.7221608795, "price": 300.00000000000011 }, "geometry": { "type": "Point", "coordinates": [ 550146.512217618874274, 5235837.722160879522562 ] } },
{ "type": "Feature", "properties": { "bathrooms": 1.75, "sqft_living": 1890, "sqft_lot": 9920, "grade": 7, "condition": 3, "waterfront": 0, "view": 0, "age": 71, "UTM_X": 552036.01632712851, "UTM_Y": 5286824.8522987803, "price": 385.00000000000028 }, "geometry": { "type": "Point", "coordinates": [ 552036.016327128512785, 5286824.852298780344427 ] } },
{ "type": "Feature", "properties": { "bathrooms": 2.75, "sqft_living": 2470, "sqft_lot": 7200, "grade": 7, "condition": 5, "waterfront": 0, "view": 0, "age": 75, "UTM_X": 551377.30111132714, "UTM_Y": 5267968.465727184, "price": 525.00000000000011 }, "geometry": { "type": "Point", "coordinates": [ 551377.301111327135004, 5267968.465727183967829 ] } },
{ "type": "Feature", "properties": { "bathrooms": 2.75, "sqft_living": 2600, "sqft_lot": 8160, "grade": 8, "condition": 3, "waterfront": 0, "view": 0, "age": 0, "UTM_X": 549484.72261205106, "UTM_Y": 5287035.9542700425, "price": 628.00000000000057 }, "geometry": { "type": "Point", "coordinates": [ 549484.722612051060423, 5287035.954270042479038 ] } },
{ "type": "Feature", "properties": { "bathrooms": 2.5, "sqft_living": 3020, "sqft_lot": 13122, "grade": 9, "condition": 3, "waterfront": 0, "view": 0, "age": 18, "UTM_X": 566700.11334000085, "UTM_Y": 5283217.828376553, "price": 750.00000000000011 }, "geometry": { "type": "Point", "coordinates": [ 566700.113340000854805, 5283217.828376553021371 ] } },
{ "type": "Feature", "properties": { "bathrooms": 2.75, "sqft_living": 2500, "sqft_lot": 12848, "grade": 8, "condition": 3, "waterfront": 0, "view": 1, "age": 40, "UTM_X": 551296.37317469146, "UTM_Y": 5242771.63916081, "price": 390.00000000000028 }, "geometry": { "type": "Point", "coordinates": [ 551296.37317469145637, 5242771.639160810038447 ] } },
{ "type": "Feature", "properties": { "bathrooms": 2.25, "sqft_living": 1453, "sqft_lot": 2225, "grade": 8, "condition": 4, "waterfront": 0, "view": 0, "age": 29, "UTM_X": 561104.49236437969, "UTM_Y": 5265816.9523450891, "price": 460.00000000000023 }, "geometry": { "type": "Point", "coordinates": [ 561104.492364379693754, 5265816.952345089055598 ] } },
{ "type": "Feature", "properties": { "bathrooms": 2.0, "sqft_living": 1940, "sqft_lot": 6350, "grade": 7, "condition": 4, "waterfront": 0, "view": 0, "age": 64, "UTM_X": 548247.03196426213, "UTM_Y": 5282579.6423940146, "price": 446.00000000000006 }, "geometry": { "type": "Point", "coordinates": [ 548247.031964262132533, 5282579.642394014634192 ] } },
{ "type": "Feature", "properties": { "bathrooms": 2.5, "sqft_living": 2238, "sqft_lot": 7209, "grade": 8, "condition": 3, "waterfront": 0, "view": 0, "age": 4, "UTM_X": 548915.5971067776, "UTM_Y": 5238328.0148198754, "price": 329.99999999999972 }, "geometry": { "type": "Point", "coordinates": [ 548915.597106777597219, 5238328.014819875359535 ] } },
{ "type": "Feature", "properties": { "bathrooms": 1.75, "sqft_living": 1510, "sqft_lot": 4800, "grade": 7, "condition": 3, "waterfront": 0, "view": 2, "age": 90, "UTM_X": 547236.81531191489, "UTM_Y": 5268333.6240874808, "price": 464.9999999999996 }, "geometry": { "type": "Point", "coordinates": [ 547236.815311914891936, 5268333.624087480828166 ] } },
{ "type": "Feature", "properties": { "bathrooms": 2.25, "sqft_living": 1500, "sqft_lot": 5393, "grade": 7, "condition": 3, "waterfront": 0, "view": 0, "age": 16, "UTM_X": 555676.60543220129, "UTM_Y": 5242967.0411286661, "price": 210.00000000000011 }, "geometry": { "type": "Point", "coordinates": [ 555676.605432201293297, 5242967.041128666140139 ] } },
{ "type": "Feature", "properties": { "bathrooms": 1.75, "sqft_living": 1770, "sqft_lot": 12462, "grade": 8, "condition": 4, "waterfront": 0, "view": 2, "age": 53, "UTM_X": 549918.4293987347, "UTM_Y": 5253773.8957561264, "price": 638.5 }, "geometry": { "type": "Point", "coordinates": [ 549918.429398734704591, 5253773.895756126381457 ] } },
{ "type": "Feature", "properties": { "bathrooms": 2.5, "sqft_living": 3320, "sqft_lot": 7429, "grade": 9, "condition": 3, "waterfront": 0, "view": 0, "age": 1, "UTM_X": 558124.7026037852, "UTM_Y": 5285348.7447346263, "price": 799.95 }, "geometry": { "type": "Point", "coordinates": [ 558124.702603785204701, 5285348.74473462626338 ] } },
{ "type": "Feature", "properties": { "bathrooms": 2.5, "sqft_living": 2260, "sqft_lot": 9686, "grade": 7, "condition": 4, "waterfront": 0, "view": 0, "age": 50, "UTM_X": 559133.86657951924, "UTM_Y": 5237243.562191491, "price": 224.95 }, "geometry": { "type": "Point", "coordinates": [ 559133.866579519235529, 5237243.562191491015255 ] } },
{ "type": "Feature", "properties": { "bathrooms": 1.5, "sqft_living": 1960, "sqft_lot": 4500, "grade": 7, "condition": 3, "waterfront": 0, "view": 2, "age": 93, "UTM_X": 548110.84833873867, "UTM_Y": 5280900.1980318334, "price": 659.99999999999955 }, "geometry": { "type": "Point", "coordinates": [ 548110.848338738665916, 5280900.198031833395362 ] } },
{ "type": "Feature", "properties": { "bathrooms": 2.0, "sqft_living": 1890, "sqft_lot": 6050, "grade": 7, "condition": 4, "waterfront": 0, "view": 0, "age": 71, "UTM_X": 557085.48567103653, "UTM_Y": 5261208.196460397, "price": 339.95 }, "geometry": { "type": "Point", "coordinates": [ 557085.485671036527492, 5261208.196460396982729 ] } },
{ "type": "Feature", "properties": { "bathrooms": 1.75, "sqft_living": 2390, "sqft_lot": 6000, "grade": 6, "condition": 3, "waterfront": 0, "view": 0, "age": 107, "UTM_X": 555091.39404395665, "UTM_Y": 5265012.4918075679, "price": 404.99999999999972 }, "geometry": { "type": "Point", "coordinates": [ 555091.394043956650421, 5265012.491807567887008 ] } },
{ "type": "Feature", "properties": { "bathrooms": 2.25, "sqft_living": 2040, "sqft_lot": 9565, "grade": 8, "condition": 3, "waterfront": 0, "view": 0, "age": 56, "UTM_X": 549858.84157366049, "UTM_Y": 5287128.0742541915, "price": 450.00000000000028 }, "geometry": { "type": "Point", "coordinates": [ 549858.84157366049476, 5287128.074254191480577 ] } },
{ "type": "Feature", "properties": { "bathrooms": 2.5, "sqft_living": 2040, "sqft_lot": 10033, "grade": 8, "condition": 4, "waterfront": 0, "view": 0, "age": 41, "UTM_X": 562121.21138493903, "UTM_Y": 5276342.4098580536, "price": 726.0 }, "geometry": { "type": "Point", "coordinates": [ 562121.211384939029813, 5276342.409858053550124 ] } },
{ "type": "Feature", "properties": { "bathrooms": 2.5, "sqft_living": 1630, "sqft_lot": 1587, "grade": 8, "condition": 3, "waterfront": 0, "view": 0, "age": 11, "UTM_X": 545568.00949894707, "UTM_Y": 5279723.802815971, "price": 557.00000000000057 }, "geometry": { "type": "Point", "coordinates": [ 545568.009498947067186, 5279723.80281597096473 ] } },
{ "type": "Feature", "properties": { "bathrooms": 2.25, "sqft_living": 2950, "sqft_lot": 11200, "grade": 7, "condition": 4, "waterfront": 0, "view": 0, "age": 45, "UTM_X": 568436.95740677021, "UTM_Y": 5288651.2494965317, "price": 395.00000000000028 }, "geometry": { "type": "Point", "coordinates": [ 568436.957406770205125, 5288651.249496531672776 ] } },
{ "type": "Feature", "properties": { "bathrooms": 1.75, "sqft_living": 2520, "sqft_lot": 7200, "grade": 7, "condition": 5, "waterfront": 0, "view": 2, "age": 60, "UTM_X": 560872.14285609848, "UTM_Y": 5259212.3686338402, "price": 434.99999999999966 }, "geometry": { "type": "Point", "coordinates": [ 560872.14285609847866, 5259212.368633840233088 ] } },
{ "type": "Feature", "properties": { "bathrooms": 1.0, "sqft_living": 1410, "sqft_lot": 7000, "grade": 7, "condition": 3, "waterfront": 0, "view": 0, "age": 47, "UTM_X": 558528.60381278221, "UTM_Y": 5259999.8425594885, "price": 175.0 }, "geometry": { "type": "Point", "coordinates": [ 558528.603812782210298, 5259999.842559488490224 ] } },
{ "type": "Feature", "properties": { "bathrooms": 1.75, "sqft_living": 2200, "sqft_lot": 7200, "grade": 8, "condition": 3, "waterfront": 0, "view": 0, "age": 53, "UTM_X": 554656.61377919733, "UTM_Y": 5247036.3993935948, "price": 265.00000000000006 }, "geometry": { "type": "Point", "coordinates": [ 554656.613779197330587, 5247036.399393594823778 ] } },
{ "type": "Feature", "properties": { "bathrooms": 2.25, "sqft_living": 2430, "sqft_lot": 4748, "grade": 8, "condition": 3, "waterfront": 0, "view": 0, "age": 87, "UTM_X": 545937.38036818209, "UTM_Y": 5270957.3684013328, "price": 723.00000000000023 }, "geometry": { "type": "Point", "coordinates": [ 545937.380368182086386, 5270957.368401332758367 ] } },
{ "type": "Feature", "properties": { "bathrooms": 1.0, "sqft_living": 1010, "sqft_lot": 4000, "grade": 7, "condition": 3, "waterfront": 0, "view": 0, "age": 68, "UTM_X": 546516.1283763533, "UTM_Y": 5264371.1279289899, "price": 336.99999999999994 }, "geometry": { "type": "Point", "coordinates": [ 546516.128376353299245, 5264371.127928989939392 ] } },
{ "type": "Feature", "properties": { "bathrooms": 2.25, "sqft_living": 1430, "sqft_lot": 1383, "grade": 8, "condition": 3, "waterfront": 0, "view": 0, "age": 10, "UTM_X": 549450.50610693148, "UTM_Y": 5282245.1995563535, "price": 397.5 }, "geometry": { "type": "Point", "coordinates": [ 549450.506106931483373, 5282245.199556353501976 ] } },
{ "type": "Feature", "properties": { "bathrooms": 1.0, "sqft_living": 1270, "sqft_lot": 6900, "grade": 7, "condition": 3, "waterfront": 0, "view": 0, "age": 38, "UTM_X": 560589.23722206918, "UTM_Y": 5286374.2967822477, "price": 379.95 }, "geometry": { "type": "Point", "coordinates": [ 560589.237222069175914, 5286374.296782247722149 ] } },
{ "type": "Feature", "properties": { "bathrooms": 1.0, "sqft_living": 1140, "sqft_lot": 9639, "grade": 7, "condition": 4, "waterfront": 0, "view": 0, "age": 48, "UTM_X": 555553.39784279803, "UTM_Y": 5240009.5034463238, "price": 230.00000000000009 }, "geometry": { "type": "Point", "coordinates": [ 555553.397842798032798, 5240009.503446323797107 ] } },
{ "type": "Feature", "properties": { "bathrooms": 2.0, "sqft_living": 1420, "sqft_lot": 4080, "grade": 7, "condition": 3, "waterfront": 0, "view": 0, "age": 110, "UTM_X": 548854.40129267424, "UTM_Y": 5281739.9980299054, "price": 485.00000000000034 }, "geometry": { "type": "Point", "coordinates": [ 548854.40129267424345, 5281739.998029905371368 ] } },
{ "type": "Feature", "properties": { "bathrooms": 2.0, "sqft_living": 2730, "sqft_lot": 12000, "grade": 8, "condition": 4, "waterfront": 0, "view": 0, "age": 17, "UTM_X": 554617.79645172344, "UTM_Y": 5291361.2611723542, "price": 504.99999999999949 }, "geometry": { "type": "Point", "coordinates": [ 554617.796451723435894, 5291361.261172354221344 ] } },
{ "type": "Feature", "properties": { "bathrooms": 1.75, "sqft_living": 2140, "sqft_lot": 9484, "grade": 7, "condition": 3, "waterfront": 0, "view": 0, "age": 62, "UTM_X": 560785.47374212265, "UTM_Y": 5274761.1046902174, "price": 650.00000000000011 }, "geometry": { "type": "Point", "coordinates": [ 560785.47374212264549, 5274761.104690217413008 ] } },
{ "type": "Feature", "properties": { "bathrooms": 1.5, "sqft_living": 1070, "sqft_lot": 1236, "grade": 8, "condition": 3, "waterfront": 0, "view": 0, "age": 10, "UTM_X": 546488.88608648104, "UTM_Y": 5267794.1308038514, "price": 401.75 }, "geometry": { "type": "Point", "coordinates": [ 546488.886086481041275, 5267794.130803851410747 ] } },
{ "type": "Feature", "properties": { "bathrooms": 2.25, "sqft_living": 1720, "sqft_lot": 9600, "grade": 7, "condition": 4, "waterfront": 0, "view": 0, "age": 48, "UTM_X": 565625.84401612182, "UTM_Y": 5278670.5743745491, "price": 550.00000000000034 }, "geometry": { "type": "Point", "coordinates": [ 565625.844016121816821, 5278670.574374549090862 ] } },
{ "type": "Feature", "properties": { "bathrooms": 2.5, "sqft_living": 2320, "sqft_lot": 5000, "grade": 8, "condition": 3, "waterfront": 0, "view": 0, "age": 108, "UTM_X": 553192.25463103328, "UTM_Y": 5275175.891981801, "price": 900.00000000000068 }, "geometry": { "type": "Point", "coordinates": [ 553192.254631033283658, 5275175.891981801018119 ] } },
{ "type": "Feature", "properties": { "bathrooms": 1.75, "sqft_living": 1600, "sqft_lot": 8156, "grade": 7, "condition": 5, "waterfront": 0, "view": 0, "age": 67, "UTM_X": 552478.85889072868, "UTM_Y": 5287606.8819457265, "price": 393.5 }, "geometry": { "type": "Point", "coordinates": [ 552478.85889072867576, 5287606.881945726461709 ] } },
{ "type": "Feature", "properties": { "bathrooms": 2.0, "sqft_living": 1620, "sqft_lot": 4600, "grade": 7, "condition": 3, "waterfront": 0, "view": 0, "age": 106, "UTM_X": 552139.24965450715, "UTM_Y": 5266885.9942715382, "price": 375.0 }, "geometry": { "type": "Point", "coordinates": [ 552139.24965450714808, 5266885.994271538220346 ] } },
{ "type": "Feature", "properties": { "bathrooms": 1.75, "sqft_living": 2120, "sqft_lot": 7680, "grade": 7, "condition": 4, "waterfront": 0, "view": 0, "age": 65, "UTM_X": 547926.35753814795, "UTM_Y": 5285066.6834227014, "price": 379.4 }, "geometry": { "type": "Point", "coordinates": [ 547926.357538147945888, 5285066.683422701433301 ] } },
{ "type": "Feature", "properties": { "bathrooms": 1.5, "sqft_living": 870, "sqft_lot": 747, "grade": 8, "condition": 3, "waterfront": 0, "view": 0, "age": 11, "UTM_X": 549370.74778477836, "UTM_Y": 5282800.2578379065, "price": 312.99999999999989 }, "geometry": { "type": "Point", "coordinates": [ 549370.747784778359346, 5282800.257837906479836 ] } },
{ "type": "Feature", "properties": { "bathrooms": 2.75, "sqft_living": 2500, "sqft_lot": 11659, "grade": 9, "condition": 3, "waterfront": 0, "view": 2, "age": 36, "UTM_X": 550463.74006457743, "UTM_Y": 5242953.3806699635, "price": 350.0 }, "geometry": { "type": "Point", "coordinates": [ 550463.740064577432349, 5242953.380669963546097 ] } },
{ "type": "Feature", "properties": { "bathrooms": 2.0, "sqft_living": 1700, "sqft_lot": 4250, "grade": 6, "condition": 3, "waterfront": 0, "view": 0, "age": 71, "UTM_X": 546181.88990112999, "UTM_Y": 5278050.3435040424, "price": 409.99999999999994 }, "geometry": { "type": "Point", "coordinates": [ 546181.889901129994541, 5278050.343504042364657 ] } },
{ "type": "Feature", "properties": { "bathrooms": 2.5, "sqft_living": 2240, "sqft_lot": 7565, "grade": 8, "condition": 3, "waterfront": 0, "view": 0, "age": 16, "UTM_X": 552795.24084991368, "UTM_Y": 5244129.7024689643, "price": 349.95 }, "geometry": { "type": "Point", "coordinates": [ 552795.240849913679995, 5244129.702468964271247 ] } },
{ "type": "Feature", "properties": { "bathrooms": 1.0, "sqft_living": 1420, "sqft_lot": 8800, "grade": 6, "condition": 4, "waterfront": 0, "view": 0, "age": 34, "UTM_X": 561828.25266120164, "UTM_Y": 5247118.5722303754, "price": 247.99999999999983 }, "geometry": { "type": "Point", "coordinates": [ 561828.252661201637238, 5247118.572230375371873 ] } },
{ "type": "Feature", "properties": { "bathrooms": 2.5, "sqft_living": 2180, "sqft_lot": 4000, "grade": 8, "condition": 3, "waterfront": 0, "view": 0, "age": 13, "UTM_X": 554996.15015842114, "UTM_Y": 5267134.484679075, "price": 607.01 }, "geometry": { "type": "Point", "coordinates": [ 554996.150158421136439, 5267134.484679074957967 ] } },
{ "type": "Feature", "properties": { "bathrooms": 1.5, "sqft_living": 1680, "sqft_lot": 10500, "grade": 7, "condition": 3, "waterfront": 0, "view": 0, "age": 53, "UTM_X": 562595.48207827704, "UTM_Y": 5281138.0955662262, "price": 525.00000000000011 }, "geometry": { "type": "Point", "coordinates": [ 562595.482078277040273, 5281138.095566226169467 ] } },
{ "type": "Feature", "properties": { "bathrooms": 1.75, "sqft_living": 1940, "sqft_lot": 7306, "grade": 8, "condition": 3, "waterfront": 0, "view": 0, "age": 33, "UTM_X": 563592.32073829102, "UTM_Y": 5279214.8721866263, "price": 630.00000000000057 }, "geometry": { "type": "Point", "coordinates": [ 563592.320738291018642, 5279214.872186626307666 ] } },
{ "type": "Feature", "properties": { "bathrooms": 2.25, "sqft_living": 3740, "sqft_lot": 18000, "grade": 9, "condition": 4, "waterfront": 0, "view": 0, "age": 64, "UTM_X": 546664.26828381582, "UTM_Y": 5283444.7784142066, "price": 1150.0000000000002 }, "geometry": { "type": "Point", "coordinates": [ 546664.268283815821633, 5283444.778414206579328 ] } },
{ "type": "Feature", "properties": { "bathrooms": 2.25, "sqft_living": 1650, "sqft_lot": 10000, "grade": 7, "condition": 3, "waterfront": 0, "view": 0, "age": 27, "UTM_X": 551700.97592504567, "UTM_Y": 5248310.0189186595, "price": 266.75 }, "geometry": { "type": "Point", "coordinates": [ 551700.97592504567001, 5248310.018918659538031 ] } },
{ "type": "Feature", "properties": { "bathrooms": 1.0, "sqft_living": 870, "sqft_lot": 8040, "grade": 7, "condition": 3, "waterfront": 0, "view": 0, "age": 62, "UTM_X": 547412.59055094491, "UTM_Y": 5283684.2440642528, "price": 275.99999999999972 }, "geometry": { "type": "Point", "coordinates": [ 547412.590550944907591, 5283684.244064252823591 ] } },
{ "type": "Feature", "properties": { "bathrooms": 2.5, "sqft_living": 1570, "sqft_lot": 5113, "grade": 7, "condition": 3, "waterfront": 0, "view": 0, "age": 19, "UTM_X": 553642.06591701228, "UTM_Y": 5242381.3255882235, "price": 255.99999999999974 }, "geometry": { "type": "Point", "coordinates": [ 553642.065917012281716, 5242381.325588223524392 ] } },
{ "type": "Feature", "properties": { "bathrooms": 2.25, "sqft_living": 1800, "sqft_lot": 2752, "grade": 8, "condition": 3, "waterfront": 0, "view": 0, "age": 1, "UTM_X": 549239.26954866003, "UTM_Y": 5262792.958027211, "price": 352.8 }, "geometry": { "type": "Point", "coordinates": [ 549239.269548660027795, 5262792.958027211017907 ] } },
{ "type": "Feature", "properties": { "bathrooms": 2.25, "sqft_living": 2440, "sqft_lot": 9689, "grade": 8, "condition": 4, "waterfront": 0, "view": 2, "age": 41, "UTM_X": 566808.20375876105, "UTM_Y": 5273793.3308511032, "price": 954.5 }, "geometry": { "type": "Point", "coordinates": [ 566808.203758761053905, 5273793.330851103179157 ] } },
{ "type": "Feature", "properties": { "bathrooms": 1.0, "sqft_living": 1190, "sqft_lot": 5000, "grade": 7, "condition": 3, "waterfront": 0, "view": 0, "age": 90, "UTM_X": 546480.21524557821, "UTM_Y": 5268883.2719109654, "price": 487.5 }, "geometry": { "type": "Point", "coordinates": [ 546480.215245578205213, 5268883.271910965442657 ] } },
{ "type": "Feature", "properties": { "bathrooms": 2.5, "sqft_living": 3080, "sqft_lot": 13870, "grade": 9, "condition": 4, "waterfront": 0, "view": 0, "age": 34, "UTM_X": 563945.70074679609, "UTM_Y": 5274383.6694054799, "price": 841.0 }, "geometry": { "type": "Point", "coordinates": [ 563945.700746796093881, 5274383.66940547991544 ] } },
{ "type": "Feature", "properties": { "bathrooms": 1.75, "sqft_living": 2290, "sqft_lot": 10290, "grade": 7, "condition": 3, "waterfront": 0, "view": 0, "age": 55, "UTM_X": 547518.6308347634, "UTM_Y": 5261422.7808908233, "price": 343.00000000000023 }, "geometry": { "type": "Point", "coordinates": [ 547518.630834763403982, 5261422.780890823341906 ] } },
{ "type": "Feature", "properties": { "bathrooms": 1.5, "sqft_living": 1110, "sqft_lot": 1150, "grade": 8, "condition": 3, "waterfront": 0, "view": 0, "age": 8, "UTM_X": 552175.13593371538, "UTM_Y": 5271287.684343284, "price": 190.5 }, "geometry": { "type": "Point", "coordinates": [ 552175.135933715384454, 5271287.684343283995986 ] } },
{ "type": "Feature", "properties": { "bathrooms": 2.5, "sqft_living": 2600, "sqft_lot": 5100, "grade": 8, "condition": 3, "waterfront": 0, "view": 1, "age": 17, "UTM_X": 559854.11189575109, "UTM_Y": 5262980.8668176671, "price": 583.00000000000057 }, "geometry": { "type": "Point", "coordinates": [ 559854.111895751091652, 5262980.866817667149007 ] } },
{ "type": "Feature", "properties": { "bathrooms": 1.0, "sqft_living": 780, "sqft_lot": 16344, "grade": 5, "condition": 1, "waterfront": 0, "view": 0, "age": 73, "UTM_X": 554252.41693206027, "UTM_Y": 5258080.3101120181, "price": 78.000000000000071 }, "geometry": { "type": "Point", "coordinates": [ 554252.416932060266845, 5258080.31011201813817 ] } },
{ "type": "Feature", "properties": { "bathrooms": 2.5, "sqft_living": 2200, "sqft_lot": 9696, "grade": 8, "condition": 3, "waterfront": 0, "view": 0, "age": 28, "UTM_X": 559965.25262590637, "UTM_Y": 5252111.9030566392, "price": 364.99999999999994 }, "geometry": { "type": "Point", "coordinates": [ 559965.252625906374305, 5252111.903056639246643 ] } },
{ "type": "Feature", "properties": { "bathrooms": 2.75, "sqft_living": 1930, "sqft_lot": 13041, "grade": 8, "condition": 4, "waterfront": 0, "view": 0, "age": 35, "UTM_X": 568583.45677375176, "UTM_Y": 5288941.9828290734, "price": 469.5 }, "geometry": { "type": "Point", "coordinates": [ 568583.456773751764558, 5288941.982829073444009 ] } },
{ "type": "Feature", "properties": { "bathrooms": 1.0, "sqft_living": 960, "sqft_lot": 5700, "grade": 5, "condition": 4, "waterfront": 0, "view": 0, "age": 59, "UTM_X": 562361.34684372763, "UTM_Y": 5260873.0224953433, "price": 208.95 }, "geometry": { "type": "Point", "coordinates": [ 562361.346843727631494, 5260873.022495343349874 ] } },
{ "type": "Feature", "properties": { "bathrooms": 1.0, "sqft_living": 780, "sqft_lot": 13500, "grade": 7, "condition": 4, "waterfront": 0, "view": 0, "age": 69, "UTM_X": 569423.77261666558, "UTM_Y": 5287629.2286471454, "price": 305.99999999999977 }, "geometry": { "type": "Point", "coordinates": [ 569423.772616665577516, 5287629.228647145442665 ] } },
{ "type": "Feature", "properties": { "bathrooms": 1.75, "sqft_living": 1440, "sqft_lot": 6144, "grade": 6, "condition": 5, "waterfront": 0, "view": 0, "age": 68, "UTM_X": 548402.81007188279, "UTM_Y": 5263786.2681633681, "price": 339.888 }, "geometry": { "type": "Point", "coordinates": [ 548402.810071882791817, 5263786.268163368105888 ] } },
{ "type": "Feature", "properties": { "bathrooms": 1.0, "sqft_living": 800, "sqft_lot": 5100, "grade": 7, "condition": 3, "waterfront": 0, "view": 0, "age": 70, "UTM_X": 545936.16538396652, "UTM_Y": 5280638.0938424002, "price": 439.0000000000004 }, "geometry": { "type": "Point", "coordinates": [ 545936.165383966523223, 5280638.093842400237918 ] } },
{ "type": "Feature", "properties": { "bathrooms": 2.0, "sqft_living": 2950, "sqft_lot": 12196, "grade": 7, "condition": 4, "waterfront": 0, "view": 0, "age": 97, "UTM_X": 547851.00005963515, "UTM_Y": 5257613.2944069421, "price": 494.99999999999966 }, "geometry": { "type": "Point", "coordinates": [ 547851.00005963514559, 5257613.294406942091882 ] } },
{ "type": "Feature", "properties": { "bathrooms": 2.0, "sqft_living": 2900, "sqft_lot": 11970, "grade": 7, "condition": 4, "waterfront": 0, "view": 0, "age": 46, "UTM_X": 567845.87168810633, "UTM_Y": 5287910.6858598655, "price": 310.00000000000028 }, "geometry": { "type": "Point", "coordinates": [ 567845.871688106330112, 5287910.685859865508974 ] } },
{ "type": "Feature", "properties": { "bathrooms": 1.0, "sqft_living": 1000, "sqft_lot": 3513, "grade": 5, "condition": 4, "waterfront": 0, "view": 4, "age": 101, "UTM_X": 545859.48828556924, "UTM_Y": 5271301.3026670301, "price": 715.00000000000068 }, "geometry": { "type": "Point", "coordinates": [ 545859.48828556924127, 5271301.302667030133307 ] } },
{ "type": "Feature", "properties": { "bathrooms": 3.0, "sqft_living": 2970, "sqft_lot": 7000, "grade": 8, "condition": 3, "waterfront": 0, "view": 0, "age": 36, "UTM_X": 549812.22268966062, "UTM_Y": 5239591.4016617881, "price": 320.00000000000023 }, "geometry": { "type": "Point", "coordinates": [ 549812.222689660615288, 5239591.401661788113415 ] } },
{ "type": "Feature", "properties": { "bathrooms": 1.75, "sqft_living": 1620, "sqft_lot": 12825, "grade": 8, "condition": 3, "waterfront": 0, "view": 0, "age": 53, "UTM_X": 551149.43198897364, "UTM_Y": 5242292.4555985034, "price": 298.00000000000006 }, "geometry": { "type": "Point", "coordinates": [ 551149.43198897363618, 5242292.455598503351212 ] } },
{ "type": "Feature", "properties": { "bathrooms": 3.5, "sqft_living": 3590, "sqft_lot": 5335, "grade": 9, "condition": 3, "waterfront": 0, "view": 2, "age": 9, "UTM_X": 555019.64060174627, "UTM_Y": 5280572.4335023817, "price": 1204.9999999999998 }, "geometry": { "type": "Point", "coordinates": [ 555019.640601746272296, 5280572.433502381667495 ] } },
{ "type": "Feature", "properties": { "bathrooms": 1.0, "sqft_living": 1280, "sqft_lot": 10000, "grade": 7, "condition": 4, "waterfront": 0, "view": 0, "age": 61, "UTM_X": 564756.43532633106, "UTM_Y": 5269046.2796396427, "price": 473.0 }, "geometry": { "type": "Point", "coordinates": [ 564756.435326331062242, 5269046.279639642685652 ] } },
{ "type": "Feature", "properties": { "bathrooms": 1.0, "sqft_living": 710, "sqft_lot": 14000, "grade": 6, "condition": 4, "waterfront": 0, "view": 0, "age": 62, "UTM_X": 549991.56128162518, "UTM_Y": 5254041.2601787411, "price": 239.00000000000014 }, "geometry": { "type": "Point", "coordinates": [ 549991.561281625181437, 5254041.260178741067648 ] } },
{ "type": "Feature", "properties": { "bathrooms": 1.0, "sqft_living": 1220, "sqft_lot": 8500, "grade": 6, "condition": 5, "waterfront": 0, "view": 0, "age": 99, "UTM_X": 554472.98951293249, "UTM_Y": 5258671.423059959, "price": 257.99999999999994 }, "geometry": { "type": "Point", "coordinates": [ 554472.989512932486832, 5258671.423059958964586 ] } },
{ "type": "Feature", "properties": { "bathrooms": 1.75, "sqft_living": 1670, "sqft_lot": 9600, "grade": 8, "condition": 5, "waterfront": 0, "view": 0, "age": 54, "UTM_X": 557682.49332867784, "UTM_Y": 5269394.4570314651, "price": 785.00000000000034 }, "geometry": { "type": "Point", "coordinates": [ 557682.4933286778396, 5269394.457031465135515 ] } },
{ "type": "Feature", "properties": { "bathrooms": 1.75, "sqft_living": 2000, "sqft_lot": 10890, "grade": 7, "condition": 4, "waterfront": 0, "view": 0, "age": 54, "UTM_X": 551311.96396823681, "UTM_Y": 5240982.4115415812, "price": 335.00000000000028 }, "geometry": { "type": "Point", "coordinates": [ 551311.963968236814253, 5240982.41154158115387 ] } },
{ "type": "Feature", "properties": { "bathrooms": 2.5, "sqft_living": 2290, "sqft_lot": 8319, "grade": 8, "condition": 3, "waterfront": 0, "view": 0, "age": 30, "UTM_X": 564126.08428591001, "UTM_Y": 5244108.915098384, "price": 339.95 }, "geometry": { "type": "Point", "coordinates": [ 564126.084285910008475, 5244108.915098384022713 ] } },
{ "type": "Feature", "properties": { "bathrooms": 4.0, "sqft_living": 3600, "sqft_lot": 6224, "grade": 9, "condition": 3, "waterfront": 0, "view": 0, "age": 70, "UTM_X": 544680.983172826, "UTM_Y": 5277916.3698580815, "price": 1112.5 }, "geometry": { "type": "Point", "coordinates": [ 544680.983172826003283, 5277916.369858081452549 ] } },
{ "type": "Feature", "properties": { "bathrooms": 2.5, "sqft_living": 2260, "sqft_lot": 13600, "grade": 8, "condition": 4, "waterfront": 0, "view": 0, "age": 41, "UTM_X": 557717.40944605006, "UTM_Y": 5265860.3195081456, "price": 864.9999999999992 }, "geometry": { "type": "Point", "coordinates": [ 557717.409446050063707, 5265860.319508145563304 ] } },
{ "type": "Feature", "properties": { "bathrooms": 1.0, "sqft_living": 1290, "sqft_lot": 4636, "grade": 7, "condition": 3, "waterfront": 0, "view": 0, "age": 91, "UTM_X": 552504.56388071354, "UTM_Y": 5276447.8447375316, "price": 600.00000000000034 }, "geometry": { "type": "Point", "coordinates": [ 552504.563880713540129, 5276447.844737531617284 ] } },
{ "type": "Feature", "properties": { "bathrooms": 3.5, "sqft_living": 3230, "sqft_lot": 7200, "grade": 10, "condition": 3, "waterfront": 0, "view": 1, "age": 15, "UTM_X": 559139.37719262508, "UTM_Y": 5281457.6033262508, "price": 1384.9999999999986 }, "geometry": { "type": "Point", "coordinates": [ 559139.377192625077441, 5281457.603326250799 ] } },
{ "type": "Feature", "properties": { "bathrooms": 1.0, "sqft_living": 620, "sqft_lot": 8261, "grade": 5, "condition": 3, "waterfront": 0, "view": 0, "age": 76, "UTM_X": 547886.70357444161, "UTM_Y": 5262459.4127267925, "price": 148.00000000000003 }, "geometry": { "type": "Point", "coordinates": [ 547886.703574441606179, 5262459.412726792506874 ] } },
{ "type": "Feature", "properties": { "bathrooms": 2.0, "sqft_living": 1290, "sqft_lot": 9041, "grade": 7, "condition": 3, "waterfront": 0, "view": 0, "age": 59, "UTM_X": 553362.01140904101, "UTM_Y": 5264818.6152300276, "price": 275.00000000000011 }, "geometry": { "type": "Point", "coordinates": [ 553362.011409041006118, 5264818.615230027586222 ] } },
{ "type": "Feature", "properties": { "bathrooms": 1.5, "sqft_living": 1310, "sqft_lot": 2996, "grade": 7, "condition": 3, "waterfront": 0, "view": 0, "age": 17, "UTM_X": 552706.41579018894, "UTM_Y": 5270736.7292827563, "price": 397.99999999999983 }, "geometry": { "type": "Point", "coordinates": [ 552706.415790188941173, 5270736.729282756336033 ] } },
{ "type": "Feature", "properties": { "bathrooms": 3.5, "sqft_living": 3440, "sqft_lot": 3800, "grade": 9, "condition": 3, "waterfront": 0, "view": 0, "age": 1, "UTM_X": 552052.3929261897, "UTM_Y": 5276610.5063865306, "price": 1284.9999999999989 }, "geometry": { "type": "Point", "coordinates": [ 552052.39292618969921, 5276610.506386530585587 ] } },
{ "type": "Feature", "properties": { "bathrooms": 1.75, "sqft_living": 1620, "sqft_lot": 3360, "grade": 7, "condition": 5, "waterfront": 0, "view": 0, "age": 88, "UTM_X": 547952.57952787378, "UTM_Y": 5281888.095870669, "price": 532.5 }, "geometry": { "type": "Point", "coordinates": [ 547952.579527873778716, 5281888.095870668999851 ] } },
{ "type": "Feature", "properties": { "bathrooms": 1.0, "sqft_living": 1210, "sqft_lot": 9473, "grade": 7, "condition": 5, "waterfront": 0, "view": 0, "age": 60, "UTM_X": 564766.17392980959, "UTM_Y": 5268168.3026528526, "price": 453.00000000000045 }, "geometry": { "type": "Point", "coordinates": [ 564766.173929809592664, 5268168.302652852609754 ] } },
{ "type": "Feature", "properties": { "bathrooms": 1.75, "sqft_living": 1180, "sqft_lot": 900, "grade": 10, "condition": 3, "waterfront": 0, "view": 0, "age": 1, "UTM_X": 550401.19331321737, "UTM_Y": 5276451.4917174196, "price": 664.95 }, "geometry": { "type": "Point", "coordinates": [ 550401.193313217372634, 5276451.491717419587076 ] } },
{ "type": "Feature", "properties": { "bathrooms": 3.0, "sqft_living": 2000, "sqft_lot": 5304, "grade": 7, "condition": 4, "waterfront": 0, "view": 0, "age": 68, "UTM_X": 553668.55090942176, "UTM_Y": 5280559.8101626551, "price": 775.00000000000045 }, "geometry": { "type": "Point", "coordinates": [ 553668.550909421755932, 5280559.810162655077875 ] } },
{ "type": "Feature", "properties": { "bathrooms": 1.0, "sqft_living": 1130, "sqft_lot": 13927, "grade": 6, "condition": 3, "waterfront": 0, "view": 0, "age": 86, "UTM_X": 552725.39488180005, "UTM_Y": 5260289.2487426782, "price": 182.2 }, "geometry": { "type": "Point", "coordinates": [ 552725.394881800049916, 5260289.248742678202689 ] } },
{ "type": "Feature", "properties": { "bathrooms": 1.0, "sqft_living": 1190, "sqft_lot": 9000, "grade": 7, "condition": 3, "waterfront": 0, "view": 0, "age": 47, "UTM_X": 555145.73322091612, "UTM_Y": 5290999.4625568772, "price": 268.3 }, "geometry": { "type": "Point", "coordinates": [ 555145.733220916124992, 5290999.462556877173483 ] } },
{ "type": "Feature", "properties": { "bathrooms": 2.5, "sqft_living": 3020, "sqft_lot": 15164, "grade": 8, "condition": 4, "waterfront": 0, "view": 0, "age": 39, "UTM_X": 560751.08355035761, "UTM_Y": 5270848.2923995256, "price": 780.00000000000068 }, "geometry": { "type": "Point", "coordinates": [ 560751.083550357609056, 5270848.292399525642395 ] } },
{ "type": "Feature", "properties": { "bathrooms": 2.0, "sqft_living": 1980, "sqft_lot": 7200, "grade": 8, "condition": 3, "waterfront": 0, "view": 3, "age": 105, "UTM_X": 547403.62644369691, "UTM_Y": 5275570.501815564, "price": 900.00000000000068 }, "geometry": { "type": "Point", "coordinates": [ 547403.62644369690679, 5275570.501815563999116 ] } },
{ "type": "Feature", "properties": { "bathrooms": 1.5, "sqft_living": 1900, "sqft_lot": 5000, "grade": 7, "condition": 3, "waterfront": 0, "view": 0, "age": 89, "UTM_X": 552991.28450465889, "UTM_Y": 5280742.55213237, "price": 550.00000000000034 }, "geometry": { "type": "Point", "coordinates": [ 552991.284504658891819, 5280742.552132369950414 ] } },
{ "type": "Feature", "properties": { "bathrooms": 1.75, "sqft_living": 1560, "sqft_lot": 9247, "grade": 7, "condition": 3, "waterfront": 0, "view": 0, "age": 26, "UTM_X": 561977.51298196591, "UTM_Y": 5282776.5166909136, "price": 490.00000000000023 }, "geometry": { "type": "Point", "coordinates": [ 561977.512981965905055, 5282776.516690913587809 ] } },
{ "type": "Feature", "properties": { "bathrooms": 1.75, "sqft_living": 1960, "sqft_lot": 8400, "grade": 8, "condition": 4, "waterfront": 0, "view": 0, "age": 48, "UTM_X": 546937.07018129097, "UTM_Y": 5239923.4406374386, "price": 260.00000000000017 }, "geometry": { "type": "Point", "coordinates": [ 546937.070181290968321, 5239923.440637438558042 ] } },
{ "type": "Feature", "properties": { "bathrooms": 1.0, "sqft_living": 1070, "sqft_lot": 7467, "grade": 7, "condition": 3, "waterfront": 0, "view": 0, "age": 71, "UTM_X": 557620.97237203678, "UTM_Y": 5260368.734894664, "price": 200.00000000000003 }, "geometry": { "type": "Point", "coordinates": [ 557620.972372036776505, 5260368.734894664026797 ] } },
{ "type": "Feature", "properties": { "bathrooms": 2.25, "sqft_living": 3320, "sqft_lot": 11350, "grade": 8, "condition": 5, "waterfront": 0, "view": 0, "age": 52, "UTM_X": 559187.15525991772, "UTM_Y": 5269353.9462890374, "price": 989.9 }, "geometry": { "type": "Point", "coordinates": [ 559187.155259917723015, 5269353.94628903735429 ] } },
{ "type": "Feature", "properties": { "bathrooms": 2.25, "sqft_living": 2460, "sqft_lot": 11250, "grade": 8, "condition": 4, "waterfront": 0, "view": 0, "age": 56, "UTM_X": 559551.40463648364, "UTM_Y": 5240826.561952414, "price": 275.99999999999972 }, "geometry": { "type": "Point", "coordinates": [ 559551.404636483639479, 5240826.561952413991094 ] } },
{ "type": "Feature", "properties": { "bathrooms": 3.0, "sqft_living": 2170, "sqft_lot": 2440, "grade": 8, "condition": 4, "waterfront": 0, "view": 0, "age": 104, "UTM_X": 551270.33473571064, "UTM_Y": 5280115.8162690625, "price": 750.5 }, "geometry": { "type": "Point", "coordinates": [ 551270.334735710639507, 5280115.816269062459469 ] } },
{ "type": "Feature", "properties": { "bathrooms": 2.25, "sqft_living": 1950, "sqft_lot": 1968, "grade": 7, "condition": 4, "waterfront": 0, "view": 0, "age": 36, "UTM_X": 560606.52890421567, "UTM_Y": 5263033.0740715088, "price": 358.99999999999983 }, "geometry": { "type": "Point", "coordinates": [ 560606.528904215665534, 5263033.074071508832276 ] } },
{ "type": "Feature", "properties": { "bathrooms": 1.0, "sqft_living": 930, "sqft_lot": 7740, "grade": 5, "condition": 1, "waterfront": 0, "view": 0, "age": 83, "UTM_X": 550949.37322181149, "UTM_Y": 5256628.0168689555, "price": 105.5 }, "geometry": { "type": "Point", "coordinates": [ 550949.373221811489202, 5256628.01686895545572 ] } },
{ "type": "Feature", "properties": { "bathrooms": 1.0, "sqft_living": 1220, "sqft_lot": 17172, "grade": 6, "condition": 4, "waterfront": 0, "view": 0, "age": 68, "UTM_X": 562805.27560463233, "UTM_Y": 5282563.0983476192, "price": 370.0 }, "geometry": { "type": "Point", "coordinates": [ 562805.275604632333852, 5282563.098347619175911 ] } },
{ "type": "Feature", "properties": { "bathrooms": 1.0, "sqft_living": 1330, "sqft_lot": 5850, "grade": 7, "condition": 3, "waterfront": 0, "view": 0, "age": 61, "UTM_X": 552819.89662856061, "UTM_Y": 5266503.0998824611, "price": 320.00000000000023 }, "geometry": { "type": "Point", "coordinates": [ 552819.896628560614772, 5266503.099882461130619 ] } },
{ "type": "Feature", "properties": { "bathrooms": 2.75, "sqft_living": 2880, "sqft_lot": 4425, "grade": 8, "condition": 3, "waterfront": 0, "view": 0, "age": 10, "UTM_X": 566842.62586043659, "UTM_Y": 5283875.2713841517, "price": 733.00000000000045 }, "geometry": { "type": "Point", "coordinates": [ 566842.625860436586663, 5283875.271384151652455 ] } },
{ "type": "Feature", "properties": { "bathrooms": 1.0, "sqft_living": 860, "sqft_lot": 8308, "grade": 7, "condition": 4, "waterfront": 0, "view": 0, "age": 67, "UTM_X": 546913.50479061832, "UTM_Y": 5261751.3266509641, "price": 329.99999999999972 }, "geometry": { "type": "Point", "coordinates": [ 546913.504790618317202, 5261751.326650964096189 ] } },
{ "type": "Feature", "properties": { "bathrooms": 2.25, "sqft_living": 1360, "sqft_lot": 1041, "grade": 8, "condition": 3, "waterfront": 0, "view": 0, "age": 9, "UTM_X": 546898.48248806898, "UTM_Y": 5282312.9687038995, "price": 399.95 }, "geometry": { "type": "Point", "coordinates": [ 546898.482488068984821, 5282312.968703899532557 ] } },
{ "type": "Feature", "properties": { "bathrooms": 2.75, "sqft_living": 2830, "sqft_lot": 11795, "grade": 7, "condition": 4, "waterfront": 0, "view": 0, "age": 55, "UTM_X": 566321.70409187931, "UTM_Y": 5270308.7417381946, "price": 628.00000000000057 }, "geometry": { "type": "Point", "coordinates": [ 566321.704091879306361, 5270308.741738194599748 ] } },
{ "type": "Feature", "properties": { "bathrooms": 2.5, "sqft_living": 1960, "sqft_lot": 7230, "grade": 8, "condition": 3, "waterfront": 0, "view": 0, "age": 13, "UTM_X": 548396.49826046766, "UTM_Y": 5237090.0870022383, "price": 269.95 }, "geometry": { "type": "Point", "coordinates": [ 548396.498260467662476, 5237090.087002238258719 ] } },
{ "type": "Feature", "properties": { "bathrooms": 2.5, "sqft_living": 1790, "sqft_lot": 3962, "grade": 8, "condition": 3, "waterfront": 0, "view": 0, "age": 23, "UTM_X": 545700.59385000635, "UTM_Y": 5281958.8752086423, "price": 584.00000000000023 }, "geometry": { "type": "Point", "coordinates": [ 545700.593850006349385, 5281958.875208642333746 ] } },
{ "type": "Feature", "properties": { "bathrooms": 2.25, "sqft_living": 1347, "sqft_lot": 1292, "grade": 7, "condition": 3, "waterfront": 0, "view": 0, "age": 5, "UTM_X": 553162.84606556431, "UTM_Y": 5286601.6492943317, "price": 321.00000000000017 }, "geometry": { "type": "Point", "coordinates": [ 553162.846065564313903, 5286601.649294331669807 ] } },
{ "type": "Feature", "properties": { "bathrooms": 1.75, "sqft_living": 2150, "sqft_lot": 8555, "grade": 7, "condition": 4, "waterfront": 0, "view": 2, "age": 33, "UTM_X": 549297.97143728891, "UTM_Y": 5264760.6992410021, "price": 560.00000000000034 }, "geometry": { "type": "Point", "coordinates": [ 549297.971437288913876, 5264760.699241002090275 ] } },
{ "type": "Feature", "properties": { "bathrooms": 1.75, "sqft_living": 2440, "sqft_lot": 8100, "grade": 9, "condition": 4, "waterfront": 0, "view": 0, "age": 55, "UTM_X": 547923.69799289701, "UTM_Y": 5285388.9886328438, "price": 575.00000000000011 }, "geometry": { "type": "Point", "coordinates": [ 547923.697992897010408, 5285388.988632843829691 ] } },
{ "type": "Feature", "properties": { "bathrooms": 2.25, "sqft_living": 1760, "sqft_lot": 2122, "grade": 9, "condition": 3, "waterfront": 0, "view": 0, "age": 0, "UTM_X": 546261.98005169001, "UTM_Y": 5267947.9301610151, "price": 643.95 }, "geometry": { "type": "Point", "coordinates": [ 546261.980051690014079, 5267947.930161015130579 ] } },
{ "type": "Feature", "properties": { "bathrooms": 3.0, "sqft_living": 2530, "sqft_lot": 4560, "grade": 7, "condition": 3, "waterfront": 0, "view": 0, "age": 90, "UTM_X": 552590.31205840118, "UTM_Y": 5275270.4598424872, "price": 785.95 }, "geometry": { "type": "Point", "coordinates": [ 552590.312058401177637, 5275270.459842487238348 ] } },
{ "type": "Feature", "properties": { "bathrooms": 2.75, "sqft_living": 2430, "sqft_lot": 14861, "grade": 9, "condition": 3, "waterfront": 0, "view": 0, "age": 27, "UTM_X": 556445.31818405702, "UTM_Y": 5288355.4669403341, "price": 494.99999999999966 }, "geometry": { "type": "Point", "coordinates": [ 556445.318184057017788, 5288355.466940334066749 ] } },
{ "type": "Feature", "properties": { "bathrooms": 2.0, "sqft_living": 1330, "sqft_lot": 1042, "grade": 8, "condition": 3, "waterfront": 0, "view": 0, "age": 1, "UTM_X": 546497.46709967079, "UTM_Y": 5266716.1052016355, "price": 371.99999999999983 }, "geometry": { "type": "Point", "coordinates": [ 546497.467099670786411, 5266716.105201635509729 ] } },
{ "type": "Feature", "properties": { "bathrooms": 3.25, "sqft_living": 2960, "sqft_lot": 4296, "grade": 9, "condition": 3, "waterfront": 0, "view": 0, "age": 8, "UTM_X": 547159.5294885328, "UTM_Y": 5277880.3485096702, "price": 1134.9999999999993 }, "geometry": { "type": "Point", "coordinates": [ 547159.529488532803953, 5277880.348509670235217 ] } },
{ "type": "Feature", "properties": { "bathrooms": 1.5, "sqft_living": 982, "sqft_lot": 846, "grade": 8, "condition": 3, "waterfront": 0, "view": 0, "age": 9, "UTM_X": 549139.3576503417, "UTM_Y": 5283542.9838016378, "price": 249.99999999999994 }, "geometry": { "type": "Point", "coordinates": [ 549139.3576503416989, 5283542.983801637776196 ] } },
{ "type": "Feature", "properties": { "bathrooms": 2.5, "sqft_living": 1820, "sqft_lot": 16103, "grade": 7, "condition": 3, "waterfront": 0, "view": 0, "age": 11, "UTM_X": 560718.01695628883, "UTM_Y": 5244961.9113615528, "price": 265.00000000000006 }, "geometry": { "type": "Point", "coordinates": [ 560718.016956288833171, 5244961.911361552774906 ] } },
{ "type": "Feature", "properties": { "bathrooms": 2.5, "sqft_living": 1940, "sqft_lot": 4000, "grade": 9, "condition": 4, "waterfront": 0, "view": 0, "age": 15, "UTM_X": 545201.54769158491, "UTM_Y": 5278576.145935324, "price": 806.99999999999966 }, "geometry": { "type": "Point", "coordinates": [ 545201.547691584913991, 5278576.145935324020684 ] } },
{ "type": "Feature", "properties": { "bathrooms": 2.5, "sqft_living": 1850, "sqft_lot": 1499, "grade": 9, "condition": 3, "waterfront": 0, "view": 0, "age": 10, "UTM_X": 545361.6767443897, "UTM_Y": 5277299.220982844, "price": 535.0 }, "geometry": { "type": "Point", "coordinates": [ 545361.676744389696978, 5277299.220982844009995 ] } },
{ "type": "Feature", "properties": { "bathrooms": 1.0, "sqft_living": 1060, "sqft_lot": 5754, "grade": 6, "condition": 4, "waterfront": 0, "view": 0, "age": 98, "UTM_X": 547123.05381860875, "UTM_Y": 5282381.4727009134, "price": 395.35 }, "geometry": { "type": "Point", "coordinates": [ 547123.053818608750589, 5282381.472700913436711 ] } },
{ "type": "Feature", "properties": { "bathrooms": 2.5, "sqft_living": 1930, "sqft_lot": 7266, "grade": 8, "condition": 3, "waterfront": 0, "view": 0, "age": 10, "UTM_X": 551824.56676664797, "UTM_Y": 5285311.3396236608, "price": 490.00000000000023 }, "geometry": { "type": "Point", "coordinates": [ 551824.566766647971235, 5285311.339623660780489 ] } },
{ "type": "Feature", "properties": { "bathrooms": 3.5, "sqft_living": 2320, "sqft_lot": 4960, "grade": 7, "condition": 5, "waterfront": 0, "view": 0, "age": 89, "UTM_X": 548639.3977116968, "UTM_Y": 5280526.695612276, "price": 822.5 }, "geometry": { "type": "Point", "coordinates": [ 548639.397711696801707, 5280526.695612275972962 ] } },
{ "type": "Feature", "properties": { "bathrooms": 1.0, "sqft_living": 590, "sqft_lot": 833, "grade": 7, "condition": 4, "waterfront": 0, "view": 0, "age": 89, "UTM_X": 552686.03205826879, "UTM_Y": 5272992.8161412226, "price": 201.99999999999986 }, "geometry": { "type": "Point", "coordinates": [ 552686.032058268785477, 5272992.816141222603619 ] } },
{ "type": "Feature", "properties": { "bathrooms": 2.75, "sqft_living": 2050, "sqft_lot": 3320, "grade": 7, "condition": 4, "waterfront": 0, "view": 0, "age": 88, "UTM_X": 552471.8925689985, "UTM_Y": 5280070.9563048379, "price": 613.2 }, "geometry": { "type": "Point", "coordinates": [ 552471.89256899850443, 5280070.956304837949574 ] } },
{ "type": "Feature", "properties": { "bathrooms": 1.0, "sqft_living": 1430, "sqft_lot": 3000, "grade": 7, "condition": 3, "waterfront": 0, "view": 0, "age": 86, "UTM_X": 552352.13893682184, "UTM_Y": 5276690.9961884683, "price": 619.99999999999943 }, "geometry": { "type": "Point", "coordinates": [ 552352.138936821836978, 5276690.996188468299806 ] } },
{ "type": "Feature", "properties": { "bathrooms": 2.25, "sqft_living": 2420, "sqft_lot": 15482, "grade": 8, "condition": 4, "waterfront": 0, "view": 0, "age": 90, "UTM_X": 560447.45857119386, "UTM_Y": 5271123.0108082751, "price": 975.00000000000045 }, "geometry": { "type": "Point", "coordinates": [ 560447.458571193856187, 5271123.010808275081217 ] } },
{ "type": "Feature", "properties": { "bathrooms": 1.0, "sqft_living": 930, "sqft_lot": 11450, "grade": 6, "condition": 3, "waterfront": 0, "view": 0, "age": 69, "UTM_X": 555445.07785992266, "UTM_Y": 5259458.5597705878, "price": 189.99999999999994 }, "geometry": { "type": "Point", "coordinates": [ 555445.077859922661446, 5259458.559770587831736 ] } },
{ "type": "Feature", "properties": { "bathrooms": 2.5, "sqft_living": 2500, "sqft_lot": 7394, "grade": 9, "condition": 3, "waterfront": 0, "view": 0, "age": 25, "UTM_X": 561994.74137457833, "UTM_Y": 5288189.801756043, "price": 565.00000000000023 }, "geometry": { "type": "Point", "coordinates": [ 561994.741374578326941, 5288189.801756042987108 ] } },
{ "type": "Feature", "properties": { "bathrooms": 1.0, "sqft_living": 700, "sqft_lot": 5200, "grade": 5, "condition": 5, "waterfront": 0, "view": 0, "age": 63, "UTM_X": 562217.68576820311, "UTM_Y": 5260215.7227360634, "price": 199.95 }, "geometry": { "type": "Point", "coordinates": [ 562217.685768203111365, 5260215.722736063413322 ] } },
{ "type": "Feature", "properties": { "bathrooms": 1.0, "sqft_living": 1290, "sqft_lot": 6380, "grade": 7, "condition": 3, "waterfront": 0, "view": 0, "age": 85, "UTM_X": 551098.02882558643, "UTM_Y": 5282637.3496567318, "price": 790.00000000000068 }, "geometry": { "type": "Point", "coordinates": [ 551098.028825586428866, 5282637.349656731821597 ] } },
{ "type": "Feature", "properties": { "bathrooms": 1.0, "sqft_living": 1280, "sqft_lot": 4875, "grade": 6, "condition": 5, "waterfront": 0, "view": 0, "age": 46, "UTM_X": 569385.30972282623, "UTM_Y": 5246536.031192678, "price": 180.00000000000017 }, "geometry": { "type": "Point", "coordinates": [ 569385.309722826234065, 5246536.031192678026855 ] } },
{ "type": "Feature", "properties": { "bathrooms": 3.25, "sqft_living": 3250, "sqft_lot": 14342, "grade": 8, "condition": 4, "waterfront": 0, "view": 4, "age": 47, "UTM_X": 566465.50902213808, "UTM_Y": 5270888.3632482765, "price": 950.99999999999977 }, "geometry": { "type": "Point", "coordinates": [ 566465.509022138081491, 5270888.363248276524246 ] } },
{ "type": "Feature", "properties": { "bathrooms": 2.5, "sqft_living": 3040, "sqft_lot": 7200, "grade": 9, "condition": 3, "waterfront": 0, "view": 0, "age": 7, "UTM_X": 547499.0057253202, "UTM_Y": 5291454.1662560664, "price": 700.00000000000011 }, "geometry": { "type": "Point", "coordinates": [ 547499.005725320195779, 5291454.166256066411734 ] } },
{ "type": "Feature", "properties": { "bathrooms": 3.25, "sqft_living": 4560, "sqft_lot": 13363, "grade": 11, "condition": 3, "waterfront": 0, "view": 4, "age": 20, "UTM_X": 559060.60921412357, "UTM_Y": 5274421.0353243202, "price": 3200.0000000000023 }, "geometry": { "type": "Point", "coordinates": [ 559060.609214123571292, 5274421.035324320197105 ] } },
{ "type": "Feature", "properties": { "bathrooms": 2.75, "sqft_living": 2210, "sqft_lot": 13500, "grade": 7, "condition": 5, "waterfront": 0, "view": 0, "age": 52, "UTM_X": 554129.52628818783, "UTM_Y": 5255067.1684645824, "price": 314.00000000000023 }, "geometry": { "type": "Point", "coordinates": [ 554129.526288187829778, 5255067.168464582413435 ] } },
{ "type": "Feature", "properties": { "bathrooms": 2.25, "sqft_living": 2290, "sqft_lot": 12174, "grade": 7, "condition": 3, "waterfront": 1, "view": 4, "age": 67, "UTM_X": 556849.18786900549, "UTM_Y": 5262272.8969107382, "price": 840.5 }, "geometry": { "type": "Point", "coordinates": [ 556849.1878690054873, 5262272.896910738199949 ] } },
{ "type": "Feature", "properties": { "bathrooms": 3.5, "sqft_living": 4390, "sqft_lot": 10140, "grade": 9, "condition": 3, "waterfront": 0, "view": 0, "age": 10, "UTM_X": 553851.2919148847, "UTM_Y": 5285140.8248010743, "price": 971.00000000000057 }, "geometry": { "type": "Point", "coordinates": [ 553851.291914884699509, 5285140.82480107434094 ] } }
]
}
